docname,from,to,pre,keyword,post,pattern
america_is_always_disappointing_her_michelle_obama_trashed_for_racist_last_ditch_kamala_pitch.txt_2,17,17,‘ America Is Always Disappointing Her ’ : Michelle Obama Trashed For ‘ Racist ’ Last-Ditch,Kamala,Pitch,kamala
america_is_always_disappointing_her_michelle_obama_trashed_for_racist_last_ditch_kamala_pitch.txt_8,3,3,""" Expecting",Kamala,"to ' dazzle ' us ? What we want is for her to spit out two coherent sentences . . . """,kamala
america_is_always_disappointing_her_michelle_obama_trashed_for_racist_last_ditch_kamala_pitch.txt_9,14,14,Former First Lady Michelle Obama has hit the campaign trail for Vice President,Kamala,Harris — but critics are panning her 11th-hour sales pitch as “ racist ” and “ sexist ” and saying that her words reveal more about her than they do about Harris .,kamala
america_is_always_disappointing_her_michelle_obama_trashed_for_racist_last_ditch_kamala_pitch.txt_9,15,15,Former First Lady Michelle Obama has hit the campaign trail for Vice President Kamala,Harris,— but critics are panning her 11th-hour sales pitch as “ racist ” and “ sexist ” and saying that her words reveal more about her than they do about Harris .,harris
america_is_always_disappointing_her_michelle_obama_trashed_for_racist_last_ditch_kamala_pitch.txt_9,46,46,Former First Lady Michelle Obama has hit the campaign trail for Vice President Kamala Harris — but critics are panning her 11th-hour sales pitch as “ racist ” and “ sexist ” and saying that her words reveal more about her than they do about,Harris,.,harris
america_is_always_disappointing_her_michelle_obama_trashed_for_racist_last_ditch_kamala_pitch.txt_10,6,6,Obama ignored the possibility that,Harris,"— who catapulted to the top of the Democratic ticket on the tidal wave of President Joe Biden’s ouster from the race — was simply a weak and unlikable candidate , and instead argued that the voters were the only possible weak link in the chain . That , she",harris
america_is_always_disappointing_her_michelle_obama_trashed_for_racist_last_ditch_kamala_pitch.txt_12,11,11,🚨 Michele Obama suggests Americans who don’t vote to elect,Kamala,Harris are sexist and racist :,kamala
america_is_always_disappointing_her_michelle_obama_trashed_for_racist_last_ditch_kamala_pitch.txt_12,12,12,🚨 Michele Obama suggests Americans who don’t vote to elect Kamala,Harris,are sexist and racist :,harris
america_is_always_disappointing_her_michelle_obama_trashed_for_racist_last_ditch_kamala_pitch.txt_13,22,22,“ I lay awake at night wondering what in the world is going on . The qustion for me isn't whether,Kamala,"is ready for this moment … the real question is , as a country , are we ready for … pic.twitter.com / 4Muun9vhZ2",kamala
america_is_always_disappointing_her_michelle_obama_trashed_for_racist_last_ditch_kamala_pitch.txt_13,27,27,“ I lay awake at night wondering what in the world is going on . The qustion for me isn't whether Kamala is ready for this,moment,"… the real question is , as a country , are we ready for … pic.twitter.com / 4Muun9vhZ2",men
america_is_always_disappointing_her_michelle_obama_trashed_for_racist_last_ditch_kamala_pitch.txt_16,45,45,"“ I gotta ask myself , why on earth is this race even close ? ” Obama began . “ I lay awake at night wondering what in the world is going on . And it’s clear to me that the question isn’t whether",Kamala,"is ready for this moment because by every measure , she has demonstrated that she’s ready . The real — the real question is , as a country , are we ready for this moment ? ”",kamala
america_is_always_disappointing_her_michelle_obama_trashed_for_racist_last_ditch_kamala_pitch.txt_16,50,50,"“ I gotta ask myself , why on earth is this race even close ? ” Obama began . “ I lay awake at night wondering what in the world is going on . And it’s clear to me that the question isn’t whether Kamala is ready for this",moment,"because by every measure , she has demonstrated that she’s ready . The real — the real question is , as a country , are we ready for this moment ? ”",men
america_is_always_disappointing_her_michelle_obama_trashed_for_racist_last_ditch_kamala_pitch.txt_16,80,80,"world is going on . And it’s clear to me that the question isn’t whether Kamala is ready for this moment because by every measure , she has demonstrated that she’s ready . The real — the real question is , as a country , are we ready for this",moment,? ”,men
america_is_always_disappointing_her_michelle_obama_trashed_for_racist_last_ditch_kamala_pitch.txt_17,44,44,"“ Poor Michele . America is always disappointing her , ” Fox News senior political analyst Brit Hume said , referencing the former first lady’s claim that she could finally be proud of the United States after her husband was elected the first",black,president .,black
america_is_always_disappointing_her_michelle_obama_trashed_for_racist_last_ditch_kamala_pitch.txt_25,15,15,"Obama didn’t stop with just that , however . She went on to trash",Trump,"repeatedly , suggesting that his supporters were at the very least “ indifferent ” to all of the terrible things he would bring with him into the Oval Office if elected to a second term .",trump
america_is_always_disappointing_her_michelle_obama_trashed_for_racist_last_ditch_kamala_pitch.txt_26,22,22,“ I hope that you will forgive me if I’m a little frustrated that some of us are choosing to ignore,Donald,"Trump’s gross incompetence while asking Kamala to dazzle us at every turn . I hope that you will forgive me if I’m a little angry that we are indifferent to Donald Trump’s erratic behavior . His obvious mental decline , his history as a convicted felon , a known slumlord",donald
america_is_always_disappointing_her_michelle_obama_trashed_for_racist_last_ditch_kamala_pitch.txt_26,23,23,“ I hope that you will forgive me if I’m a little frustrated that some of us are choosing to ignore Donald,Trump’s,"gross incompetence while asking Kamala to dazzle us at every turn . I hope that you will forgive me if I’m a little angry that we are indifferent to Donald Trump’s erratic behavior . His obvious mental decline , his history as a convicted felon , a known slumlord ,",trump
america_is_always_disappointing_her_michelle_obama_trashed_for_racist_last_ditch_kamala_pitch.txt_26,28,28,“ I hope that you will forgive me if I’m a little frustrated that some of us are choosing to ignore Donald Trump’s gross incompetence while asking,Kamala,"to dazzle us at every turn . I hope that you will forgive me if I’m a little angry that we are indifferent to Donald Trump’s erratic behavior . His obvious mental decline , his history as a convicted felon , a known slumlord , a predator found liable for",kamala
america_is_always_disappointing_her_michelle_obama_trashed_for_racist_last_ditch_kamala_pitch.txt_26,53,53,hope that you will forgive me if I’m a little frustrated that some of us are choosing to ignore Donald Trump’s gross incompetence while asking Kamala to dazzle us at every turn . I hope that you will forgive me if I’m a little angry that we are indifferent to,Donald,"Trump’s erratic behavior . His obvious mental decline , his history as a convicted felon , a known slumlord , a predator found liable for sexual abuse . All of this while we pick apart Kamala’s answers from interviews that he doesn’t even have the courage to do , ”",donald
america_is_always_disappointing_her_michelle_obama_trashed_for_racist_last_ditch_kamala_pitch.txt_26,54,54,that you will forgive me if I’m a little frustrated that some of us are choosing to ignore Donald Trump’s gross incompetence while asking Kamala to dazzle us at every turn . I hope that you will forgive me if I’m a little angry that we are indifferent to Donald,Trump’s,"erratic behavior . His obvious mental decline , his history as a convicted felon , a known slumlord , a predator found liable for sexual abuse . All of this while we pick apart Kamala’s answers from interviews that he doesn’t even have the courage to do , ” she",trump
america_is_always_disappointing_her_michelle_obama_trashed_for_racist_last_ditch_kamala_pitch.txt_26,60,60,I’m a little frustrated that some of us are choosing to ignore Donald Trump’s gross incompetence while asking Kamala to dazzle us at every turn . I hope that you will forgive me if I’m a little angry that we are indifferent to Donald Trump’s erratic behavior . His obvious,mental,"decline , his history as a convicted felon , a known slumlord , a predator found liable for sexual abuse . All of this while we pick apart Kamala’s answers from interviews that he doesn’t even have the courage to do , ” she said on a Michigan stage just",men
america_is_always_disappointing_her_michelle_obama_trashed_for_racist_last_ditch_kamala_pitch.txt_26,89,89,"you will forgive me if I’m a little angry that we are indifferent to Donald Trump’s erratic behavior . His obvious mental decline , his history as a convicted felon , a known slumlord , a predator found liable for sexual abuse . All of this while we pick apart",Kamala’s,"answers from interviews that he doesn’t even have the courage to do , ” she said on a Michigan stage just hours after Trump’s three-hour Joe Rogan interview — which Harris refused to do — went live .",kamala
america_is_always_disappointing_her_michelle_obama_trashed_for_racist_last_ditch_kamala_pitch.txt_26,113,113,"his history as a convicted felon , a known slumlord , a predator found liable for sexual abuse . All of this while we pick apart Kamala’s answers from interviews that he doesn’t even have the courage to do , ” she said on a Michigan stage just hours after",Trump’s,three-hour Joe Rogan interview — which Harris refused to do — went live .,trump
america_is_always_disappointing_her_michelle_obama_trashed_for_racist_last_ditch_kamala_pitch.txt_26,120,120,"a known slumlord , a predator found liable for sexual abuse . All of this while we pick apart Kamala’s answers from interviews that he doesn’t even have the courage to do , ” she said on a Michigan stage just hours after Trump’s three-hour Joe Rogan interview — which",Harris,refused to do — went live .,harris
america_is_always_disappointing_her_michelle_obama_trashed_for_racist_last_ditch_kamala_pitch.txt_27,21,21,. @MichelleObama : I hope that you will forgive me if I'm a little angry that we are indifferent to,Donald,"Trump’s erratic behavior . His obvious mental decline , his history as a convicted felon , a known slumlord , a predator found liable for sexual abuse . All of this while we pick … pic.twitter.com / a2RrXJbWN9",donald
america_is_always_disappointing_her_michelle_obama_trashed_for_racist_last_ditch_kamala_pitch.txt_27,22,22,. @MichelleObama : I hope that you will forgive me if I'm a little angry that we are indifferent to Donald,Trump’s,"erratic behavior . His obvious mental decline , his history as a convicted felon , a known slumlord , a predator found liable for sexual abuse . All of this while we pick … pic.twitter.com / a2RrXJbWN9",trump
america_is_always_disappointing_her_michelle_obama_trashed_for_racist_last_ditch_kamala_pitch.txt_27,28,28,. @MichelleObama : I hope that you will forgive me if I'm a little angry that we are indifferent to Donald Trump’s erratic behavior . His obvious,mental,"decline , his history as a convicted felon , a known slumlord , a predator found liable for sexual abuse . All of this while we pick … pic.twitter.com / a2RrXJbWN9",men
america_is_always_disappointing_her_michelle_obama_trashed_for_racist_last_ditch_kamala_pitch.txt_28,2,2,—,Kamala,"HQ ( @KamalaHQ ) October 26 , 2024",kamala
america_is_always_disappointing_her_michelle_obama_trashed_for_racist_last_ditch_kamala_pitch.txt_28,5,5,— Kamala HQ (,@KamalaHQ,") October 26 , 2024",kamala
america_is_always_disappointing_her_michelle_obama_trashed_for_racist_last_ditch_kamala_pitch.txt_30,8,8,Megyn Kelly unloaded on Obama for that,comment,", arguing that no one expected Harris to “ dazzle ” anyone — they just wanted a coherent answer to a question or two about policy .",men
america_is_always_disappointing_her_michelle_obama_trashed_for_racist_last_ditch_kamala_pitch.txt_30,15,15,"Megyn Kelly unloaded on Obama for that comment , arguing that no one expected",Harris,to “ dazzle ” anyone — they just wanted a coherent answer to a question or two about policy .,harris
america_is_always_disappointing_her_michelle_obama_trashed_for_racist_last_ditch_kamala_pitch.txt_31,3,3,“ Expecting,Kamala,"to ‘ dazzle ’ us ? What we want is for her to spit out two coherent sentences that reflect ANY evidence — any at all — of a deep thinking , considered , authentic person , ” she said .",kamala
america_is_always_disappointing_her_michelle_obama_trashed_for_racist_last_ditch_kamala_pitch.txt_32,2,2,Expecting,Kamala,"to “ dazzle ” us ? What we want is for her to spit out two coherent sentences that reflect ANY evidence – any at all – of a deep thinking , considered , authentic person . : / / t.co / l4HoPKOQ3l",kamala
ben_shapiro_breaks_down_kamala_harris_fox_news_interview_full_scale_disaster.txt_39,5,5,Ben Shapiro Breaks Down,Kamala,Harris ’ Fox News Interview : ‘ Full-Scale Disaster ’,kamala
ben_shapiro_breaks_down_kamala_harris_fox_news_interview_full_scale_disaster.txt_39,6,6,Ben Shapiro Breaks Down Kamala,Harris,’ Fox News Interview : ‘ Full-Scale Disaster ’,harris
ben_shapiro_breaks_down_kamala_harris_fox_news_interview_full_scale_disaster.txt_46,10,10,Daily Wire editor emeritus Ben Shapiro reviewed Vice President,Kamala,"Harris ’ interview on Fox News after it aired on Wednesday evening , calling it a “ full-scale disaster area ” for her campaign for president .",kamala
ben_shapiro_breaks_down_kamala_harris_fox_news_interview_full_scale_disaster.txt_46,11,11,Daily Wire editor emeritus Ben Shapiro reviewed Vice President Kamala,Harris,"’ interview on Fox News after it aired on Wednesday evening , calling it a “ full-scale disaster area ” for her campaign for president .",harris
ben_shapiro_breaks_down_kamala_harris_fox_news_interview_full_scale_disaster.txt_47,1,1,,Harris,sat for an interview with Fox News host Bret Baier on Wednesday . The roughly 25-minute sit-down was arguably her toughest interview yet in a campaign that has been light on opportunities for direct media scrutiny .,harris
ben_shapiro_breaks_down_kamala_harris_fox_news_interview_full_scale_disaster.txt_49,5,5,"“ So listen ,",Kamala,"Harris has been avoiding difficult interviews this entire election cycle . The most difficult interview she did was with Bill Whitaker , and ‘ 60 Minutes ’ chopped it up to make her look better . That did not happen with Bret Baier and it was a full-scale disaster area",kamala
ben_shapiro_breaks_down_kamala_harris_fox_news_interview_full_scale_disaster.txt_49,6,6,"“ So listen , Kamala",Harris,"has been avoiding difficult interviews this entire election cycle . The most difficult interview she did was with Bill Whitaker , and ‘ 60 Minutes ’ chopped it up to make her look better . That did not happen with Bret Baier and it was a full-scale disaster area for",harris
ben_shapiro_breaks_down_kamala_harris_fox_news_interview_full_scale_disaster.txt_50,10,10,The Daily Wire host then went through some of,Harris,"’ worst moments , beginning with the first issue of the interview : immigration . Baier questioned Harris on the Biden administration’s decision to repeal dozens of executive orders on border policy implemented under the previous Trump administration and the impact that decision had on the unprecedented wave of illegal",harris
ben_shapiro_breaks_down_kamala_harris_fox_news_interview_full_scale_disaster.txt_50,13,13,The Daily Wire host then went through some of Harris ’ worst,moments,", beginning with the first issue of the interview : immigration . Baier questioned Harris on the Biden administration’s decision to repeal dozens of executive orders on border policy implemented under the previous Trump administration and the impact that decision had on the unprecedented wave of illegal immigration that has",men
ben_shapiro_breaks_down_kamala_harris_fox_news_interview_full_scale_disaster.txt_50,24,24,"The Daily Wire host then went through some of Harris ’ worst moments , beginning with the first issue of the interview :",immigration,. Baier questioned Harris on the Biden administration’s decision to repeal dozens of executive orders on border policy implemented under the previous Trump administration and the impact that decision had on the unprecedented wave of illegal immigration that has taken place in the past four years .,immigration
ben_shapiro_breaks_down_kamala_harris_fox_news_interview_full_scale_disaster.txt_50,28,28,"The Daily Wire host then went through some of Harris ’ worst moments , beginning with the first issue of the interview : immigration . Baier questioned",Harris,on the Biden administration’s decision to repeal dozens of executive orders on border policy implemented under the previous Trump administration and the impact that decision had on the unprecedented wave of illegal immigration that has taken place in the past four years .,harris
ben_shapiro_breaks_down_kamala_harris_fox_news_interview_full_scale_disaster.txt_50,43,43,"The Daily Wire host then went through some of Harris ’ worst moments , beginning with the first issue of the interview : immigration . Baier questioned Harris on the Biden administration’s decision to repeal dozens of executive orders on border policy",implemented,under the previous Trump administration and the impact that decision had on the unprecedented wave of illegal immigration that has taken place in the past four years .,men
ben_shapiro_breaks_down_kamala_harris_fox_news_interview_full_scale_disaster.txt_50,47,47,"The Daily Wire host then went through some of Harris ’ worst moments , beginning with the first issue of the interview : immigration . Baier questioned Harris on the Biden administration’s decision to repeal dozens of executive orders on border policy implemented under the previous",Trump,administration and the impact that decision had on the unprecedented wave of illegal immigration that has taken place in the past four years .,trump
ben_shapiro_breaks_down_kamala_harris_fox_news_interview_full_scale_disaster.txt_50,61,61,"’ worst moments , beginning with the first issue of the interview : immigration . Baier questioned Harris on the Biden administration’s decision to repeal dozens of executive orders on border policy implemented under the previous Trump administration and the impact that decision had on the unprecedented wave of illegal",immigration,that has taken place in the past four years .,immigration
ben_shapiro_breaks_down_kamala_harris_fox_news_interview_full_scale_disaster.txt_51,34,34,"“ She immediately swiveled . She will not answer the question , ” Shapiro said . “ She won’t just say , listen , we blew it at the beginning . We reversed",Donald,"Trump’s executive orders . We got it right now . We understand the problem . … But she can’t do that because she also wants to say that she owns it , that she was involved in every decision . ”",donald
ben_shapiro_breaks_down_kamala_harris_fox_news_interview_full_scale_disaster.txt_51,35,35,"“ She immediately swiveled . She will not answer the question , ” Shapiro said . “ She won’t just say , listen , we blew it at the beginning . We reversed Donald",Trump’s,"executive orders . We got it right now . We understand the problem . … But she can’t do that because she also wants to say that she owns it , that she was involved in every decision . ”",trump
ben_shapiro_breaks_down_kamala_harris_fox_news_interview_full_scale_disaster.txt_53,1,1,,Harris,"struggled to field questions on her pitch to “ turn the page ” on her term as vice president , rationalize why nearly 80 % of Americans believe the country is on the “ wrong track , ” her past support of taxpayer-funded sex change surgeries for illegal immigrants and",harris
ben_shapiro_breaks_down_kamala_harris_fox_news_interview_full_scale_disaster.txt_53,50,50,"Harris struggled to field questions on her pitch to “ turn the page ” on her term as vice president , rationalize why nearly 80 % of Americans believe the country is on the “ wrong track , ” her past support of taxpayer-funded sex change surgeries for illegal",immigrants,"and inmates , her defense of President Joe Biden’s mental acuity , and other topics . Throughout the interview , she overwhelmingly preferred to redirect to former president Donald Trump than to answer questions about her record in the Biden administration .",immigrant
ben_shapiro_breaks_down_kamala_harris_fox_news_interview_full_scale_disaster.txt_53,60,60,"“ turn the page ” on her term as vice president , rationalize why nearly 80 % of Americans believe the country is on the “ wrong track , ” her past support of taxpayer-funded sex change surgeries for illegal immigrants and inmates , her defense of President Joe Biden’s",mental,"acuity , and other topics . Throughout the interview , she overwhelmingly preferred to redirect to former president Donald Trump than to answer questions about her record in the Biden administration .",men
ben_shapiro_breaks_down_kamala_harris_fox_news_interview_full_scale_disaster.txt_53,79,79,"believe the country is on the “ wrong track , ” her past support of taxpayer-funded sex change surgeries for illegal immigrants and inmates , her defense of President Joe Biden’s mental acuity , and other topics . Throughout the interview , she overwhelmingly preferred to redirect to former president",Donald,Trump than to answer questions about her record in the Biden administration .,donald
ben_shapiro_breaks_down_kamala_harris_fox_news_interview_full_scale_disaster.txt_53,80,80,"the country is on the “ wrong track , ” her past support of taxpayer-funded sex change surgeries for illegal immigrants and inmates , her defense of President Joe Biden’s mental acuity , and other topics . Throughout the interview , she overwhelmingly preferred to redirect to former president Donald",Trump,than to answer questions about her record in the Biden administration .,trump
ben_shapiro_breaks_down_kamala_harris_fox_news_interview_full_scale_disaster.txt_55,27,27,"“ The only thing she’s got at all in this election cycle , the only thing she’s got and everybody knows it is ” talking about",Trump,", he continued . “ But here is the problem : the minute you dig below the surface , what you realize is that she is an empty vessel for the entire Biden administration agenda . And she’s not particularly smart . She doesn’t know her own policies well enough",trump
ben_shapiro_breaks_down_kamala_harris_fox_news_interview_full_scale_disaster.txt_56,5,5,My instant reaction to,Kamala,"Harris ' interview with Bret Baier . Let's just say it didn't go well . As in , the Hindenburg levels of not well . pic.twitter.com / HuLFkLv9rS",kamala
ben_shapiro_breaks_down_kamala_harris_fox_news_interview_full_scale_disaster.txt_56,6,6,My instant reaction to Kamala,Harris,"' interview with Bret Baier . Let's just say it didn't go well . As in , the Hindenburg levels of not well . pic.twitter.com / HuLFkLv9rS",harris
biden_harris_admin_altered_transcript_of_bidens_garbage_insult_could_have_broken_law.txt_63,1,1,,Biden-Harris,"Admin Altered Transcript Of Biden’s ‘ Garbage ’ Insult , Could Have Broken Law",harris
biden_harris_admin_altered_transcript_of_bidens_garbage_insult_could_have_broken_law.txt_63,4,4,Biden-Harris Admin Altered,Transcript,"Of Biden’s ‘ Garbage ’ Insult , Could Have Broken Law",trans
biden_harris_admin_altered_transcript_of_bidens_garbage_insult_could_have_broken_law.txt_70,4,4,Officials in the,Biden-Harris,White House altered the official transcript of President Joe Biden’s remarks earlier this week where he referred to tens of millions of supporters of former President Donald Trump as “ garbage . ”,harris
biden_harris_admin_altered_transcript_of_bidens_garbage_insult_could_have_broken_law.txt_70,10,10,Officials in the Biden-Harris White House altered the official,transcript,of President Joe Biden’s remarks earlier this week where he referred to tens of millions of supporters of former President Donald Trump as “ garbage . ”,trans
biden_harris_admin_altered_transcript_of_bidens_garbage_insult_could_have_broken_law.txt_70,31,31,Officials in the Biden-Harris White House altered the official transcript of President Joe Biden’s remarks earlier this week where he referred to tens of millions of supporters of former President,Donald,Trump as “ garbage . ”,donald
biden_harris_admin_altered_transcript_of_bidens_garbage_insult_could_have_broken_law.txt_70,32,32,Officials in the Biden-Harris White House altered the official transcript of President Joe Biden’s remarks earlier this week where he referred to tens of millions of supporters of former President Donald,Trump,as “ garbage . ”,trump
biden_harris_admin_altered_transcript_of_bidens_garbage_insult_could_have_broken_law.txt_71,11,11,The Associated Press reported that the fraudulent alteration of official,government,records drew objections from the federal workers who document all of the president’s remarks for historical reference .,men
biden_harris_admin_altered_transcript_of_bidens_garbage_insult_could_have_broken_law.txt_71,20,20,The Associated Press reported that the fraudulent alteration of official government records drew objections from the federal workers who,document,all of the president’s remarks for historical reference .,men
biden_harris_admin_altered_transcript_of_bidens_garbage_insult_could_have_broken_law.txt_73,3,3,"However ,",Biden-Harris,"officials altered the quote by adding an apostrophe , changing it to “ supporter’s ” instead of “ supporters . ”",harris
biden_harris_admin_altered_transcript_of_bidens_garbage_insult_could_have_broken_law.txt_75,23,23,"Federal officials pushed back , noting that the interference by the White House was “ a breach of protocol and spoilation of",transcript,integrity between the Stenography and Press Offices . ”,trans
biden_harris_admin_altered_transcript_of_bidens_garbage_insult_could_have_broken_law.txt_77,18,18,"“ If there is a difference in interpretation , the Press Office may choose to withhold the",transcript,"but cannot edit it independently , ” the supervisor wrote . “ Our Stenography Office transcript — released to our distro , which includes the National Archives — is now different than the version edited and released to the public by Press Office staff . ”",trans
biden_harris_admin_altered_transcript_of_bidens_garbage_insult_could_have_broken_law.txt_77,34,34,"“ If there is a difference in interpretation , the Press Office may choose to withhold the transcript but cannot edit it independently , ” the supervisor wrote . “ Our Stenography Office",transcript,"— released to our distro , which includes the National Archives — is now different than the version edited and released to the public by Press Office staff . ”",trans
biden_harris_admin_altered_transcript_of_bidens_garbage_insult_could_have_broken_law.txt_78,17,17,"The supervisor , who is a career White House employee , said that urgency of a",transcript’s,release was not their concern and that what mattered was that it was authentic and legitimate .,trans
biden_harris_admin_altered_transcript_of_bidens_garbage_insult_could_have_broken_law.txt_80,32,32,House Republican Conference Chairwoman Elise Stefanik ( R-NY ) and House Oversight and Accountability Chairman James Comer ( R-KY ) on Wednesday accused White House staff of “ releasing a false,transcript,"” of Biden’s remarks , and said that they were considering opening an investigation into the matter .",trans
biden_harris_admin_altered_transcript_of_bidens_garbage_insult_could_have_broken_law.txt_81,20,20,"“ Unsurprising too were the White House’s actions after he said them , ” they said in a joint",statement,". “ Instead of apologizing or clarifying President Biden’s words , the White House instead sought to change them ( despite them being recorded on video ) by releasing a false transcript of his remarks . ”",men
biden_harris_admin_altered_transcript_of_bidens_garbage_insult_could_have_broken_law.txt_81,52,52,"Unsurprising too were the White House’s actions after he said them , ” they said in a joint statement . “ Instead of apologizing or clarifying President Biden’s words , the White House instead sought to change them ( despite them being recorded on video ) by releasing a false",transcript,of his remarks . ”,trans
biden_harris_admins_illegal_immigration_numbers_are_25_higher_than_reported_study.txt_87,1,1,,Biden-Harris,Admin’s Illegal Immigration Numbers Are 25 % Higher Than Reported : Study,harris
biden_harris_admins_illegal_immigration_numbers_are_25_higher_than_reported_study.txt_87,4,4,Biden-Harris Admin’s Illegal,Immigration,Numbers Are 25 % Higher Than Reported : Study,immigration
biden_harris_admins_illegal_immigration_numbers_are_25_higher_than_reported_study.txt_94,5,5,The number of illegal,immigrants,who entered the U.S . under the Biden-Harris administration is reportedly 25 % higher than what the administration claims .,immigrant
biden_harris_admins_illegal_immigration_numbers_are_25_higher_than_reported_study.txt_94,13,13,The number of illegal immigrants who entered the U.S . under the,Biden-Harris,administration is reportedly 25 % higher than what the administration claims .,harris
biden_harris_admins_illegal_immigration_numbers_are_25_higher_than_reported_study.txt_95,32,32,"That’s because the official numbers don’t include those who were able to escape from Border Patrol , known as “ gotaways . ” When including gotaways , the number of illegal",immigrants,"who entered the U.S . increased by 25 % , The Telegraph reported ,",immigrant
biden_harris_admins_illegal_immigration_numbers_are_25_higher_than_reported_study.txt_96,4,4,According to the,Biden-Harris,"administration , about 7.15 million people have attempted to enter the country illegally since President Joe Biden and Vice President Kamala Harris ’ first full month in office . But a Freedom of Information request from the Telegraph found that Border Patrol believes another 1.8 million illegal immigrants crossed the",harris
biden_harris_admins_illegal_immigration_numbers_are_25_higher_than_reported_study.txt_96,25,25,"According to the Biden-Harris administration , about 7.15 million people have attempted to enter the country illegally since President Joe Biden and Vice President",Kamala,"Harris ’ first full month in office . But a Freedom of Information request from the Telegraph found that Border Patrol believes another 1.8 million illegal immigrants crossed the U.S . borders without being apprehended , for a total of around 8.95 million .",kamala
biden_harris_admins_illegal_immigration_numbers_are_25_higher_than_reported_study.txt_96,26,26,"According to the Biden-Harris administration , about 7.15 million people have attempted to enter the country illegally since President Joe Biden and Vice President Kamala",Harris,"’ first full month in office . But a Freedom of Information request from the Telegraph found that Border Patrol believes another 1.8 million illegal immigrants crossed the U.S . borders without being apprehended , for a total of around 8.95 million .",harris
biden_harris_admins_illegal_immigration_numbers_are_25_higher_than_reported_study.txt_96,52,52,"to the Biden-Harris administration , about 7.15 million people have attempted to enter the country illegally since President Joe Biden and Vice President Kamala Harris ’ first full month in office . But a Freedom of Information request from the Telegraph found that Border Patrol believes another 1.8 million illegal",immigrants,"crossed the U.S . borders without being apprehended , for a total of around 8.95 million .",immigrant
biden_harris_admins_illegal_immigration_numbers_are_25_higher_than_reported_study.txt_97,15,15,"Simon Hankinson , a research fellow at the conservative Heritage Foundation who focuses on",immigration,", told the Telegraph he thought the administration was engaging in “ deliberate obfuscation . ”",immigration
biden_harris_admins_illegal_immigration_numbers_are_25_higher_than_reported_study.txt_98,7,7,“ They have essentially laundered illegal,immigration,", ” he added .",immigration
biden_harris_admins_illegal_immigration_numbers_are_25_higher_than_reported_study.txt_100,20,20,"Gotaways aren’t traditionally included in official figures , even under Republican presidents , but it’s no secret that illegal",immigration,increased exponentially under the Biden-Harris administration .,immigration
biden_harris_admins_illegal_immigration_numbers_are_25_higher_than_reported_study.txt_100,25,25,"Gotaways aren’t traditionally included in official figures , even under Republican presidents , but it’s no secret that illegal immigration increased exponentially under the",Biden-Harris,administration .,harris
biden_harris_admins_illegal_immigration_numbers_are_25_higher_than_reported_study.txt_101,24,24,"It has particularly increased in swing states since 2021 , The Daily Wire reported , adding to concerns that Democrats are using illegal",immigration,"in an attempt to win elections . A report from MarketWatch found that Michigan saw a 775 % increase in its population of illegal immigrants since 2021 , an increase that can make a real difference in a state Biden won by 150,000 votes in 2020 and that former President",immigration
biden_harris_admins_illegal_immigration_numbers_are_25_higher_than_reported_study.txt_101,49,49,"It has particularly increased in swing states since 2021 , The Daily Wire reported , adding to concerns that Democrats are using illegal immigration in an attempt to win elections . A report from MarketWatch found that Michigan saw a 775 % increase in its population of illegal",immigrants,"since 2021 , an increase that can make a real difference in a state Biden won by 150,000 votes in 2020 and that former President Donald Trump won by just 11,000 votes in 2016 .",immigrant
biden_harris_admins_illegal_immigration_numbers_are_25_higher_than_reported_study.txt_101,75,75,"in an attempt to win elections . A report from MarketWatch found that Michigan saw a 775 % increase in its population of illegal immigrants since 2021 , an increase that can make a real difference in a state Biden won by 150,000 votes in 2020 and that former President",Donald,"Trump won by just 11,000 votes in 2016 .",donald
biden_harris_admins_illegal_immigration_numbers_are_25_higher_than_reported_study.txt_101,76,76,"an attempt to win elections . A report from MarketWatch found that Michigan saw a 775 % increase in its population of illegal immigrants since 2021 , an increase that can make a real difference in a state Biden won by 150,000 votes in 2020 and that former President Donald",Trump,"won by just 11,000 votes in 2016 .",trump
biden_harris_admins_illegal_immigration_numbers_are_25_higher_than_reported_study.txt_102,5,5,The population of illegal,immigrants,"rose by 734 % in Arizona , where Biden beat Trump in 2020 by just 11,000 votes , and 562 % in Nevada .",immigrant
biden_harris_admins_illegal_immigration_numbers_are_25_higher_than_reported_study.txt_102,16,16,"The population of illegal immigrants rose by 734 % in Arizona , where Biden beat",Trump,"in 2020 by just 11,000 votes , and 562 % in Nevada .",trump
biden_harris_admins_illegal_immigration_numbers_are_25_higher_than_reported_study.txt_103,3,3,Wisconsin’s illegal,immigrant,"population surged by 467 % , Georgia’s by 401 % , and North Carolina’s by 446 % in the same time frame . Pennsylvania also saw a 241 % increase in its illegal immigrant population .",immigrant
biden_harris_admins_illegal_immigration_numbers_are_25_higher_than_reported_study.txt_103,37,37,"Wisconsin’s illegal immigrant population surged by 467 % , Georgia’s by 401 % , and North Carolina’s by 446 % in the same time frame . Pennsylvania also saw a 241 % increase in its illegal",immigrant,population .,immigrant
biden_harris_admins_illegal_immigration_numbers_are_25_higher_than_reported_study.txt_104,2,2,The,Biden-Harris,"administration is also providing “ quiet amnesty ” to nearly one million illegal immigrants so far , according to a report from the Republican-controlled House Judiciary Committee .",harris
biden_harris_admins_illegal_immigration_numbers_are_25_higher_than_reported_study.txt_104,16,16,The Biden-Harris administration is also providing “ quiet amnesty ” to nearly one million illegal,immigrants,"so far , according to a report from the Republican-controlled House Judiciary Committee .",immigrant
biden_harris_admins_illegal_immigration_numbers_are_25_higher_than_reported_study.txt_105,7,7,"“ Through administrative maneuvering , the",Biden-Harris,"Justice Department and Department of Homeland Security have caused the immigration court backlog to skyrocket , adding over 3.7 million new cases since fiscal year 2021 , ” the committee said in a press release .",harris
biden_harris_admins_illegal_immigration_numbers_are_25_higher_than_reported_study.txt_105,9,9,"“ Through administrative maneuvering , the Biden-Harris Justice",Department,"and Department of Homeland Security have caused the immigration court backlog to skyrocket , adding over 3.7 million new cases since fiscal year 2021 , ” the committee said in a press release .",men
biden_harris_admins_illegal_immigration_numbers_are_25_higher_than_reported_study.txt_105,11,11,"“ Through administrative maneuvering , the Biden-Harris Justice Department and",Department,"of Homeland Security have caused the immigration court backlog to skyrocket , adding over 3.7 million new cases since fiscal year 2021 , ” the committee said in a press release .",men
biden_harris_admins_illegal_immigration_numbers_are_25_higher_than_reported_study.txt_105,18,18,"“ Through administrative maneuvering , the Biden-Harris Justice Department and Department of Homeland Security have caused the",immigration,"court backlog to skyrocket , adding over 3.7 million new cases since fiscal year 2021 , ” the committee said in a press release .",immigration
biden_harris_admins_illegal_immigration_numbers_are_25_higher_than_reported_study.txt_106,4,4,“ Under the,Biden-Harris,"Administration , over 700,000 illegal aliens have had their cases dismissed , terminated , or administratively closed , and the pace of these actions has increased each year , allowing those aliens to stay in the country indefinitely without facing immigration consequences , ” the committee added .",harris
biden_harris_admins_illegal_immigration_numbers_are_25_higher_than_reported_study.txt_106,45,45,"“ Under the Biden-Harris Administration , over 700,000 illegal aliens have had their cases dismissed , terminated , or administratively closed , and the pace of these actions has increased each year , allowing those aliens to stay in the country indefinitely without facing",immigration,"consequences , ” the committee added .",immigration
biden_harris_admins_illegal_immigration_numbers_are_25_higher_than_reported_study.txt_107,3,3,“ The,Biden-Harris,"Administration has used the backlog as an excuse to allow even more aliens to remain in America , ” the committee said . “ Instead of adjudicating cases based on the merits of their claims—such as valid asylum requests—immigration judges have rubberstamped dismissals , terminations , and closures . This",harris
biden_harris_admins_illegal_immigration_numbers_are_25_higher_than_reported_study.txt_107,42,42,"“ The Biden-Harris Administration has used the backlog as an excuse to allow even more aliens to remain in America , ” the committee said . “ Instead of adjudicating cases based on the merits of their claims—such as valid asylum",requests—immigration,"judges have rubberstamped dismissals , terminations , and closures . This quiet amnesty has become a hallmark of the Biden-Harris Administration’s immigration courts . ”",immigration
biden_harris_admins_illegal_immigration_numbers_are_25_higher_than_reported_study.txt_107,62,62,"to allow even more aliens to remain in America , ” the committee said . “ Instead of adjudicating cases based on the merits of their claims—such as valid asylum requests—immigration judges have rubberstamped dismissals , terminations , and closures . This quiet amnesty has become a hallmark of the",Biden-Harris,Administration’s immigration courts . ”,harris
biden_harris_admins_illegal_immigration_numbers_are_25_higher_than_reported_study.txt_107,64,64,"even more aliens to remain in America , ” the committee said . “ Instead of adjudicating cases based on the merits of their claims—such as valid asylum requests—immigration judges have rubberstamped dismissals , terminations , and closures . This quiet amnesty has become a hallmark of the Biden-Harris Administration’s",immigration,courts . ”,immigration
biden_harris_judge_orders_virginia_to_put_non_citizens_back_on_voter_rolls.txt_112,1,1,,Biden-Harris,Judge Orders Virginia To Put Non-Citizens Back On Voter Rolls,harris
biden_harris_judge_orders_virginia_to_put_non_citizens_back_on_voter_rolls.txt_118,1,1,,Trump,announced that he is now going to Virginia to campaign before Election Day .,trump
biden_harris_judge_orders_virginia_to_put_non_citizens_back_on_voter_rolls.txt_119,7,7,A federal judge sided with the,Biden-Harris,administration on Friday in ruling that Virginia must put non-citizen immigrants back on its voter rolls after they were removed by the state in compliance with state law .,harris
biden_harris_judge_orders_virginia_to_put_non_citizens_back_on_voter_rolls.txt_119,18,18,A federal judge sided with the Biden-Harris administration on Friday in ruling that Virginia must put non-citizen,immigrants,back on its voter rolls after they were removed by the state in compliance with state law .,immigrant
biden_harris_judge_orders_virginia_to_put_non_citizens_back_on_voter_rolls.txt_120,13,13,"U.S . District Judge Patricia Giles , who was appointed by the",Biden-Harris,"administration , ordered that Virginia must put the non-citizens back on the voter rolls , even though it is illegal for them to vote .",harris
biden_harris_judge_orders_virginia_to_put_non_citizens_back_on_voter_rolls.txt_121,52,52,"Let’s be clear about what just happened : only eleven days before a Presidential election , a federal judge ordered Virginia to reinstate over 1,500 individuals–who self-identified themselves as noncitizens–back onto the voter rolls , ” said Virginia Governor Glenn Youngkin . “ Almost all these individuals had previously presented",immigration,"documents confirming their noncitizen status , a fact recently verified by federal authorities . ”",immigration
biden_harris_judge_orders_virginia_to_put_non_citizens_back_on_voter_rolls.txt_121,53,53,"be clear about what just happened : only eleven days before a Presidential election , a federal judge ordered Virginia to reinstate over 1,500 individuals–who self-identified themselves as noncitizens–back onto the voter rolls , ” said Virginia Governor Glenn Youngkin . “ Almost all these individuals had previously presented immigration",documents,"confirming their noncitizen status , a fact recently verified by federal authorities . ”",men
biden_harris_judge_orders_virginia_to_put_non_citizens_back_on_voter_rolls.txt_125,4,4,Republican presidential nominee,Donald,Trump called Giles ’ ruling “ a totally unacceptable travesty ” and announced that he would now host a rally in the state before Election Day .,donald
biden_harris_judge_orders_virginia_to_put_non_citizens_back_on_voter_rolls.txt_125,5,5,Republican presidential nominee Donald,Trump,called Giles ’ ruling “ a totally unacceptable travesty ” and announced that he would now host a rally in the state before Election Day .,trump
biden_harris_judge_orders_virginia_to_put_non_citizens_back_on_voter_rolls.txt_126,7,7,“ Sleepy Joe Biden and Comrade,Kamala,"Harris ridiculously accuse me of wanting to ‘ weaponize ’ the Justice Department , when they have done all of the weaponizing , ” Trump wrote . “ Now , their truly Weaponized Department of ‘ Injustice , ’ and a Judge ( appointed by Joe ) , have ORDERED",kamala
biden_harris_judge_orders_virginia_to_put_non_citizens_back_on_voter_rolls.txt_126,8,8,“ Sleepy Joe Biden and Comrade Kamala,Harris,"ridiculously accuse me of wanting to ‘ weaponize ’ the Justice Department , when they have done all of the weaponizing , ” Trump wrote . “ Now , their truly Weaponized Department of ‘ Injustice , ’ and a Judge ( appointed by Joe ) , have ORDERED the",harris
biden_harris_judge_orders_virginia_to_put_non_citizens_back_on_voter_rolls.txt_126,20,20,“ Sleepy Joe Biden and Comrade Kamala Harris ridiculously accuse me of wanting to ‘ weaponize ’ the Justice,Department,", when they have done all of the weaponizing , ” Trump wrote . “ Now , their truly Weaponized Department of ‘ Injustice , ’ and a Judge ( appointed by Joe ) , have ORDERED the Great Commonwealth of Virginia to PUT NON-CITIZEN VOTERS BACK ON THE ROLLS",men
biden_harris_judge_orders_virginia_to_put_non_citizens_back_on_voter_rolls.txt_126,32,32,"“ Sleepy Joe Biden and Comrade Kamala Harris ridiculously accuse me of wanting to ‘ weaponize ’ the Justice Department , when they have done all of the weaponizing , ”",Trump,"wrote . “ Now , their truly Weaponized Department of ‘ Injustice , ’ and a Judge ( appointed by Joe ) , have ORDERED the Great Commonwealth of Virginia to PUT NON-CITIZEN VOTERS BACK ON THE ROLLS . ”",trump
biden_harris_judge_orders_virginia_to_put_non_citizens_back_on_voter_rolls.txt_126,41,41,"“ Sleepy Joe Biden and Comrade Kamala Harris ridiculously accuse me of wanting to ‘ weaponize ’ the Justice Department , when they have done all of the weaponizing , ” Trump wrote . “ Now , their truly Weaponized",Department,"of ‘ Injustice , ’ and a Judge ( appointed by Joe ) , have ORDERED the Great Commonwealth of Virginia to PUT NON-CITIZEN VOTERS BACK ON THE ROLLS . ”",men
biden_harris_judge_orders_virginia_to_put_non_citizens_back_on_voter_rolls.txt_128,71,71,"and the U.S . Supreme Court will hopefully fix it ! ” he added . “ Only U.S . Citizens should be allowed to vote . Keep fighting , Glenn – AND REPUBLICANS IN VIRGINIA , KEEP VOTING EARLY ! I will be calling in to Glenn’s Rally with Lara",Trump,"tomorrow morning to talk about this crazy Ruling , and announce my final stop in Virginia before Election Day . TUNE IN ! ”",trump
biden_harris_judge_orders_virginia_to_put_non_citizens_back_on_voter_rolls.txt_129,6,6,Sleepy Joe Biden and Comrade,Kamala,"Harris ridiculously accuse me of wanting to “ weaponize ” the Justice Department , when they have done all of the weaponizing . Now , their truly Weaponized Department of “ Injustice , ” and a Judge ( appointed by Joe ) , have ORDERED the Great …",kamala
biden_harris_judge_orders_virginia_to_put_non_citizens_back_on_voter_rolls.txt_129,7,7,Sleepy Joe Biden and Comrade Kamala,Harris,"ridiculously accuse me of wanting to “ weaponize ” the Justice Department , when they have done all of the weaponizing . Now , their truly Weaponized Department of “ Injustice , ” and a Judge ( appointed by Joe ) , have ORDERED the Great …",harris
biden_harris_judge_orders_virginia_to_put_non_citizens_back_on_voter_rolls.txt_129,19,19,Sleepy Joe Biden and Comrade Kamala Harris ridiculously accuse me of wanting to “ weaponize ” the Justice,Department,", when they have done all of the weaponizing . Now , their truly Weaponized Department of “ Injustice , ” and a Judge ( appointed by Joe ) , have ORDERED the Great …",men
biden_harris_judge_orders_virginia_to_put_non_citizens_back_on_voter_rolls.txt_129,35,35,"Sleepy Joe Biden and Comrade Kamala Harris ridiculously accuse me of wanting to “ weaponize ” the Justice Department , when they have done all of the weaponizing . Now , their truly Weaponized",Department,"of “ Injustice , ” and a Judge ( appointed by Joe ) , have ORDERED the Great …",men
biden_harris_judge_orders_virginia_to_put_non_citizens_back_on_voter_rolls.txt_130,2,2,—,Donald,"J . Trump ( @realDonaldTrump ) October 25 , 2024",donald
biden_harris_judge_orders_virginia_to_put_non_citizens_back_on_voter_rolls.txt_130,5,5,— Donald J .,Trump,"( @realDonaldTrump ) October 25 , 2024",trump
biden_harris_judge_orders_virginia_to_put_non_citizens_back_on_voter_rolls.txt_130,7,7,— Donald J . Trump (,@realDonaldTrump,") October 25 , 2024",donald
biden_harris_judge_orders_virginia_to_put_non_citizens_back_on_voter_rolls.txt_130,7,7,— Donald J . Trump (,@realDonaldTrump,") October 25 , 2024",trump
biden_kamala_granting_quiet_amnesty_to_huge_number_of_illegals_report.txt_135,3,3,"Biden ,",Kamala,Granting ‘ Quiet Amnesty ’ To Huge Number Of Illegals : Report,kamala
biden_kamala_granting_quiet_amnesty_to_huge_number_of_illegals_report.txt_142,11,11,A new report from the House Judiciary Committee says the,Biden-Harris,administration is exploiting immigration court proceedings to grant de facto amnesty to nearly 1 million illegal immigrants .,harris
biden_kamala_granting_quiet_amnesty_to_huge_number_of_illegals_report.txt_142,15,15,A new report from the House Judiciary Committee says the Biden-Harris administration is exploiting,immigration,court proceedings to grant de facto amnesty to nearly 1 million illegal immigrants .,immigration
biden_kamala_granting_quiet_amnesty_to_huge_number_of_illegals_report.txt_142,28,28,A new report from the House Judiciary Committee says the Biden-Harris administration is exploiting immigration court proceedings to grant de facto amnesty to nearly 1 million illegal,immigrants,.,immigrant
biden_kamala_granting_quiet_amnesty_to_huge_number_of_illegals_report.txt_143,4,4,Under Biden and,Harris,", there have been more than 10.3 million illegal entries into the U.S . , with an additional 2 million + “ gotaways , ” which represent the number of times someone has been observed crossing over the border illegally , without apprehension .",harris
biden_kamala_granting_quiet_amnesty_to_huge_number_of_illegals_report.txt_144,7,7,"“ Through administrative maneuvering , the",Biden-Harris,"Justice Department and Department of Homeland Security have caused the immigration court backlog to skyrocket , adding over 3.7 million new cases since fiscal year 2021 , ” a press release from the committee said .",harris
biden_kamala_granting_quiet_amnesty_to_huge_number_of_illegals_report.txt_144,9,9,"“ Through administrative maneuvering , the Biden-Harris Justice",Department,"and Department of Homeland Security have caused the immigration court backlog to skyrocket , adding over 3.7 million new cases since fiscal year 2021 , ” a press release from the committee said .",men
biden_kamala_granting_quiet_amnesty_to_huge_number_of_illegals_report.txt_144,11,11,"“ Through administrative maneuvering , the Biden-Harris Justice Department and",Department,"of Homeland Security have caused the immigration court backlog to skyrocket , adding over 3.7 million new cases since fiscal year 2021 , ” a press release from the committee said .",men
biden_kamala_granting_quiet_amnesty_to_huge_number_of_illegals_report.txt_144,18,18,"“ Through administrative maneuvering , the Biden-Harris Justice Department and Department of Homeland Security have caused the",immigration,"court backlog to skyrocket , adding over 3.7 million new cases since fiscal year 2021 , ” a press release from the committee said .",immigration
biden_kamala_granting_quiet_amnesty_to_huge_number_of_illegals_report.txt_145,4,4,“ Under the,Biden-Harris,"Administration , over 700,000 illegal aliens have had their cases dismissed , terminated , or administratively closed , and the pace of these actions has increased each year , allowing those aliens to stay in the country indefinitely without facing immigration consequences , ” the committee explained .",harris
biden_kamala_granting_quiet_amnesty_to_huge_number_of_illegals_report.txt_145,45,45,"“ Under the Biden-Harris Administration , over 700,000 illegal aliens have had their cases dismissed , terminated , or administratively closed , and the pace of these actions has increased each year , allowing those aliens to stay in the country indefinitely without facing",immigration,"consequences , ” the committee explained .",immigration
biden_kamala_granting_quiet_amnesty_to_huge_number_of_illegals_report.txt_147,37,37,"In addition to those 700,000 illegals , more than 109,000 illegals did not have their cases adjudicated in Fiscal Year 2023 , but the cases were closed out , Fox News highlighted . Lastly , the",Department,"of Homeland Security has not filed the necessary documentation for another 200,000 cases ; those illegals , too , can remain in the U.S . indefinitely .",men
biden_kamala_granting_quiet_amnesty_to_huge_number_of_illegals_report.txt_147,46,46,"In addition to those 700,000 illegals , more than 109,000 illegals did not have their cases adjudicated in Fiscal Year 2023 , but the cases were closed out , Fox News highlighted . Lastly , the Department of Homeland Security has not filed the necessary",documentation,"for another 200,000 cases ; those illegals , too , can remain in the U.S . indefinitely .",men
biden_kamala_granting_quiet_amnesty_to_huge_number_of_illegals_report.txt_149,3,3,“ The,Biden-Harris,"Administration has used the backlog as an excuse to allow even more aliens to remain in America , ” the committee said . “ Instead of adjudicating cases based on the merits of their claims—such as valid asylum requests—immigration judges have rubberstamped dismissals , terminations , and closures . This",harris
biden_kamala_granting_quiet_amnesty_to_huge_number_of_illegals_report.txt_149,42,42,"“ The Biden-Harris Administration has used the backlog as an excuse to allow even more aliens to remain in America , ” the committee said . “ Instead of adjudicating cases based on the merits of their claims—such as valid asylum",requests—immigration,"judges have rubberstamped dismissals , terminations , and closures . This quiet amnesty has become a hallmark of the Biden-Harris Administration’s immigration courts . ”",immigration
biden_kamala_granting_quiet_amnesty_to_huge_number_of_illegals_report.txt_149,62,62,"to allow even more aliens to remain in America , ” the committee said . “ Instead of adjudicating cases based on the merits of their claims—such as valid asylum requests—immigration judges have rubberstamped dismissals , terminations , and closures . This quiet amnesty has become a hallmark of the",Biden-Harris,Administration’s immigration courts . ”,harris
biden_kamala_granting_quiet_amnesty_to_huge_number_of_illegals_report.txt_149,64,64,"even more aliens to remain in America , ” the committee said . “ Instead of adjudicating cases based on the merits of their claims—such as valid asylum requests—immigration judges have rubberstamped dismissals , terminations , and closures . This quiet amnesty has become a hallmark of the Biden-Harris Administration’s",immigration,courts . ”,immigration
biden_kamala_granting_quiet_amnesty_to_huge_number_of_illegals_report.txt_150,52,52,", due to the lack of vetting at the border , criminals have been permitted to enter the U.S . For example , at least 382 people on the terror watch list have entered the U.S . since 2021 , which is a 3,000 % increase compared to former President",Donald,Trump’s tenure .,donald
biden_kamala_granting_quiet_amnesty_to_huge_number_of_illegals_report.txt_150,53,53,"due to the lack of vetting at the border , criminals have been permitted to enter the U.S . For example , at least 382 people on the terror watch list have entered the U.S . since 2021 , which is a 3,000 % increase compared to former President Donald",Trump’s,tenure .,trump
biden_on_vacation_kamala_with_beyonce_despite_israels_advance_notice_of_iran_strikes.txt_158,5,5,"Biden On Vacation ,",Kamala,With Beyoncé Despite Israel’s Advance Notice Of Iran Strikes,kamala
biden_on_vacation_kamala_with_beyonce_despite_israels_advance_notice_of_iran_strikes.txt_165,8,8,Neither President Joe Biden nor Vice President,Kamala,"Harris were in Washington , D.C . , as Israel launched military strikes against Iran on Friday night .",kamala
biden_on_vacation_kamala_with_beyonce_despite_israels_advance_notice_of_iran_strikes.txt_165,9,9,Neither President Joe Biden nor Vice President Kamala,Harris,"were in Washington , D.C . , as Israel launched military strikes against Iran on Friday night .",harris
biden_on_vacation_kamala_with_beyonce_despite_israels_advance_notice_of_iran_strikes.txt_167,1,1,,Harris,"was in Houston , Texas , for a political rally with Beyoncé on Friday night as there are less than two weeks left in the 2024 presidential race .",harris
biden_on_vacation_kamala_with_beyonce_despite_israels_advance_notice_of_iran_strikes.txt_169,9,9,“ Biden on his way in Delaware and,Harris,"on stage with Beyoncé , ” said Rep . Mike Waltz ( R-FL ) . “ Even though the U.S . was apparently informed the Israel strikes on Iran would begin tonight ? ”",harris
biden_on_vacation_kamala_with_beyonce_despite_israels_advance_notice_of_iran_strikes.txt_177,6,6,Israel had said in a,statement,that it was “ conducting precise strikes on military targets in Iran . ”,men
charles_payne_shreds_democrats_kamala_for_erasing_black_men.txt_190,6,6,"Charles Payne Shreds Democrats ,",Kamala,For ‘ Erasing Black Men ’,kamala
charles_payne_shreds_democrats_kamala_for_erasing_black_men.txt_190,10,10,"Charles Payne Shreds Democrats , Kamala For ‘ Erasing",Black,Men ’,black
charles_payne_shreds_democrats_kamala_for_erasing_black_men.txt_190,11,11,"Charles Payne Shreds Democrats , Kamala For ‘ Erasing Black",Men,’,men
charles_payne_shreds_democrats_kamala_for_erasing_black_men.txt_196,17,17,""" It's so insulting . . . could you imagine a white man talking down to",black,"people like that ? """,black
charles_payne_shreds_democrats_kamala_for_erasing_black_men.txt_197,10,10,Fox Business host Charles Payne called out Vice President,Kamala,Harris over her recent attempts to reach out to black men and save her flagging poll numbers ahead of the November 5th presidential election .,kamala
charles_payne_shreds_democrats_kamala_for_erasing_black_men.txt_197,11,11,Fox Business host Charles Payne called out Vice President Kamala,Harris,over her recent attempts to reach out to black men and save her flagging poll numbers ahead of the November 5th presidential election .,harris
charles_payne_shreds_democrats_kamala_for_erasing_black_men.txt_197,20,20,Fox Business host Charles Payne called out Vice President Kamala Harris over her recent attempts to reach out to,black,men and save her flagging poll numbers ahead of the November 5th presidential election .,black
charles_payne_shreds_democrats_kamala_for_erasing_black_men.txt_197,21,21,Fox Business host Charles Payne called out Vice President Kamala Harris over her recent attempts to reach out to black,men,and save her flagging poll numbers ahead of the November 5th presidential election .,men
charles_payne_shreds_democrats_kamala_for_erasing_black_men.txt_198,4,4,Payne argued that,Harris,— and other prominent Democrats like former President Barack Obama — were insulting black men when they argued that sexism was the only possible reason that they could have for not supporting Harris in her bid for the presidency .,harris
charles_payne_shreds_democrats_kamala_for_erasing_black_men.txt_198,18,18,Payne argued that Harris — and other prominent Democrats like former President Barack Obama — were insulting,black,men when they argued that sexism was the only possible reason that they could have for not supporting Harris in her bid for the presidency .,black
charles_payne_shreds_democrats_kamala_for_erasing_black_men.txt_198,19,19,Payne argued that Harris — and other prominent Democrats like former President Barack Obama — were insulting black,men,when they argued that sexism was the only possible reason that they could have for not supporting Harris in her bid for the presidency .,men
charles_payne_shreds_democrats_kamala_for_erasing_black_men.txt_198,37,37,Payne argued that Harris — and other prominent Democrats like former President Barack Obama — were insulting black men when they argued that sexism was the only possible reason that they could have for not supporting,Harris,in her bid for the presidency .,harris
charles_payne_shreds_democrats_kamala_for_erasing_black_men.txt_200,11,11,Charles is not playing anymore . He is calling out,Kamala,👏 👏 👏 pic.twitter.com / dKwUuu4E2A,kamala
charles_payne_shreds_democrats_kamala_for_erasing_black_men.txt_203,16,16,“ America’s Newsroom ” anchor Bill Hemmer kicked off the conversation by paraphrasing Obama’s recent,comments,", in which he appeared to be trying to insult black men into supporting Harris : “ Black men have to get over the fact that you got a woman on the ticket and are you afraid to vote for her , is basically what he did , and challenge",men
charles_payne_shreds_democrats_kamala_for_erasing_black_men.txt_203,27,27,"“ America’s Newsroom ” anchor Bill Hemmer kicked off the conversation by paraphrasing Obama’s recent comments , in which he appeared to be trying to insult",black,"men into supporting Harris : “ Black men have to get over the fact that you got a woman on the ticket and are you afraid to vote for her , is basically what he did , and challenge them . ”",black
charles_payne_shreds_democrats_kamala_for_erasing_black_men.txt_203,28,28,"“ America’s Newsroom ” anchor Bill Hemmer kicked off the conversation by paraphrasing Obama’s recent comments , in which he appeared to be trying to insult black",men,"into supporting Harris : “ Black men have to get over the fact that you got a woman on the ticket and are you afraid to vote for her , is basically what he did , and challenge them . ”",men
charles_payne_shreds_democrats_kamala_for_erasing_black_men.txt_203,31,31,"“ America’s Newsroom ” anchor Bill Hemmer kicked off the conversation by paraphrasing Obama’s recent comments , in which he appeared to be trying to insult black men into supporting",Harris,": “ Black men have to get over the fact that you got a woman on the ticket and are you afraid to vote for her , is basically what he did , and challenge them . ”",harris
charles_payne_shreds_democrats_kamala_for_erasing_black_men.txt_203,34,34,"“ America’s Newsroom ” anchor Bill Hemmer kicked off the conversation by paraphrasing Obama’s recent comments , in which he appeared to be trying to insult black men into supporting Harris : “",Black,"men have to get over the fact that you got a woman on the ticket and are you afraid to vote for her , is basically what he did , and challenge them . ”",black
charles_payne_shreds_democrats_kamala_for_erasing_black_men.txt_203,35,35,"“ America’s Newsroom ” anchor Bill Hemmer kicked off the conversation by paraphrasing Obama’s recent comments , in which he appeared to be trying to insult black men into supporting Harris : “ Black",men,"have to get over the fact that you got a woman on the ticket and are you afraid to vote for her , is basically what he did , and challenge them . ”",men
charles_payne_shreds_democrats_kamala_for_erasing_black_men.txt_205,27,27,"“ A damn shame , ” Payne replied . “ It’s so insulting . I really — could you imagine a white man talking down to",black,"people like that , particularly black men ? That’s our issue ? Women ? It’s not the fact that I don’t have a job or my job is not existing or I’m in a world where , by the way , progressives are erasing me from movies , from billboards",black
charles_payne_shreds_democrats_kamala_for_erasing_black_men.txt_205,33,33,"“ A damn shame , ” Payne replied . “ It’s so insulting . I really — could you imagine a white man talking down to black people like that , particularly",black,"men ? That’s our issue ? Women ? It’s not the fact that I don’t have a job or my job is not existing or I’m in a world where , by the way , progressives are erasing me from movies , from billboards , from opportunities . ”",black
charles_payne_shreds_democrats_kamala_for_erasing_black_men.txt_205,34,34,"“ A damn shame , ” Payne replied . “ It’s so insulting . I really — could you imagine a white man talking down to black people like that , particularly black",men,"? That’s our issue ? Women ? It’s not the fact that I don’t have a job or my job is not existing or I’m in a world where , by the way , progressives are erasing me from movies , from billboards , from opportunities . ”",men
charles_payne_shreds_democrats_kamala_for_erasing_black_men.txt_205,40,40,"“ A damn shame , ” Payne replied . “ It’s so insulting . I really — could you imagine a white man talking down to black people like that , particularly black men ? That’s our issue ?",Women,"? It’s not the fact that I don’t have a job or my job is not existing or I’m in a world where , by the way , progressives are erasing me from movies , from billboards , from opportunities . ”",men
charles_payne_shreds_democrats_kamala_for_erasing_black_men.txt_206,26,26,"“ The Democratic Party , particularly progressives in Hollywood , Madison Avenue , Washington , D.C . , Wall Street , they have erased the",black,"man . There’s no opportunities for black men anywhere in their world , and I think a lot of it centers around what they perceive to be too much toxic masculinity . They hate black masculinity , ” Payne continued . “ They hate it , and they’ve gone to",black
charles_payne_shreds_democrats_kamala_for_erasing_black_men.txt_206,33,33,"“ The Democratic Party , particularly progressives in Hollywood , Madison Avenue , Washington , D.C . , Wall Street , they have erased the black man . There’s no opportunities for",black,"men anywhere in their world , and I think a lot of it centers around what they perceive to be too much toxic masculinity . They hate black masculinity , ” Payne continued . “ They hate it , and they’ve gone to war with it , and black men",black
charles_payne_shreds_democrats_kamala_for_erasing_black_men.txt_206,34,34,"“ The Democratic Party , particularly progressives in Hollywood , Madison Avenue , Washington , D.C . , Wall Street , they have erased the black man . There’s no opportunities for black",men,"anywhere in their world , and I think a lot of it centers around what they perceive to be too much toxic masculinity . They hate black masculinity , ” Payne continued . “ They hate it , and they’ve gone to war with it , and black men have",men
charles_payne_shreds_democrats_kamala_for_erasing_black_men.txt_206,61,61,"Madison Avenue , Washington , D.C . , Wall Street , they have erased the black man . There’s no opportunities for black men anywhere in their world , and I think a lot of it centers around what they perceive to be too much toxic masculinity . They hate",black,"masculinity , ” Payne continued . “ They hate it , and they’ve gone to war with it , and black men have noticed it — and guess what ? They’re saying , ‘ We’re not going to take it anymore . ' ”",black
charles_payne_shreds_democrats_kamala_for_erasing_black_men.txt_206,82,82,"for black men anywhere in their world , and I think a lot of it centers around what they perceive to be too much toxic masculinity . They hate black masculinity , ” Payne continued . “ They hate it , and they’ve gone to war with it , and",black,"men have noticed it — and guess what ? They’re saying , ‘ We’re not going to take it anymore . ' ”",black
charles_payne_shreds_democrats_kamala_for_erasing_black_men.txt_206,83,83,"black men anywhere in their world , and I think a lot of it centers around what they perceive to be too much toxic masculinity . They hate black masculinity , ” Payne continued . “ They hate it , and they’ve gone to war with it , and black",men,"have noticed it — and guess what ? They’re saying , ‘ We’re not going to take it anymore . ' ”",men
charles_payne_shreds_democrats_kamala_for_erasing_black_men.txt_207,7,7,Payne went on to say that,black,"men were tired of being “ pimped , ” using an example in which black people were used in a state’s campaign to legalize marijuana — and then all of the black applicants were denied licenses to sell it in that state .",black
charles_payne_shreds_democrats_kamala_for_erasing_black_men.txt_207,8,8,Payne went on to say that black,men,"were tired of being “ pimped , ” using an example in which black people were used in a state’s campaign to legalize marijuana — and then all of the black applicants were denied licenses to sell it in that state .",men
charles_payne_shreds_democrats_kamala_for_erasing_black_men.txt_207,22,22,"Payne went on to say that black men were tired of being “ pimped , ” using an example in which",black,people were used in a state’s campaign to legalize marijuana — and then all of the black applicants were denied licenses to sell it in that state .,black
charles_payne_shreds_democrats_kamala_for_erasing_black_men.txt_207,39,39,"Payne went on to say that black men were tired of being “ pimped , ” using an example in which black people were used in a state’s campaign to legalize marijuana — and then all of the",black,applicants were denied licenses to sell it in that state .,black
charles_payne_shreds_democrats_kamala_for_erasing_black_men.txt_209,6,6,He concluded by ripping into,Harris,"’ proposed plan to bring more “ opportunities ” to black men , arguing that it was all from the same “ bag of tricks ” that Democrats had been drawing from for years and saying that none of it would actually help .",harris
charles_payne_shreds_democrats_kamala_for_erasing_black_men.txt_209,17,17,He concluded by ripping into Harris ’ proposed plan to bring more “ opportunities ” to,black,"men , arguing that it was all from the same “ bag of tricks ” that Democrats had been drawing from for years and saying that none of it would actually help .",black
charles_payne_shreds_democrats_kamala_for_erasing_black_men.txt_209,18,18,He concluded by ripping into Harris ’ proposed plan to bring more “ opportunities ” to black,men,", arguing that it was all from the same “ bag of tricks ” that Democrats had been drawing from for years and saying that none of it would actually help .",men
cnn_commentator_rips_kamala_after_town_hall_a_duck_billed_platitude.txt_214,2,2,CNN,Commentator,Rips Kamala After Town Hall : ‘ A Duck-Billed Platitude ’,men
cnn_commentator_rips_kamala_after_town_hall_a_duck_billed_platitude.txt_214,4,4,CNN Commentator Rips,Kamala,After Town Hall : ‘ A Duck-Billed Platitude ’,kamala
cnn_commentator_rips_kamala_after_town_hall_a_duck_billed_platitude.txt_221,3,3,CNN Republican,commentator,"Scott Jennings tore into Vice President Kamala Harris ’ performance at a Wednesday town hall on the network , saying that if the Democratic presidential nominee were an animal , she’d be “ a duck-billed platitude . ”",men
cnn_commentator_rips_kamala_after_town_hall_a_duck_billed_platitude.txt_221,10,10,CNN Republican commentator Scott Jennings tore into Vice President,Kamala,"Harris ’ performance at a Wednesday town hall on the network , saying that if the Democratic presidential nominee were an animal , she’d be “ a duck-billed platitude . ”",kamala
cnn_commentator_rips_kamala_after_town_hall_a_duck_billed_platitude.txt_221,11,11,CNN Republican commentator Scott Jennings tore into Vice President Kamala,Harris,"’ performance at a Wednesday town hall on the network , saying that if the Democratic presidential nominee were an animal , she’d be “ a duck-billed platitude . ”",harris
cnn_commentator_rips_kamala_after_town_hall_a_duck_billed_platitude.txt_222,9,9,"Jennings , who has often been critical of",Harris,", has been particularly focused on her failure to set herself apart as a candidate who will not simply bring forth a repeat of President Joe Biden’s administration — in which she’s served as vice president for the last three and a half years — and who can give voters",harris
cnn_commentator_rips_kamala_after_town_hall_a_duck_billed_platitude.txt_222,72,72,as a candidate who will not simply bring forth a repeat of President Joe Biden’s administration — in which she’s served as vice president for the last three and a half years — and who can give voters a clear picture of what she stands for beyond hating former President,Donald,Trump .,donald
cnn_commentator_rips_kamala_after_town_hall_a_duck_billed_platitude.txt_222,73,73,a candidate who will not simply bring forth a repeat of President Joe Biden’s administration — in which she’s served as vice president for the last three and a half years — and who can give voters a clear picture of what she stands for beyond hating former President Donald,Trump,.,trump
cnn_commentator_rips_kamala_after_town_hall_a_duck_billed_platitude.txt_224,7,7,My rebuttal to last night’s @cnn,Kamala,"Harris town hall : if she were an animal , she’d be a duck-billed platitude . Took on the “ flawless vs lawless ” construct with Erin and friends . pic.twitter.com / MJjw5U9QRF",kamala
cnn_commentator_rips_kamala_after_town_hall_a_duck_billed_platitude.txt_224,8,8,My rebuttal to last night’s @cnn Kamala,Harris,"town hall : if she were an animal , she’d be a duck-billed platitude . Took on the “ flawless vs lawless ” construct with Erin and friends . pic.twitter.com / MJjw5U9QRF",harris
cnn_commentator_rips_kamala_after_town_hall_a_duck_billed_platitude.txt_227,32,32,"Jennings , who previously worked in the White House under former President George W . Bush , joined CNN anchor Erin Burnett and several others for a panel discussion breaking down",Harris,"’ town hall . That event was , by all accounts , more of her usual question-dodging , word-salad answers accompanied by near-Herculean efforts to blame Trump for all the bad things that have happened since she and Biden took office .",harris
cnn_commentator_rips_kamala_after_town_hall_a_duck_billed_platitude.txt_227,59,59,"House under former President George W . Bush , joined CNN anchor Erin Burnett and several others for a panel discussion breaking down Harris ’ town hall . That event was , by all accounts , more of her usual question-dodging , word-salad answers accompanied by near-Herculean efforts to blame",Trump,for all the bad things that have happened since she and Biden took office .,trump
cnn_contributor_white_folks_must_vote_for_kamala_to_save_democracy.txt_236,11,11,CNN Contributor : ‘ White Folks ’ Must Vote For,Kamala,To Save Democracy,kamala
cnn_contributor_white_folks_must_vote_for_kamala_to_save_democracy.txt_243,15,15,A CNN contributor stated that “ white folks ” should vote for Vice President,Kamala,"Harris , otherwise they would “ escape the accountability that they must face for not showing up to save democracy themselves . ”",kamala
cnn_contributor_white_folks_must_vote_for_kamala_to_save_democracy.txt_243,16,16,A CNN contributor stated that “ white folks ” should vote for Vice President Kamala,Harris,", otherwise they would “ escape the accountability that they must face for not showing up to save democracy themselves . ”",harris
cnn_contributor_white_folks_must_vote_for_kamala_to_save_democracy.txt_244,36,36,"Angela Rye , co-host of the “ Native Land Pod ” along with failed Florida Democrat gubernatorial candidate Andrew Gillum and Tiffany Cross , expressed that view on CNN’s “ First of All with Victor",Blackwell,. ”,black
cnn_contributor_white_folks_must_vote_for_kamala_to_save_democracy.txt_245,1,1,,Blackwell,"first asked Cross , “ The Democrats ’ concerns their fears of eroding Black support , specifically among Black men . Is it overblown ? ”",black
cnn_contributor_white_folks_must_vote_for_kamala_to_save_democracy.txt_245,15,15,"Blackwell first asked Cross , “ The Democrats ’ concerns their fears of eroding",Black,"support , specifically among Black men . Is it overblown ? ”",black
cnn_contributor_white_folks_must_vote_for_kamala_to_save_democracy.txt_245,20,20,"Blackwell first asked Cross , “ The Democrats ’ concerns their fears of eroding Black support , specifically among",Black,men . Is it overblown ? ”,black
cnn_contributor_white_folks_must_vote_for_kamala_to_save_democracy.txt_245,21,21,"Blackwell first asked Cross , “ The Democrats ’ concerns their fears of eroding Black support , specifically among Black",men,. Is it overblown ? ”,men
cnn_contributor_white_folks_must_vote_for_kamala_to_save_democracy.txt_246,36,36,"“ Absolutely it’s overblown , and I find it quite offensive to be honest with you , Victor , because the people who are going to impact this election the most when it comes to",Donald,"Trump are conservative white voters , ” Cross declared . “ I think that narrative is attempting to lay the failure of this democracy at the feet of black men . ”",donald
cnn_contributor_white_folks_must_vote_for_kamala_to_save_democracy.txt_246,37,37,"“ Absolutely it’s overblown , and I find it quite offensive to be honest with you , Victor , because the people who are going to impact this election the most when it comes to Donald",Trump,"are conservative white voters , ” Cross declared . “ I think that narrative is attempting to lay the failure of this democracy at the feet of black men . ”",trump
cnn_contributor_white_folks_must_vote_for_kamala_to_save_democracy.txt_246,65,65,"with you , Victor , because the people who are going to impact this election the most when it comes to Donald Trump are conservative white voters , ” Cross declared . “ I think that narrative is attempting to lay the failure of this democracy at the feet of",black,men . ”,black
cnn_contributor_white_folks_must_vote_for_kamala_to_save_democracy.txt_246,66,66,"you , Victor , because the people who are going to impact this election the most when it comes to Donald Trump are conservative white voters , ” Cross declared . “ I think that narrative is attempting to lay the failure of this democracy at the feet of black",men,. ”,men
cnn_contributor_white_folks_must_vote_for_kamala_to_save_democracy.txt_248,1,1,,Blackwell,noted that former President Barack Obama was on the campaign trail and had told black men not to eschew voting for Harris because she’s a woman . “ Was it a mistake for the former president to say what he did or to say it publicly ? What was your,black
cnn_contributor_white_folks_must_vote_for_kamala_to_save_democracy.txt_248,16,16,Blackwell noted that former President Barack Obama was on the campaign trail and had told,black,men not to eschew voting for Harris because she’s a woman . “ Was it a mistake for the former president to say what he did or to say it publicly ? What was your assessment of what we heard from former President Obama ? ” he asked .,black
cnn_contributor_white_folks_must_vote_for_kamala_to_save_democracy.txt_248,17,17,Blackwell noted that former President Barack Obama was on the campaign trail and had told black,men,not to eschew voting for Harris because she’s a woman . “ Was it a mistake for the former president to say what he did or to say it publicly ? What was your assessment of what we heard from former President Obama ? ” he asked .,men
cnn_contributor_white_folks_must_vote_for_kamala_to_save_democracy.txt_248,23,23,Blackwell noted that former President Barack Obama was on the campaign trail and had told black men not to eschew voting for,Harris,because she’s a woman . “ Was it a mistake for the former president to say what he did or to say it publicly ? What was your assessment of what we heard from former President Obama ? ” he asked .,harris
cnn_contributor_white_folks_must_vote_for_kamala_to_save_democracy.txt_248,52,52,noted that former President Barack Obama was on the campaign trail and had told black men not to eschew voting for Harris because she’s a woman . “ Was it a mistake for the former president to say what he did or to say it publicly ? What was your,assessment,of what we heard from former President Obama ? ” he asked .,men
cnn_contributor_white_folks_must_vote_for_kamala_to_save_democracy.txt_249,139,139,"to get upset about . Now , the face of patriotism to them looks like trying to tear down the capitol in a terrorist attack on January 6 , 2021 . So the responsibility of saving democracy should be on the largest demographic in this country , that is white",men,and white women . ”,men
cnn_contributor_white_folks_must_vote_for_kamala_to_save_democracy.txt_249,142,142,"about . Now , the face of patriotism to them looks like trying to tear down the capitol in a terrorist attack on January 6 , 2021 . So the responsibility of saving democracy should be on the largest demographic in this country , that is white men and white",women,. ”,men
cnn_contributor_white_folks_must_vote_for_kamala_to_save_democracy.txt_250,49,49,". @angela_rye : “ What I think is a mistake is to let white folks escape the accountability that they must face for not showing up to save democracy … The responsibility of saving democracy should be on the largest demographic in this country , that is white",men,& white women . pic.twitter.com / AjdbPYRGI0,men
cnn_contributor_white_folks_must_vote_for_kamala_to_save_democracy.txt_250,52,52,"@angela_rye : “ What I think is a mistake is to let white folks escape the accountability that they must face for not showing up to save democracy … The responsibility of saving democracy should be on the largest demographic in this country , that is white men & white",women,. pic.twitter.com / AjdbPYRGI0,men
cnn_contributor_white_folks_must_vote_for_kamala_to_save_democracy.txt_253,2,2,“,Harris’s,"support among Black voters in Georgia trails the levels that Joe Biden secured in his narrow , 11,779-vote victory in 2020 , ” Financial Times noted . “ According to polling data released this week from Insider Advantage , Trump’s share of the Black vote in Georgia has reached 14",harris
cnn_contributor_white_folks_must_vote_for_kamala_to_save_democracy.txt_253,5,5,“ Harris’s support among,Black,"voters in Georgia trails the levels that Joe Biden secured in his narrow , 11,779-vote victory in 2020 , ” Financial Times noted . “ According to polling data released this week from Insider Advantage , Trump’s share of the Black vote in Georgia has reached 14 per cent ,",black
cnn_contributor_white_folks_must_vote_for_kamala_to_save_democracy.txt_253,42,42,"“ Harris’s support among Black voters in Georgia trails the levels that Joe Biden secured in his narrow , 11,779-vote victory in 2020 , ” Financial Times noted . “ According to polling data released this week from Insider Advantage ,",Trump’s,"share of the Black vote in Georgia has reached 14 per cent , compared with 11 per cent in 2020 . Harris’s share is 86 per cent , shy of Biden’s 88 per cent . ”",trump
cnn_contributor_white_folks_must_vote_for_kamala_to_save_democracy.txt_253,46,46,"“ Harris’s support among Black voters in Georgia trails the levels that Joe Biden secured in his narrow , 11,779-vote victory in 2020 , ” Financial Times noted . “ According to polling data released this week from Insider Advantage , Trump’s share of the",Black,"vote in Georgia has reached 14 per cent , compared with 11 per cent in 2020 . Harris’s share is 86 per cent , shy of Biden’s 88 per cent . ”",black
cnn_contributor_white_folks_must_vote_for_kamala_to_save_democracy.txt_253,64,64,"Biden secured in his narrow , 11,779-vote victory in 2020 , ” Financial Times noted . “ According to polling data released this week from Insider Advantage , Trump’s share of the Black vote in Georgia has reached 14 per cent , compared with 11 per cent in 2020 .",Harris’s,"share is 86 per cent , shy of Biden’s 88 per cent . ”",harris
cnn_panel_explodes_over_suggestion_kamala_was_chosen_by_dem_party_elites.txt_258,6,6,CNN Panel Explodes Over Suggestion,Kamala,Was ‘ Chosen ’ By Dem Party Elites,kamala
cnn_panel_explodes_over_suggestion_kamala_was_chosen_by_dem_party_elites.txt_265,28,28,A CNN panel exploded when “ Shark Tank’s ” Kevin O’Leary pointed out that the Democratic party did not have a nomination process and instead Vice President,Kamala,Harris was “ chosen ” by the Democratic party elites .,kamala
cnn_panel_explodes_over_suggestion_kamala_was_chosen_by_dem_party_elites.txt_265,29,29,A CNN panel exploded when “ Shark Tank’s ” Kevin O’Leary pointed out that the Democratic party did not have a nomination process and instead Vice President Kamala,Harris,was “ chosen ” by the Democratic party elites .,harris
cnn_panel_explodes_over_suggestion_kamala_was_chosen_by_dem_party_elites.txt_266,6,6,During a CNN panel about,Harris,"’ dismal performance in the CNN Town Hall , O’Leary brought up how the party in 2016 picked then-Democratic presidential hopeful Hillary Clinton over presidential candidate Sen . Bernie Sanders ( I-VT ) , who appeared to have more energy and support from their base .",harris
cnn_panel_explodes_over_suggestion_kamala_was_chosen_by_dem_party_elites.txt_267,49,49,"“ Only 90 days ago , Pelosi went to Biden and said , ‘ You need to step aside , ’ and convinced him to do so , ” O’Leary said . “ He did actually ask her , we’ve now learned this , ‘ Is she [",Harris,] the right person to drive this home ? ’ ”,harris
cnn_panel_explodes_over_suggestion_kamala_was_chosen_by_dem_party_elites.txt_269,15,15,NEW : CNN panel explodes into chaos when @kevinolearytv dares to point out that,Kamala,"was not elected to the party’s nomination , and was “ chosen ” by Pelosi and Dem party elites .",kamala
cnn_panel_explodes_over_suggestion_kamala_was_chosen_by_dem_party_elites.txt_277,9,9,"However , when O’Leary asked , “ Did",Kamala,"Harris win a primary ? , ” none of the CNN hosts wanted to answer him .",kamala
cnn_panel_explodes_over_suggestion_kamala_was_chosen_by_dem_party_elites.txt_277,10,10,"However , when O’Leary asked , “ Did Kamala",Harris,"win a primary ? , ” none of the CNN hosts wanted to answer him .",harris
cnn_panel_explodes_over_suggestion_kamala_was_chosen_by_dem_party_elites.txt_282,4,4,Related : CNN,Commentator,Rips Kamala After Town Hall : ‘ A Duck-Billed Platitude ’,men
cnn_panel_explodes_over_suggestion_kamala_was_chosen_by_dem_party_elites.txt_282,6,6,Related : CNN Commentator Rips,Kamala,After Town Hall : ‘ A Duck-Billed Platitude ’,kamala
could_be_something_very_wrong_with_her_trump_calls_on_kamala_to_take_cognitive_test.txt_287,11,11,‘ Could Be Something Very Wrong With Her ’ :,Trump,Calls On Kamala To Take Cognitive Test,trump
could_be_something_very_wrong_with_her_trump_calls_on_kamala_to_take_cognitive_test.txt_287,14,14,‘ Could Be Something Very Wrong With Her ’ : Trump Calls On,Kamala,To Take Cognitive Test,kamala
could_be_something_very_wrong_with_her_trump_calls_on_kamala_to_take_cognitive_test.txt_294,3,3,Former President,Donald,"Trump said on Sunday night that Vice President Kamala Harris should take a “ test on cognitive stamina and agility , ” arguing that her “ slow and lethargic ” answers during interviews are concerning .",donald
could_be_something_very_wrong_with_her_trump_calls_on_kamala_to_take_cognitive_test.txt_294,4,4,Former President Donald,Trump,"said on Sunday night that Vice President Kamala Harris should take a “ test on cognitive stamina and agility , ” arguing that her “ slow and lethargic ” answers during interviews are concerning .",trump
could_be_something_very_wrong_with_her_trump_calls_on_kamala_to_take_cognitive_test.txt_294,12,12,Former President Donald Trump said on Sunday night that Vice President,Kamala,"Harris should take a “ test on cognitive stamina and agility , ” arguing that her “ slow and lethargic ” answers during interviews are concerning .",kamala
could_be_something_very_wrong_with_her_trump_calls_on_kamala_to_take_cognitive_test.txt_294,13,13,Former President Donald Trump said on Sunday night that Vice President Kamala,Harris,"should take a “ test on cognitive stamina and agility , ” arguing that her “ slow and lethargic ” answers during interviews are concerning .",harris
could_be_something_very_wrong_with_her_trump_calls_on_kamala_to_take_cognitive_test.txt_295,1,1,,Trump,"called on Harris , 59 , to pass a cognitive test after the Democratic presidential nominee released a medical report on Saturday , which stated that she has “ the physical and mental resiliency required to successfully execute the duties of the presidency . ” Harris used her medical report",trump
could_be_something_very_wrong_with_her_trump_calls_on_kamala_to_take_cognitive_test.txt_295,4,4,Trump called on,Harris,", 59 , to pass a cognitive test after the Democratic presidential nominee released a medical report on Saturday , which stated that she has “ the physical and mental resiliency required to successfully execute the duties of the presidency . ” Harris used her medical report to attack Trump",harris
could_be_something_very_wrong_with_her_trump_calls_on_kamala_to_take_cognitive_test.txt_295,34,34,"Trump called on Harris , 59 , to pass a cognitive test after the Democratic presidential nominee released a medical report on Saturday , which stated that she has “ the physical and",mental,"resiliency required to successfully execute the duties of the presidency . ” Harris used her medical report to attack Trump , suggesting that the 78-year-old former president is hiding whether he is fit for office .",men
could_be_something_very_wrong_with_her_trump_calls_on_kamala_to_take_cognitive_test.txt_295,47,47,"Trump called on Harris , 59 , to pass a cognitive test after the Democratic presidential nominee released a medical report on Saturday , which stated that she has “ the physical and mental resiliency required to successfully execute the duties of the presidency . ”",Harris,"used her medical report to attack Trump , suggesting that the 78-year-old former president is hiding whether he is fit for office .",harris
could_be_something_very_wrong_with_her_trump_calls_on_kamala_to_take_cognitive_test.txt_295,54,54,"Harris , 59 , to pass a cognitive test after the Democratic presidential nominee released a medical report on Saturday , which stated that she has “ the physical and mental resiliency required to successfully execute the duties of the presidency . ” Harris used her medical report to attack",Trump,", suggesting that the 78-year-old former president is hiding whether he is fit for office .",trump
could_be_something_very_wrong_with_her_trump_calls_on_kamala_to_take_cognitive_test.txt_296,1,1,,Trump,"fired back , writing on Truth Social , “ I believe it is very important that Kamala Harris pass a test on Cognitive Stamina and Agility . Her actions have led many to believe that there could be something very wrong with her . ”",trump
could_be_something_very_wrong_with_her_trump_calls_on_kamala_to_take_cognitive_test.txt_296,18,18,"Trump fired back , writing on Truth Social , “ I believe it is very important that",Kamala,Harris pass a test on Cognitive Stamina and Agility . Her actions have led many to believe that there could be something very wrong with her . ”,kamala
could_be_something_very_wrong_with_her_trump_calls_on_kamala_to_take_cognitive_test.txt_296,19,19,"Trump fired back , writing on Truth Social , “ I believe it is very important that Kamala",Harris,pass a test on Cognitive Stamina and Agility . Her actions have led many to believe that there could be something very wrong with her . ”,harris
could_be_something_very_wrong_with_her_trump_calls_on_kamala_to_take_cognitive_test.txt_297,14,14,"“ Even 60 Minutes and CBS , in order to protect Lyin ’",Kamala,", illegally and unscrupulously replaced an answer she had given , which was totally ‘ bonkers , ’ with another answer that had nothing to do with the question asked , ” Trump added . “ Also , she is slow and lethargic in answering even the easiest of questions",kamala
could_be_something_very_wrong_with_her_trump_calls_on_kamala_to_take_cognitive_test.txt_297,47,47,"“ Even 60 Minutes and CBS , in order to protect Lyin ’ Kamala , illegally and unscrupulously replaced an answer she had given , which was totally ‘ bonkers , ’ with another answer that had nothing to do with the question asked , ”",Trump,"added . “ Also , she is slow and lethargic in answering even the easiest of questions . We just went through almost four years of that , we shouldn’t have to do it again ! ”",trump
could_be_something_very_wrong_with_her_trump_calls_on_kamala_to_take_cognitive_test.txt_298,1,1,,Harris,"was slammed by conservatives , including Trump , for dodging questions on illegal immigration during her “ 60 Minutes ” interview last week , an interview from which the news show still has not released the transcripts . U.S . senators and former CBS reporters have called on “ 60",harris
could_be_something_very_wrong_with_her_trump_calls_on_kamala_to_take_cognitive_test.txt_298,8,8,"Harris was slammed by conservatives , including",Trump,", for dodging questions on illegal immigration during her “ 60 Minutes ” interview last week , an interview from which the news show still has not released the transcripts . U.S . senators and former CBS reporters have called on “ 60 Minutes ” to release the transcripts after",trump
could_be_something_very_wrong_with_her_trump_calls_on_kamala_to_take_cognitive_test.txt_298,15,15,"Harris was slammed by conservatives , including Trump , for dodging questions on illegal",immigration,"during her “ 60 Minutes ” interview last week , an interview from which the news show still has not released the transcripts . U.S . senators and former CBS reporters have called on “ 60 Minutes ” to release the transcripts after the news show was blasted for appearing",immigration
could_be_something_very_wrong_with_her_trump_calls_on_kamala_to_take_cognitive_test.txt_298,38,38,"Harris was slammed by conservatives , including Trump , for dodging questions on illegal immigration during her “ 60 Minutes ” interview last week , an interview from which the news show still has not released the",transcripts,. U.S . senators and former CBS reporters have called on “ 60 Minutes ” to release the transcripts after the news show was blasted for appearing to edit the interview with Harris in a way that helped her .,trans
could_be_something_very_wrong_with_her_trump_calls_on_kamala_to_take_cognitive_test.txt_298,57,57,"including Trump , for dodging questions on illegal immigration during her “ 60 Minutes ” interview last week , an interview from which the news show still has not released the transcripts . U.S . senators and former CBS reporters have called on “ 60 Minutes ” to release the",transcripts,after the news show was blasted for appearing to edit the interview with Harris in a way that helped her .,trans
could_be_something_very_wrong_with_her_trump_calls_on_kamala_to_take_cognitive_test.txt_298,71,71,"” interview last week , an interview from which the news show still has not released the transcripts . U.S . senators and former CBS reporters have called on “ 60 Minutes ” to release the transcripts after the news show was blasted for appearing to edit the interview with",Harris,in a way that helped her .,harris
could_be_something_very_wrong_with_her_trump_calls_on_kamala_to_take_cognitive_test.txt_299,2,2,The,Trump,campaign responded to Harris ’ calls for Trump to release more medical records by pointing to a doctor’s report from last November along with “ detailed reports ” on Trump’s recovery following the assassination attempt on him in July .,trump
could_be_something_very_wrong_with_her_trump_calls_on_kamala_to_take_cognitive_test.txt_299,6,6,The Trump campaign responded to,Harris,’ calls for Trump to release more medical records by pointing to a doctor’s report from last November along with “ detailed reports ” on Trump’s recovery following the assassination attempt on him in July .,harris
could_be_something_very_wrong_with_her_trump_calls_on_kamala_to_take_cognitive_test.txt_299,10,10,The Trump campaign responded to Harris ’ calls for,Trump,to release more medical records by pointing to a doctor’s report from last November along with “ detailed reports ” on Trump’s recovery following the assassination attempt on him in July .,trump
could_be_something_very_wrong_with_her_trump_calls_on_kamala_to_take_cognitive_test.txt_299,32,32,The Trump campaign responded to Harris ’ calls for Trump to release more medical records by pointing to a doctor’s report from last November along with “ detailed reports ” on,Trump’s,recovery following the assassination attempt on him in July .,trump
could_be_something_very_wrong_with_her_trump_calls_on_kamala_to_take_cognitive_test.txt_300,6,6,"In November of 2023 ,",Trump,"released a three-paragraph letter from his doctor which stated that the former president’s “ overall health is excellent , ” adding that his “ cognitive exams were exceptional . ” Trump campaign Communications Director Steven Cheung said in a statement on Saturday , “ President Trump has voluntarily released updates",trump
could_be_something_very_wrong_with_her_trump_calls_on_kamala_to_take_cognitive_test.txt_300,37,37,"In November of 2023 , Trump released a three-paragraph letter from his doctor which stated that the former president’s “ overall health is excellent , ” adding that his “ cognitive exams were exceptional . ”",Trump,"campaign Communications Director Steven Cheung said in a statement on Saturday , “ President Trump has voluntarily released updates from his personal physician , as well as detailed reports from Dr . Ronny Jackson who treated him after the first assassination attempt . All have concluded he is in perfect",trump
could_be_something_very_wrong_with_her_trump_calls_on_kamala_to_take_cognitive_test.txt_300,46,46,"In November of 2023 , Trump released a three-paragraph letter from his doctor which stated that the former president’s “ overall health is excellent , ” adding that his “ cognitive exams were exceptional . ” Trump campaign Communications Director Steven Cheung said in a",statement,"on Saturday , “ President Trump has voluntarily released updates from his personal physician , as well as detailed reports from Dr . Ronny Jackson who treated him after the first assassination attempt . All have concluded he is in perfect and excellent health to be Commander in Chief .",men
could_be_something_very_wrong_with_her_trump_calls_on_kamala_to_take_cognitive_test.txt_300,52,52,"November of 2023 , Trump released a three-paragraph letter from his doctor which stated that the former president’s “ overall health is excellent , ” adding that his “ cognitive exams were exceptional . ” Trump campaign Communications Director Steven Cheung said in a statement on Saturday , “ President",Trump,"has voluntarily released updates from his personal physician , as well as detailed reports from Dr . Ronny Jackson who treated him after the first assassination attempt . All have concluded he is in perfect and excellent health to be Commander in Chief . ”",trump
could_be_something_very_wrong_with_her_trump_calls_on_kamala_to_take_cognitive_test.txt_301,20,20,Dr . Jackson is a Republican congressman representing Texas and served as White House physician during the Obama and,Trump,administrations .,trump
crime_in_philadelphia_isnt_going_anywhere_in_kamala_harris_america.txt_306,8,8,Crime In Philadelphia Isn’t Going Anywhere In,Kamala,Harris ’ America,kamala
crime_in_philadelphia_isnt_going_anywhere_in_kamala_harris_america.txt_306,9,9,Crime In Philadelphia Isn’t Going Anywhere In Kamala,Harris,’ America,harris
crime_in_philadelphia_isnt_going_anywhere_in_kamala_harris_america.txt_315,28,28,District Attorney Larry Krasner earlier this year predicted “ the largest reduction in violent crime in recorded history in the United States . ” And Vice President,Kamala,"Harris has been adamant that crime rates have declined during her administration . For its part , the Philadelphia police department is claiming a 40 % year-to-date decrease in homicides in 2024 and a 42 % reduction in shootings .",kamala
crime_in_philadelphia_isnt_going_anywhere_in_kamala_harris_america.txt_315,29,29,District Attorney Larry Krasner earlier this year predicted “ the largest reduction in violent crime in recorded history in the United States . ” And Vice President Kamala,Harris,"has been adamant that crime rates have declined during her administration . For its part , the Philadelphia police department is claiming a 40 % year-to-date decrease in homicides in 2024 and a 42 % reduction in shootings .",harris
crime_in_philadelphia_isnt_going_anywhere_in_kamala_harris_america.txt_315,49,49,"District Attorney Larry Krasner earlier this year predicted “ the largest reduction in violent crime in recorded history in the United States . ” And Vice President Kamala Harris has been adamant that crime rates have declined during her administration . For its part , the Philadelphia police",department,is claiming a 40 % year-to-date decrease in homicides in 2024 and a 42 % reduction in shootings .,men
crime_in_philadelphia_isnt_going_anywhere_in_kamala_harris_america.txt_320,32,32,"From 2013 to 2017 , Philadelphia averaged 271 homicides per year . But then something happened . From 2018 through 2023 , there was an average of 457 per year .",Black,"people represented 83 percent of those victims . The same drastic jump in crime applied to shooting incidents , which increased from a five-year average of 1,047 per year to 1,588 per year . And aggravated assault while armed with a handgun , went from a five-year average of 2,209",black
crime_in_philadelphia_isnt_going_anywhere_in_kamala_harris_america.txt_322,37,37,"Larry Krasner happened . He was elected as the 26th District Attorney of Philadelphia , thanks in part to $ 1.7 million in funding from progressive billionaire George Soros . At the time , Vice President",Kamala,"Harris also vocally supported Krasner , calling his victory “ key to criminal justice reforms like rolling back mass incarceration and ending cash bail . ”",kamala
crime_in_philadelphia_isnt_going_anywhere_in_kamala_harris_america.txt_322,38,38,"Larry Krasner happened . He was elected as the 26th District Attorney of Philadelphia , thanks in part to $ 1.7 million in funding from progressive billionaire George Soros . At the time , Vice President Kamala",Harris,"also vocally supported Krasner , calling his victory “ key to criminal justice reforms like rolling back mass incarceration and ending cash bail . ”",harris
crime_in_philadelphia_isnt_going_anywhere_in_kamala_harris_america.txt_323,8,8,"Unfortunately for the citizens of Philadelphia ,",Harris,was right . Krasner’s policies would reflect the pro-crime agenda of his radical benefactor and lead to a massive increase in crime which has completely transformed the city .,harris
crime_in_philadelphia_isnt_going_anywhere_in_kamala_harris_america.txt_323,34,34,"Unfortunately for the citizens of Philadelphia , Harris was right . Krasner’s policies would reflect the pro-crime agenda of his radical benefactor and lead to a massive increase in crime which has completely",transformed,the city .,trans
crime_in_philadelphia_isnt_going_anywhere_in_kamala_harris_america.txt_325,44,44,"These policies earned Krasner the affectionate title “ Uncle Larry ” from Philadelphia’s criminals . And unless Uncle Larry is removed from office , Philadelphia’s improved 2024 crime numbers will prove to be what they are : an election year illusion and an",embarrassment,when put in their proper historical perspective .,men
crime_in_philadelphia_isnt_going_anywhere_in_kamala_harris_america.txt_326,34,34,"It doesn’t have to be this way . The people of Philadelphia should be able to live in a safe city , and not just during presidential election cycles when radical Democrats like",Kamala,Harris are trying win their vote .,kamala
crime_in_philadelphia_isnt_going_anywhere_in_kamala_harris_america.txt_326,35,35,"It doesn’t have to be this way . The people of Philadelphia should be able to live in a safe city , and not just during presidential election cycles when radical Democrats like Kamala",Harris,are trying win their vote .,harris
crime_in_philadelphia_isnt_going_anywhere_in_kamala_harris_america.txt_327,37,37,"Thankfully , the solutions are simple , and conservatives are ready to deliver them . So are some moderate Democrats who already work in the city . Mayor Cherelle Parker , who ran directly opposed to",Kamala,"Harris ’ progressive orthodoxy on crime and called for the city to hire hundreds more police officers , is a good example . So is Police Chief Kevin Bethel , whom Parker appointed in January .",kamala
crime_in_philadelphia_isnt_going_anywhere_in_kamala_harris_america.txt_327,38,38,"Thankfully , the solutions are simple , and conservatives are ready to deliver them . So are some moderate Democrats who already work in the city . Mayor Cherelle Parker , who ran directly opposed to Kamala",Harris,"’ progressive orthodoxy on crime and called for the city to hire hundreds more police officers , is a good example . So is Police Chief Kevin Bethel , whom Parker appointed in January .",harris
crime_in_philadelphia_isnt_going_anywhere_in_kamala_harris_america.txt_328,13,13,"Since becoming the city’s top cop , Bethel and his officers have",implemented,"a curfew in high-crime areas , cracked down on people driving illegal ATVs and dirt bikes , and removed long-standing encampments . Conservatives and public safety advocates have been advancing all of these are commonsense policies for years .",men
crime_in_philadelphia_isnt_going_anywhere_in_kamala_harris_america.txt_328,34,34,"Since becoming the city’s top cop , Bethel and his officers have implemented a curfew in high-crime areas , cracked down on people driving illegal ATVs and dirt bikes , and removed long-standing",encampments,. Conservatives and public safety advocates have been advancing all of these are commonsense policies for years .,men
crime_in_philadelphia_isnt_going_anywhere_in_kamala_harris_america.txt_329,59,59,with “ federal partners ” such as “ ATF and DEA and FBI and Homeland Security . ” But all Bethel’s good police work won’t count for anything if Krasner continues to let criminals off the hook . And the collaboration he counts on could end abruptly if Vice President,Harris,"is elected and implements her “ defund the police ” agenda . As she explained recently on “ The Breakfast Club , ” she supports the federal government playing a bigger role in setting local policing rules , restricting certain police tactics , and getting rid of qualified immunity for",harris
crime_in_philadelphia_isnt_going_anywhere_in_kamala_harris_america.txt_329,63,63,” such as “ ATF and DEA and FBI and Homeland Security . ” But all Bethel’s good police work won’t count for anything if Krasner continues to let criminals off the hook . And the collaboration he counts on could end abruptly if Vice President Harris is elected and,implements,"her “ defund the police ” agenda . As she explained recently on “ The Breakfast Club , ” she supports the federal government playing a bigger role in setting local policing rules , restricting certain police tactics , and getting rid of qualified immunity for Philadelphia cops .",men
crime_in_philadelphia_isnt_going_anywhere_in_kamala_harris_america.txt_329,87,87,"if Krasner continues to let criminals off the hook . And the collaboration he counts on could end abruptly if Vice President Harris is elected and implements her “ defund the police ” agenda . As she explained recently on “ The Breakfast Club , ” she supports the federal",government,"playing a bigger role in setting local policing rules , restricting certain police tactics , and getting rid of qualified immunity for Philadelphia cops .",men
crime_in_philadelphia_isnt_going_anywhere_in_kamala_harris_america.txt_330,49,49,"To prevent horrific shootings like the one that occurred earlier this month and permanently put a stop to crime in their city , Philadelphians need to see beyond short-term statistics and recent headlines and place the blame where it belongs : with progressive Democrats like Larry Krasner and",Kamala,Harris trying to take credit for reducing crime rates that their radical policies caused to spike in the first place .,kamala
crime_in_philadelphia_isnt_going_anywhere_in_kamala_harris_america.txt_330,50,50,"To prevent horrific shootings like the one that occurred earlier this month and permanently put a stop to crime in their city , Philadelphians need to see beyond short-term statistics and recent headlines and place the blame where it belongs : with progressive Democrats like Larry Krasner and Kamala",Harris,trying to take credit for reducing crime rates that their radical policies caused to spike in the first place .,harris
defend_our_country_imprisoned_pro_life_activists_urge_americans_to_vote_against_kamala.txt_338,15,15,‘ Defend Our Country ’ : Imprisoned Pro-Life Activists Urge Americans To Vote Against,Kamala,,kamala
defend_our_country_imprisoned_pro_life_activists_urge_americans_to_vote_against_kamala.txt_345,5,5,Pro-lifers jailed by the,Biden-Harris,administration for their activism are anxiously awaiting the results of the 2024 election . One candidate has promised to pardon them — the other candidate is part of the administration that locked them up .,harris
defend_our_country_imprisoned_pro_life_activists_urge_americans_to_vote_against_kamala.txt_347,21,21,"As prisoners , they cannot vote . But they strongly urge their fellow pro-life activists and Americans not to support",Kamala,"Harris , who supports unlimited abortions and who targeted pro-life activist David Daleiden and pro-life pregnancy centers during her time as California attorney general .",kamala
defend_our_country_imprisoned_pro_life_activists_urge_americans_to_vote_against_kamala.txt_347,22,22,"As prisoners , they cannot vote . But they strongly urge their fellow pro-life activists and Americans not to support Kamala",Harris,", who supports unlimited abortions and who targeted pro-life activist David Daleiden and pro-life pregnancy centers during her time as California attorney general .",harris
defend_our_country_imprisoned_pro_life_activists_urge_americans_to_vote_against_kamala.txt_348,28,28,"“ Paulette is one of many peaceful pro-lifers who Joe Biden has rounded up , sometimes with SWAT teams , and thrown them in jail , ”",Donald,"Trump said in June as he spoke at the Faith and Freedom Coalition , referring to 75-year-old pro-life activist Paulette Harlow . “ Many people are in jail over this . … We’re going to get that taken care of immediately — [ on the ] first day . ”",donald
defend_our_country_imprisoned_pro_life_activists_urge_americans_to_vote_against_kamala.txt_348,29,29,"“ Paulette is one of many peaceful pro-lifers who Joe Biden has rounded up , sometimes with SWAT teams , and thrown them in jail , ” Donald",Trump,"said in June as he spoke at the Faith and Freedom Coalition , referring to 75-year-old pro-life activist Paulette Harlow . “ Many people are in jail over this . … We’re going to get that taken care of immediately — [ on the ] first day . ”",trump
defend_our_country_imprisoned_pro_life_activists_urge_americans_to_vote_against_kamala.txt_350,11,11,All of the prisoners who spoke with The Daily Wire,mentioned,this promise .,men
defend_our_country_imprisoned_pro_life_activists_urge_americans_to_vote_against_kamala.txt_351,38,38,"“ For the past fourteen months I , along with eight other anti-abortion rescuers convicted of violating the Freedom of Access to Clinic Entrances Act ( FACE ) have been incarcerated in Federal correctional institutions , praying",Donald,"Trump will be elected and make good on his promise to pardon us , ” wrote Jonathan Darnel , imprisoned for trying to stop abortions from taking place at a Washington , D.C . , abortion clinic .",donald
defend_our_country_imprisoned_pro_life_activists_urge_americans_to_vote_against_kamala.txt_351,39,39,"“ For the past fourteen months I , along with eight other anti-abortion rescuers convicted of violating the Freedom of Access to Clinic Entrances Act ( FACE ) have been incarcerated in Federal correctional institutions , praying Donald",Trump,"will be elected and make good on his promise to pardon us , ” wrote Jonathan Darnel , imprisoned for trying to stop abortions from taking place at a Washington , D.C . , abortion clinic .",trump
defend_our_country_imprisoned_pro_life_activists_urge_americans_to_vote_against_kamala.txt_353,17,17,"After the Supreme Court overturned Roe v . Wade in June 2022 , the Biden Justice",Department,"was clear that it would use FACE to target pro-lifers as a response to the Supreme Court decision . Roe’s overturn increased “ the urgency ” of the Justice Department’s work , said Associate Attorney General Vanita Gupta , including the “ enforcement of the FACE Act , to ensure",men
defend_our_country_imprisoned_pro_life_activists_urge_americans_to_vote_against_kamala.txt_353,47,47,"After the Supreme Court overturned Roe v . Wade in June 2022 , the Biden Justice Department was clear that it would use FACE to target pro-lifers as a response to the Supreme Court decision . Roe’s overturn increased “ the urgency ” of the Justice",Department’s,"work , said Associate Attorney General Vanita Gupta , including the “ enforcement of the FACE Act , to ensure continued lawful access to reproductive services . ”",men
defend_our_country_imprisoned_pro_life_activists_urge_americans_to_vote_against_kamala.txt_353,60,60,"in June 2022 , the Biden Justice Department was clear that it would use FACE to target pro-lifers as a response to the Supreme Court decision . Roe’s overturn increased “ the urgency ” of the Justice Department’s work , said Associate Attorney General Vanita Gupta , including the “",enforcement,"of the FACE Act , to ensure continued lawful access to reproductive services . ”",men
defend_our_country_imprisoned_pro_life_activists_urge_americans_to_vote_against_kamala.txt_354,57,57,"Geraghty , Heather Idoni , Jean Marshall , Joan Bell , William Goodman , and John Hinshaw all believe that abortion is the murder of an unborn child . They sought to stop abortions from taking place by praying or singing in front of abortion clinic entrances — and the",Biden-Harris,Justice Department imprisoned them all .,harris
defend_our_country_imprisoned_pro_life_activists_urge_americans_to_vote_against_kamala.txt_354,59,59,"Heather Idoni , Jean Marshall , Joan Bell , William Goodman , and John Hinshaw all believe that abortion is the murder of an unborn child . They sought to stop abortions from taking place by praying or singing in front of abortion clinic entrances — and the Biden-Harris Justice",Department,imprisoned them all .,men
defend_our_country_imprisoned_pro_life_activists_urge_americans_to_vote_against_kamala.txt_355,9,9,Most of these pro-life activists are frustrated with,Trump,"over his stances on abortion , but they expressed much stronger fears about a potential Harris administration . And they are grateful for Trump’s promise to free them .",trump
defend_our_country_imprisoned_pro_life_activists_urge_americans_to_vote_against_kamala.txt_355,25,25,"Most of these pro-life activists are frustrated with Trump over his stances on abortion , but they expressed much stronger fears about a potential",Harris,administration . And they are grateful for Trump’s promise to free them .,harris
defend_our_country_imprisoned_pro_life_activists_urge_americans_to_vote_against_kamala.txt_355,33,33,"Most of these pro-life activists are frustrated with Trump over his stances on abortion , but they expressed much stronger fears about a potential Harris administration . And they are grateful for",Trump’s,promise to free them .,trump
defend_our_country_imprisoned_pro_life_activists_urge_americans_to_vote_against_kamala.txt_356,3,3,“ If,Harris,"becomes president I would not be surprised if myself and my fellow Rescuers receive more indictments and lawsuits , ” Handy told The Daily Wire . “ She is an enemy to the pre-born and to activists alike . ”",harris
defend_our_country_imprisoned_pro_life_activists_urge_americans_to_vote_against_kamala.txt_356,19,19,“ If Harris becomes president I would not be surprised if myself and my fellow Rescuers receive more,indictments,"and lawsuits , ” Handy told The Daily Wire . “ She is an enemy to the pre-born and to activists alike . ”",men
defend_our_country_imprisoned_pro_life_activists_urge_americans_to_vote_against_kamala.txt_357,12,12,"Handy is imprisoned in FCI , Tallahassee , a low-se­cu­ri­ty fed­er­al",women’s,"prison , where The Daily Wire unsuccessfully attempted to visit her last week . Outside the massive prison , birds chirped and a soft breeze swept the premises , occasionally carrying female chatter with it . Otherwise , the place was eerily silent .",men
defend_our_country_imprisoned_pro_life_activists_urge_americans_to_vote_against_kamala.txt_358,10,10,This is the federal prison where the Biden /,Harris,DOJ locked up pro-life activist Lauren Handy for trying to stop abortions / save unborn babies in D.C .,harris
defend_our_country_imprisoned_pro_life_activists_urge_americans_to_vote_against_kamala.txt_363,7,7,Handy is housed with such notorious,women,"for her part in “ rescues ” — pro-lifers ’ attempts to stop abortions from taking place . She’s one of the duo who recovered the bodies of five preemie-sized aborted baby bodies from Washington Surgi-Clinic in Washington , D.C . , where she believes abortionist Cesare Santangelo is performing",men
defend_our_country_imprisoned_pro_life_activists_urge_americans_to_vote_against_kamala.txt_368,30,30,"“ This is an existential battle between good and evil , between life and death , between truth and lies , between sincerity and deception , between the First",Amendment,"and censorship , between representative democracy and the administrative state , between those who love our nation and elite globalists , between freedom and state control , between our nation as a republic or as a tyranny , ” he wrote .",men
defend_our_country_imprisoned_pro_life_activists_urge_americans_to_vote_against_kamala.txt_370,5,5,Goodman argued that the,Harris-Walz,"ticket is “ disgusting , ” given that they have “ made the killing of innocent babies the first priority of their administration . ” He reflected on how Harris has described the right to choose as the bedrock of democracy , writing : “ Such violent policy is clearly",harris
defend_our_country_imprisoned_pro_life_activists_urge_americans_to_vote_against_kamala.txt_370,35,35,"Goodman argued that the Harris-Walz ticket is “ disgusting , ” given that they have “ made the killing of innocent babies the first priority of their administration . ” He reflected on how",Harris,"has described the right to choose as the bedrock of democracy , writing : “ Such violent policy is clearly very harmful to mothers , fathers , as well as our whole nation , and obviously — it’s completely deadly for the most innocent & defenseless of all God’s children",harris
defend_our_country_imprisoned_pro_life_activists_urge_americans_to_vote_against_kamala.txt_371,42,42,"“ Sadly , as a federal felon I can not vote , ” he wrote . “ But I can ask all Americans to vote , and I ask them to defend our country and vote against the evil of the",Harris-Walz,agenda which opposes Almighty God in so many abominable ways . ”,harris
defend_our_country_imprisoned_pro_life_activists_urge_americans_to_vote_against_kamala.txt_372,29,29,"Some of the prisoners described their deep moral qualms with the election , especially since neither candidate supports the full abortion platform that they desire . Specifically ,",Trump,"has said that he would not sign a national law protecting the unborn — a move that many Republicans view as a political necessity , but many pro-lifers took as a betrayal .",trump
defend_our_country_imprisoned_pro_life_activists_urge_americans_to_vote_against_kamala.txt_373,3,3,“ If,Trump,"is elected , we’ll be pardoned , ” said Darnel . “ If Harris is elected , more activists may be arrested . So of course I hope Trump becomes president . But which outcome is more conducive to the end of abortion ? That , I cannot tell you",trump
defend_our_country_imprisoned_pro_life_activists_urge_americans_to_vote_against_kamala.txt_373,17,17,"“ If Trump is elected , we’ll be pardoned , ” said Darnel . “ If",Harris,"is elected , more activists may be arrested . So of course I hope Trump becomes president . But which outcome is more conducive to the end of abortion ? That , I cannot tell you . ”",harris
defend_our_country_imprisoned_pro_life_activists_urge_americans_to_vote_against_kamala.txt_373,32,32,"“ If Trump is elected , we’ll be pardoned , ” said Darnel . “ If Harris is elected , more activists may be arrested . So of course I hope",Trump,"becomes president . But which outcome is more conducive to the end of abortion ? That , I cannot tell you . ”",trump
defend_our_country_imprisoned_pro_life_activists_urge_americans_to_vote_against_kamala.txt_374,37,37,"“ I encourage people to expand their view of what it means to be involved politically , ” Handy said . “ I believe we can create pro-life power through direct action , mutual aid and",trans-local,organizing . Pro-lifers should vote in a way aligns with their values . ”,trans
defend_our_country_imprisoned_pro_life_activists_urge_americans_to_vote_against_kamala.txt_375,3,3,While the,Biden-Harris,"DOJ has targeted pro-life activists , it has largely ignored the hundreds of pro-abortion attacks on Catholic Churches and pro-life pregnancy centers since the May 2022 leak of a draft Supreme Court opinion indicating Roe v . Wade would soon be overturned .",harris
defend_our_country_imprisoned_pro_life_activists_urge_americans_to_vote_against_kamala.txt_376,19,19,"The FACE Act also protects pregnancy centers and Catholic Churches , and critics have argued that the Justice",Department,has weaponized the law to leverage it against pro-life activists .,men
defend_our_country_imprisoned_pro_life_activists_urge_americans_to_vote_against_kamala.txt_377,23,23,“ Nearly every single prosecution of alleged violence against abortion clinics has involved application of the FACE Act despite the lack of,enforcement,"on attacks against churches and pregnancy resource centers , ” Catholic Vote’s Brian Burch argued to the DOJ this summer . “ What policies are in place at the DOJ which contribute to this imbalance , and what is being done to rectify it ? ”",men
defend_our_country_imprisoned_pro_life_activists_urge_americans_to_vote_against_kamala.txt_379,31,31,"“ Most cannot believe that we are in prison for defending innocent babies ! ” wrote Goodman , describing his fellow prisoners . “ They think it’s crazy the federal",government,has come after us with such hostility . Their honesty and sincerity is refreshing . Many of the fellas have expressed their sadness over their wives or girlfriends killing their babies by abortion . Their stories are heartbreaking to hear . ”,men
every_21st_century_democratic_presidential_nominee_supports_restricting_free_speech.txt_393,26,26,"“ Since the 2020 election cycle , no less than seven of the most recent 10 presidential nominees have called for censorship and / or",government,"regulation of political speech , ” MRC researcher Luis Cornelio found wrote in his analysis .",men
every_21st_century_democratic_presidential_nominee_supports_restricting_free_speech.txt_394,8,8,MRC Free Speech For America analyzed the,comments,"and positions of every presidential candidate since 2000 . The group found that every Democrat — and just one Republican — who ran for office in that time frame has backed some kind of restriction on speech since 2020 , whether banning “ misinformation ” or pushing for the government",men
every_21st_century_democratic_presidential_nominee_supports_restricting_free_speech.txt_394,58,58,"comments and positions of every presidential candidate since 2000 . The group found that every Democrat — and just one Republican — who ran for office in that time frame has backed some kind of restriction on speech since 2020 , whether banning “ misinformation ” or pushing for the",government,to crack down on free expression .,men
every_21st_century_democratic_presidential_nominee_supports_restricting_free_speech.txt_395,15,15,"That includes former President Barack Obama , President Joe Biden , and Vice President",Kamala,"Harris , the last of whom has advocated censorship for years . Harris has pushed for social media companies to remove posts from former President Donald Trump and demanded more government oversight and regulation for social media companies .",kamala
every_21st_century_democratic_presidential_nominee_supports_restricting_free_speech.txt_395,16,16,"That includes former President Barack Obama , President Joe Biden , and Vice President Kamala",Harris,", the last of whom has advocated censorship for years . Harris has pushed for social media companies to remove posts from former President Donald Trump and demanded more government oversight and regulation for social media companies .",harris
every_21st_century_democratic_presidential_nominee_supports_restricting_free_speech.txt_395,28,28,"That includes former President Barack Obama , President Joe Biden , and Vice President Kamala Harris , the last of whom has advocated censorship for years .",Harris,has pushed for social media companies to remove posts from former President Donald Trump and demanded more government oversight and regulation for social media companies .,harris
every_21st_century_democratic_presidential_nominee_supports_restricting_free_speech.txt_395,41,41,"That includes former President Barack Obama , President Joe Biden , and Vice President Kamala Harris , the last of whom has advocated censorship for years . Harris has pushed for social media companies to remove posts from former President",Donald,Trump and demanded more government oversight and regulation for social media companies .,donald
every_21st_century_democratic_presidential_nominee_supports_restricting_free_speech.txt_395,42,42,"That includes former President Barack Obama , President Joe Biden , and Vice President Kamala Harris , the last of whom has advocated censorship for years . Harris has pushed for social media companies to remove posts from former President Donald",Trump,and demanded more government oversight and regulation for social media companies .,trump
every_21st_century_democratic_presidential_nominee_supports_restricting_free_speech.txt_395,46,46,"That includes former President Barack Obama , President Joe Biden , and Vice President Kamala Harris , the last of whom has advocated censorship for years . Harris has pushed for social media companies to remove posts from former President Donald Trump and demanded more",government,oversight and regulation for social media companies .,men
every_21st_century_democratic_presidential_nominee_supports_restricting_free_speech.txt_396,27,27,"“ They are directly speaking to millions and millions of people without any level of oversight or regulation , and that has to stop , ”",Harris,told CNN in 2019 .,harris
every_21st_century_democratic_presidential_nominee_supports_restricting_free_speech.txt_397,7,7,The report found that former President,Donald,"Trump had taken steps to promote free speech , citing his efforts in 2020 to define Section 230 — a provision that largely gives tech companies immunity for what third parties allow on their platforms — in a way that protected the First Amendment .",donald
every_21st_century_democratic_presidential_nominee_supports_restricting_free_speech.txt_397,8,8,The report found that former President Donald,Trump,"had taken steps to promote free speech , citing his efforts in 2020 to define Section 230 — a provision that largely gives tech companies immunity for what third parties allow on their platforms — in a way that protected the First Amendment .",trump
every_21st_century_democratic_presidential_nominee_supports_restricting_free_speech.txt_397,51,51,"The report found that former President Donald Trump had taken steps to promote free speech , citing his efforts in 2020 to define Section 230 — a provision that largely gives tech companies immunity for what third parties allow on their platforms — in a way that protected the First",Amendment,.,men
every_21st_century_democratic_presidential_nominee_supports_restricting_free_speech.txt_399,2,2,The,Biden-Harris,"administration used several federal agencies to censor speech related to the COVID-19 vaccine , MRC previously documented . This came as Biden claimed that Facebook was “ killing people ” by allowing posts critical of the COVID vaccine .",harris
every_21st_century_democratic_presidential_nominee_supports_restricting_free_speech.txt_399,19,19,"The Biden-Harris administration used several federal agencies to censor speech related to the COVID-19 vaccine , MRC previously",documented,. This came as Biden claimed that Facebook was “ killing people ” by allowing posts critical of the COVID vaccine .,men
every_21st_century_democratic_presidential_nominee_supports_restricting_free_speech.txt_401,12,12,"Hillary Clinton , who has long blamed her 2016 loss to",Trump,"on so-called Russian disinformation , has proposed arresting Americans for spreading “ propaganda . ”",trump
every_21st_century_democratic_presidential_nominee_supports_restricting_free_speech.txt_405,16,16,"Obama said back on April 21 , 2022 that protecting “ democracy ” meant more",government,regulations for online speech .,men
every_21st_century_democratic_presidential_nominee_supports_restricting_free_speech.txt_407,24,24,"Last month , John Kerry , who lost the White House to George W . Bush in 2004 , asserted that the First",Amendment,was a major impediment to fighting alleged online misinformation .,men
every_21st_century_democratic_presidential_nominee_supports_restricting_free_speech.txt_407,28,28,"Last month , John Kerry , who lost the White House to George W . Bush in 2004 , asserted that the First Amendment was a major",impediment,to fighting alleged online misinformation .,men
every_21st_century_democratic_presidential_nominee_supports_restricting_free_speech.txt_408,39,39,"“ But look , if people only go to one source , and the source they go to is sick , and , you know , has an agenda , and they’re putting out disinformation , our First",Amendment,"stands as a major block to be able to just , you know , hammer it out of existence , ” he said during a World Economic Forum meeting .",men
every_21st_century_democratic_presidential_nominee_supports_restricting_free_speech.txt_411,14,14,"Romney , the only Republican on the list , was included because of",comments,he made during a congressional hearing in July 2023 where he seemed to endorse federal government employees pressuring tech companies to restrict certain posts .,men
every_21st_century_democratic_presidential_nominee_supports_restricting_free_speech.txt_411,30,30,"Romney , the only Republican on the list , was included because of comments he made during a congressional hearing in July 2023 where he seemed to endorse federal",government,employees pressuring tech companies to restrict certain posts .,men
every_21st_century_democratic_presidential_nominee_supports_restricting_free_speech.txt_412,6,6,“ Employees of the federal,government,"have First Amendment rights , too , ” Romney said . “ Censorship is when the government shuts something off . This is arguing to try to convince somebody else to shut it off and that’s the right people have whether they’re in government or outside of government . ”",men
every_21st_century_democratic_presidential_nominee_supports_restricting_free_speech.txt_412,9,9,“ Employees of the federal government have First,Amendment,"rights , too , ” Romney said . “ Censorship is when the government shuts something off . This is arguing to try to convince somebody else to shut it off and that’s the right people have whether they’re in government or outside of government . ”",men
every_21st_century_democratic_presidential_nominee_supports_restricting_free_speech.txt_412,23,23,"“ Employees of the federal government have First Amendment rights , too , ” Romney said . “ Censorship is when the",government,shuts something off . This is arguing to try to convince somebody else to shut it off and that’s the right people have whether they’re in government or outside of government . ”,men
every_21st_century_democratic_presidential_nominee_supports_restricting_free_speech.txt_412,50,50,"“ Employees of the federal government have First Amendment rights , too , ” Romney said . “ Censorship is when the government shuts something off . This is arguing to try to convince somebody else to shut it off and that’s the right people have whether they’re in",government,or outside of government . ”,men
every_21st_century_democratic_presidential_nominee_supports_restricting_free_speech.txt_412,54,54,"the federal government have First Amendment rights , too , ” Romney said . “ Censorship is when the government shuts something off . This is arguing to try to convince somebody else to shut it off and that’s the right people have whether they’re in government or outside of",government,. ”,men
exclusive_seven_undecided_pennsylvania_voters_say_whats_driving_their_decision.txt_424,7,7,Polling has consistently shown former President,Donald,Trump and Vice President Kamala Harris locked in a dead heat in Pennsylvania — and the results of a recently-convened focus group shared exclusively with The Daily Wire suggest the Keystone State is still very much up for grabs .,donald
exclusive_seven_undecided_pennsylvania_voters_say_whats_driving_their_decision.txt_424,8,8,Polling has consistently shown former President Donald,Trump,and Vice President Kamala Harris locked in a dead heat in Pennsylvania — and the results of a recently-convened focus group shared exclusively with The Daily Wire suggest the Keystone State is still very much up for grabs .,trump
exclusive_seven_undecided_pennsylvania_voters_say_whats_driving_their_decision.txt_424,12,12,Polling has consistently shown former President Donald Trump and Vice President,Kamala,Harris locked in a dead heat in Pennsylvania — and the results of a recently-convened focus group shared exclusively with The Daily Wire suggest the Keystone State is still very much up for grabs .,kamala
exclusive_seven_undecided_pennsylvania_voters_say_whats_driving_their_decision.txt_424,13,13,Polling has consistently shown former President Donald Trump and Vice President Kamala,Harris,locked in a dead heat in Pennsylvania — and the results of a recently-convened focus group shared exclusively with The Daily Wire suggest the Keystone State is still very much up for grabs .,harris
exclusive_seven_undecided_pennsylvania_voters_say_whats_driving_their_decision.txt_426,6,6,While voters largely agreed with,Trump’s,"policy proposals , they were put off by his personality . However , the participants also dinged Harris for “ flip-flopping , ” and even those who are leaning towards the Democrat said they were put off by her aggressive focus on abortion . With polls showing Trump and Harris",trump
exclusive_seven_undecided_pennsylvania_voters_say_whats_driving_their_decision.txt_426,24,24,"While voters largely agreed with Trump’s policy proposals , they were put off by his personality . However , the participants also dinged",Harris,"for “ flip-flopping , ” and even those who are leaning towards the Democrat said they were put off by her aggressive focus on abortion . With polls showing Trump and Harris essentially tied going into election week , the winner of this key swing state may come down to",harris
exclusive_seven_undecided_pennsylvania_voters_say_whats_driving_their_decision.txt_426,54,54,"agreed with Trump’s policy proposals , they were put off by his personality . However , the participants also dinged Harris for “ flip-flopping , ” and even those who are leaning towards the Democrat said they were put off by her aggressive focus on abortion . With polls showing",Trump,"and Harris essentially tied going into election week , the winner of this key swing state may come down to which candidate can make a direct , relatable pitch to Pennsylvanians .",trump
exclusive_seven_undecided_pennsylvania_voters_say_whats_driving_their_decision.txt_426,56,56,"Trump’s policy proposals , they were put off by his personality . However , the participants also dinged Harris for “ flip-flopping , ” and even those who are leaning towards the Democrat said they were put off by her aggressive focus on abortion . With polls showing Trump and",Harris,"essentially tied going into election week , the winner of this key swing state may come down to which candidate can make a direct , relatable pitch to Pennsylvanians .",harris
exclusive_seven_undecided_pennsylvania_voters_say_whats_driving_their_decision.txt_427,32,32,"“ They’re both kind of touring with celebrities and making it all about them , ” said Tiffany , a Republican between the ages of 30 and 44 who voted for",Trump,"in 2020 , but now thinks she’s more likely to vote for Harris . “ That’s not resonating , that’s not fixing anything , that’s not discussing the issues . That’s just making it about yourself . ”",trump
exclusive_seven_undecided_pennsylvania_voters_say_whats_driving_their_decision.txt_427,45,45,"“ They’re both kind of touring with celebrities and making it all about them , ” said Tiffany , a Republican between the ages of 30 and 44 who voted for Trump in 2020 , but now thinks she’s more likely to vote for",Harris,". “ That’s not resonating , that’s not fixing anything , that’s not discussing the issues . That’s just making it about yourself . ”",harris
exclusive_seven_undecided_pennsylvania_voters_say_whats_driving_their_decision.txt_428,11,11,The candidates seem to understand what’s at stake : both,Trump,and Harris are scheduled to spend the last day before the election in Pittsburgh .,trump
exclusive_seven_undecided_pennsylvania_voters_say_whats_driving_their_decision.txt_428,13,13,The candidates seem to understand what’s at stake : both Trump and,Harris,are scheduled to spend the last day before the election in Pittsburgh .,harris
exclusive_seven_undecided_pennsylvania_voters_say_whats_driving_their_decision.txt_431,11,11,Inflation was the dominant theme of the conversation : participants,mentioned,rising costs more than 40 times in the two-hour session .,men
exclusive_seven_undecided_pennsylvania_voters_say_whats_driving_their_decision.txt_434,17,17,"For all the concern about inflation , however , none of the voters thought much of",Harris’s,pledge to impose price controls on groceries and other goods .,harris
exclusive_seven_undecided_pennsylvania_voters_say_whats_driving_their_decision.txt_435,6,6,Even those currently leaning toward,Harris,"said they were very concerned about excessive government spending and the growing national debt . These voters say they would like to see less American wealth going overseas , an issue Trump has been hammering .",harris
exclusive_seven_undecided_pennsylvania_voters_say_whats_driving_their_decision.txt_435,14,14,Even those currently leaning toward Harris said they were very concerned about excessive,government,"spending and the growing national debt . These voters say they would like to see less American wealth going overseas , an issue Trump has been hammering .",men
exclusive_seven_undecided_pennsylvania_voters_say_whats_driving_their_decision.txt_435,38,38,"Even those currently leaning toward Harris said they were very concerned about excessive government spending and the growing national debt . These voters say they would like to see less American wealth going overseas , an issue",Trump,has been hammering .,trump
exclusive_seven_undecided_pennsylvania_voters_say_whats_driving_their_decision.txt_437,11,11,One thing that isn’t likely to solidify Tiffany’s vote for,Harris,: abortion .,harris
exclusive_seven_undecided_pennsylvania_voters_say_whats_driving_their_decision.txt_438,9,9,Though abortion is a top issue for pro-choice,women,"like Tiffany , she said that she finds some of Harris ’ abortion ads offensive .",men
exclusive_seven_undecided_pennsylvania_voters_say_whats_driving_their_decision.txt_438,20,20,"Though abortion is a top issue for pro-choice women like Tiffany , she said that she finds some of",Harris,’ abortion ads offensive .,harris
exclusive_seven_undecided_pennsylvania_voters_say_whats_driving_their_decision.txt_440,15,15,"Jamie , a Republican between the ages of 45 and 54 who voted for",Trump,"in 2020 but is currently undecided , said she was also bothered by the Democrat’s focus on abortion .",trump
exclusive_seven_undecided_pennsylvania_voters_say_whats_driving_their_decision.txt_441,50,50,"“ We have one candidate who believes in restrictions , and we have one candidate that thinks abortion should be given to a woman up until the point of the baby being actually born , ” Jamie said . “ It is a big reason why I don’t like",Kamala,Harris . ”,kamala
exclusive_seven_undecided_pennsylvania_voters_say_whats_driving_their_decision.txt_441,51,51,"“ We have one candidate who believes in restrictions , and we have one candidate that thinks abortion should be given to a woman up until the point of the baby being actually born , ” Jamie said . “ It is a big reason why I don’t like Kamala",Harris,. ”,harris
exclusive_seven_undecided_pennsylvania_voters_say_whats_driving_their_decision.txt_442,8,8,If one thing was alienating voters from,Trump,", it was his personality . Asked to describe what animal comes to mind when they think of the former president , most offered unflattering comparisons .",trump
exclusive_seven_undecided_pennsylvania_voters_say_whats_driving_their_decision.txt_445,3,3,Another said,Trump,"brings to mind an ape because he’s strong but ham-fisted , while another described him as a bull in a china shop .",trump
exclusive_seven_undecided_pennsylvania_voters_say_whats_driving_their_decision.txt_446,4,4,A fourth said,Trump,was like “ a pigeon because a lot of times he just s * * * s on everything . ”,trump
exclusive_seven_undecided_pennsylvania_voters_say_whats_driving_their_decision.txt_447,5,5,Several participants worry that,Trump’s,"style could hurt the United States on the world stage . When asked what advice they would give Trump to win their vote , several offered some variation of “ show more humility . ”",trump
exclusive_seven_undecided_pennsylvania_voters_say_whats_driving_their_decision.txt_447,24,24,Several participants worry that Trump’s style could hurt the United States on the world stage . When asked what advice they would give,Trump,"to win their vote , several offered some variation of “ show more humility . ”",trump
exclusive_seven_undecided_pennsylvania_voters_say_whats_driving_their_decision.txt_448,7,7,But voters aren’t necessarily enamored with,Harris,", either . Multiple participants said the vice president reminds them of a “ chameleon , ” perhaps the worst label a political candidate can get .",harris
exclusive_seven_undecided_pennsylvania_voters_say_whats_driving_their_decision.txt_449,45,45,"“ Stop being so flip-floppy , so that people actually know where you stand on issues , and you can trust that you’re going to do what you say you’re going to do , ” said Rachel , one of the voters leaning to",Harris,.,harris
fcc_commissioner_kamalas_snl_appearance_a_blatant_effort_to_evade_equal_time_rule.txt_454,4,4,FCC Commissioner :,Kamala’s,SNL Appearance A ‘ Blatant Effort To Evade ’ Equal Time Rule,kamala
fcc_commissioner_kamalas_snl_appearance_a_blatant_effort_to_evade_equal_time_rule.txt_461,17,17,A Federal Communications Commission ( FCC ) official is calling out both NBC and Vice President,Kamala,"Harris for her last-minute appearance on Saturday Night Live , saying it was a “ clear and blatant ” to evade rules designed to stop networks from tilting the political scales ahead of an election .",kamala
fcc_commissioner_kamalas_snl_appearance_a_blatant_effort_to_evade_equal_time_rule.txt_461,18,18,A Federal Communications Commission ( FCC ) official is calling out both NBC and Vice President Kamala,Harris,"for her last-minute appearance on Saturday Night Live , saying it was a “ clear and blatant ” to evade rules designed to stop networks from tilting the political scales ahead of an election .",harris
fcc_commissioner_kamalas_snl_appearance_a_blatant_effort_to_evade_equal_time_rule.txt_463,16,16,"Carr made his point in a post on X , noting that the timing and",Harris,"’ appearance — not announced until the day it was happening and took place just three days prior to the November 5 general election — effectively eliminated any possibility for her competitor , former President Donald Trump , to receive the federally-mandated “ equal time . ”",harris
fcc_commissioner_kamalas_snl_appearance_a_blatant_effort_to_evade_equal_time_rule.txt_463,52,52,"made his point in a post on X , noting that the timing and Harris ’ appearance — not announced until the day it was happening and took place just three days prior to the November 5 general election — effectively eliminated any possibility for her competitor , former President",Donald,"Trump , to receive the federally-mandated “ equal time . ”",donald
fcc_commissioner_kamalas_snl_appearance_a_blatant_effort_to_evade_equal_time_rule.txt_463,53,53,"his point in a post on X , noting that the timing and Harris ’ appearance — not announced until the day it was happening and took place just three days prior to the November 5 general election — effectively eliminated any possibility for her competitor , former President Donald",Trump,", to receive the federally-mandated “ equal time . ”",trump
fcc_commissioner_kamalas_snl_appearance_a_blatant_effort_to_evade_equal_time_rule.txt_465,14,14,He went on to note that the issue had arisen in 2016 when,Trump,"appeared on the same show , and that former President Barack Obama’s FCC chair had stated that the “ Equal Time ” provision would be enforced .",trump
fcc_commissioner_kamalas_snl_appearance_a_blatant_effort_to_evade_equal_time_rule.txt_466,24,24,"“ In the 2016 cycle , President Obama’s FCC Chair made clear that the agency would enforce the Equal Time rule when candidate",Trump,"went on SNL . NBC stations publicly filed Equal Opportunity notices to ensure that all other qualifying candidates could obtain Equal Time if they sought it . Stations did the same thing when Clinton appeared on SNL , ” he explained .",trump
fcc_commissioner_kamalas_snl_appearance_a_blatant_effort_to_evade_equal_time_rule.txt_467,29,29,"Carr then explained that , with only three days — and zero “ SNL ” broadcasts remaining — before the election , NBC had “ effectively structured ”",Harris,’ appearance to make it impossible for the network to offer Trump anything even remotely comparable .,harris
fcc_commissioner_kamalas_snl_appearance_a_blatant_effort_to_evade_equal_time_rule.txt_467,41,41,"Carr then explained that , with only three days — and zero “ SNL ” broadcasts remaining — before the election , NBC had “ effectively structured ” Harris ’ appearance to make it impossible for the network to offer",Trump,anything even remotely comparable .,trump
fcc_commissioner_kamalas_snl_appearance_a_blatant_effort_to_evade_equal_time_rule.txt_468,6,6,“ What comparable time and,placement,can they offer all other qualifying candidates ? ” he asked .,men
fcc_commissioner_kamalas_snl_appearance_a_blatant_effort_to_evade_equal_time_rule.txt_473,23,23,"In fact , just weeks earlier , “ SNL ” producer Lorne Michaels announced that he had no intention of putting either",Harris,or Trump on the show — and he cited the FCC’s “ equal time ” provisions as the reason behind that decision .,harris
fcc_commissioner_kamalas_snl_appearance_a_blatant_effort_to_evade_equal_time_rule.txt_473,25,25,"In fact , just weeks earlier , “ SNL ” producer Lorne Michaels announced that he had no intention of putting either Harris or",Trump,on the show — and he cited the FCC’s “ equal time ” provisions as the reason behind that decision .,trump
fcc_commissioner_kamalas_snl_appearance_a_blatant_effort_to_evade_equal_time_rule.txt_475,18,18,"According to Fox News White House correspondent Jacqui Heinrich , NBC did not reach out to the",Trump,campaign to offer a similar appearance prior to Saturday’s show .,trump
fcc_commissioner_kamalas_snl_appearance_a_blatant_effort_to_evade_equal_time_rule.txt_476,1,1,,Trump,campaign senior advisor tells FOX that SNL did not extend an invitation to President Trump,trump
fcc_commissioner_kamalas_snl_appearance_a_blatant_effort_to_evade_equal_time_rule.txt_476,16,16,Trump campaign senior advisor tells FOX that SNL did not extend an invitation to President,Trump,,trump
fing_disgrace_trump_campaign_fumes_at_despicable_and_racist_kamala_ad.txt_485,10,10,‘ F * * * ing Disgrace ’ :,Trump,Campaign Fumes At ‘ Despicable And Racist ’ Kamala Ad,trump
fing_disgrace_trump_campaign_fumes_at_despicable_and_racist_kamala_ad.txt_485,19,19,‘ F * * * ing Disgrace ’ : Trump Campaign Fumes At ‘ Despicable And Racist ’,Kamala,Ad,kamala
fing_disgrace_trump_campaign_fumes_at_despicable_and_racist_kamala_ad.txt_491,1,1,,Kamala,Harris ad suggests Trump would bring back Japanese internment camps if elected .,kamala
fing_disgrace_trump_campaign_fumes_at_despicable_and_racist_kamala_ad.txt_491,2,2,Kamala,Harris,ad suggests Trump would bring back Japanese internment camps if elected .,harris
fing_disgrace_trump_campaign_fumes_at_despicable_and_racist_kamala_ad.txt_491,5,5,Kamala Harris ad suggests,Trump,would bring back Japanese internment camps if elected .,trump
fing_disgrace_trump_campaign_fumes_at_despicable_and_racist_kamala_ad.txt_491,10,10,Kamala Harris ad suggests Trump would bring back Japanese,internment,camps if elected .,men
fing_disgrace_trump_campaign_fumes_at_despicable_and_racist_kamala_ad.txt_492,2,2,The,Donald,"Trump campaign is fuming over a “ despicable and racist ” attack ad from Kamala Harris , which targets Asian American voters with a warning that voting in Trump would bring back World War II-era internment camps .",donald
fing_disgrace_trump_campaign_fumes_at_despicable_and_racist_kamala_ad.txt_492,3,3,The Donald,Trump,"campaign is fuming over a “ despicable and racist ” attack ad from Kamala Harris , which targets Asian American voters with a warning that voting in Trump would bring back World War II-era internment camps .",trump
fing_disgrace_trump_campaign_fumes_at_despicable_and_racist_kamala_ad.txt_492,17,17,The Donald Trump campaign is fuming over a “ despicable and racist ” attack ad from,Kamala,"Harris , which targets Asian American voters with a warning that voting in Trump would bring back World War II-era internment camps .",kamala
fing_disgrace_trump_campaign_fumes_at_despicable_and_racist_kamala_ad.txt_492,18,18,The Donald Trump campaign is fuming over a “ despicable and racist ” attack ad from Kamala,Harris,", which targets Asian American voters with a warning that voting in Trump would bring back World War II-era internment camps .",harris
fing_disgrace_trump_campaign_fumes_at_despicable_and_racist_kamala_ad.txt_492,31,31,"The Donald Trump campaign is fuming over a “ despicable and racist ” attack ad from Kamala Harris , which targets Asian American voters with a warning that voting in",Trump,would bring back World War II-era internment camps .,trump
fing_disgrace_trump_campaign_fumes_at_despicable_and_racist_kamala_ad.txt_492,38,38,"The Donald Trump campaign is fuming over a “ despicable and racist ” attack ad from Kamala Harris , which targets Asian American voters with a warning that voting in Trump would bring back World War II-era",internment,camps .,men
fing_disgrace_trump_campaign_fumes_at_despicable_and_racist_kamala_ad.txt_493,15,15,"The ad , which targets Asian American voters specifically , appears to suggest that",Trump,would bring about an environment in which they could once again face internment like they did after the Empire of Japan bombed Pearl Harbor in 1941 . It also predicts that Trump would spark a rise in racially-motivated crimes like the 1982 murder of Vincent Chin — a Chinese immigrant,trump
fing_disgrace_trump_campaign_fumes_at_despicable_and_racist_kamala_ad.txt_493,20,20,"The ad , which targets Asian American voters specifically , appears to suggest that Trump would bring about an",environment,in which they could once again face internment like they did after the Empire of Japan bombed Pearl Harbor in 1941 . It also predicts that Trump would spark a rise in racially-motivated crimes like the 1982 murder of Vincent Chin — a Chinese immigrant who was beaten to death,men
fing_disgrace_trump_campaign_fumes_at_despicable_and_racist_kamala_ad.txt_493,28,28,"The ad , which targets Asian American voters specifically , appears to suggest that Trump would bring about an environment in which they could once again face",internment,like they did after the Empire of Japan bombed Pearl Harbor in 1941 . It also predicts that Trump would spark a rise in racially-motivated crimes like the 1982 murder of Vincent Chin — a Chinese immigrant who was beaten to death by two white auto workers more than forty,men
fing_disgrace_trump_campaign_fumes_at_despicable_and_racist_kamala_ad.txt_493,47,47,"The ad , which targets Asian American voters specifically , appears to suggest that Trump would bring about an environment in which they could once again face internment like they did after the Empire of Japan bombed Pearl Harbor in 1941 . It also predicts that",Trump,would spark a rise in racially-motivated crimes like the 1982 murder of Vincent Chin — a Chinese immigrant who was beaten to death by two white auto workers more than forty years ago .,trump
fing_disgrace_trump_campaign_fumes_at_despicable_and_racist_kamala_ad.txt_493,65,65,Trump would bring about an environment in which they could once again face internment like they did after the Empire of Japan bombed Pearl Harbor in 1941 . It also predicts that Trump would spark a rise in racially-motivated crimes like the 1982 murder of Vincent Chin — a Chinese,immigrant,who was beaten to death by two white auto workers more than forty years ago .,immigrant
fing_disgrace_trump_campaign_fumes_at_despicable_and_racist_kamala_ad.txt_494,1,1,,Trump,"spokesman Steven Cheung , the son of Chinese immigrants , told The Daily Wire that the ad shows the campaign has “ no morals , decency , or ethical standards . ”",trump
fing_disgrace_trump_campaign_fumes_at_despicable_and_racist_kamala_ad.txt_494,10,10,"Trump spokesman Steven Cheung , the son of Chinese",immigrants,", told The Daily Wire that the ad shows the campaign has “ no morals , decency , or ethical standards . ”",immigrant
fing_disgrace_trump_campaign_fumes_at_despicable_and_racist_kamala_ad.txt_495,9,9,“ This is despicable and racist behavior by,Kamala,"Harris and her team , ” Cheung said . “ They have no morals , decency , or ethical standards , so they resort to the lowest form of political theater . ”",kamala
fing_disgrace_trump_campaign_fumes_at_despicable_and_racist_kamala_ad.txt_495,10,10,“ This is despicable and racist behavior by Kamala,Harris,"and her team , ” Cheung said . “ They have no morals , decency , or ethical standards , so they resort to the lowest form of political theater . ”",harris
fing_disgrace_trump_campaign_fumes_at_despicable_and_racist_kamala_ad.txt_496,8,8,Things are getting out of hand .,@KamalaHarris,"just dropped a new ad targeting Asian voters that suggests Trump will bring back internment camps , blames him for the 1982 murder of Vincent Chin pic.twitter.com / CYa3ZhdKfz",kamala
fing_disgrace_trump_campaign_fumes_at_despicable_and_racist_kamala_ad.txt_496,8,8,Things are getting out of hand .,@KamalaHarris,"just dropped a new ad targeting Asian voters that suggests Trump will bring back internment camps , blames him for the 1982 murder of Vincent Chin pic.twitter.com / CYa3ZhdKfz",harris
fing_disgrace_trump_campaign_fumes_at_despicable_and_racist_kamala_ad.txt_496,19,19,Things are getting out of hand . @KamalaHarris just dropped a new ad targeting Asian voters that suggests,Trump,"will bring back internment camps , blames him for the 1982 murder of Vincent Chin pic.twitter.com / CYa3ZhdKfz",trump
fing_disgrace_trump_campaign_fumes_at_despicable_and_racist_kamala_ad.txt_496,23,23,Things are getting out of hand . @KamalaHarris just dropped a new ad targeting Asian voters that suggests Trump will bring back,internment,"camps , blames him for the 1982 murder of Vincent Chin pic.twitter.com / CYa3ZhdKfz",men
fing_disgrace_trump_campaign_fumes_at_despicable_and_racist_kamala_ad.txt_499,6,6,Cheung took aim at the,Harris,"campaign official in charge of courting Asian American voters , Andrew Peng .",harris
fing_disgrace_trump_campaign_fumes_at_despicable_and_racist_kamala_ad.txt_501,7,7,The ad flashes images of the,internment,"camps and concludes with Harris ’ endorsement of the content and the message — but critics , several of whom are Asian Americans themselves , were less than impressed with the Democratic nominee’s latest efforts to reach them .",men
fing_disgrace_trump_campaign_fumes_at_despicable_and_racist_kamala_ad.txt_501,12,12,The ad flashes images of the internment camps and concludes with,Harris,"’ endorsement of the content and the message — but critics , several of whom are Asian Americans themselves , were less than impressed with the Democratic nominee’s latest efforts to reach them .",harris
fing_disgrace_trump_campaign_fumes_at_despicable_and_racist_kamala_ad.txt_501,14,14,The ad flashes images of the internment camps and concludes with Harris ’,endorsement,"of the content and the message — but critics , several of whom are Asian Americans themselves , were less than impressed with the Democratic nominee’s latest efforts to reach them .",men
fing_disgrace_trump_campaign_fumes_at_despicable_and_racist_kamala_ad.txt_502,14,14,"Virginia Republican Senate candidate Hung Cao , for example , is a Vietnamese",immigrant,whose family fled communist rule after the fall of Saigon . He said that behind all the bluster and fear-mongering that the Left has continued to stoke against Trump lurked a Democratic Party just waiting for enough power to turn the United States into the same hell from which families,immigrant
fing_disgrace_trump_campaign_fumes_at_despicable_and_racist_kamala_ad.txt_502,43,43,"Virginia Republican Senate candidate Hung Cao , for example , is a Vietnamese immigrant whose family fled communist rule after the fall of Saigon . He said that behind all the bluster and fear-mongering that the Left has continued to stoke against",Trump,lurked a Democratic Party just waiting for enough power to turn the United States into the same hell from which families like his had escaped .,trump
fing_disgrace_trump_campaign_fumes_at_despicable_and_racist_kamala_ad.txt_504,16,16,"“ Nope , that’s not it . Americans of Asian heritage know full well what",Kamala,"Harris would turn our country into : the places our families escaped from . That’s why we are supporting @realDonaldTrump , ” he said .",kamala
fing_disgrace_trump_campaign_fumes_at_despicable_and_racist_kamala_ad.txt_504,17,17,"“ Nope , that’s not it . Americans of Asian heritage know full well what Kamala",Harris,"would turn our country into : the places our families escaped from . That’s why we are supporting @realDonaldTrump , ” he said .",harris
fing_disgrace_trump_campaign_fumes_at_despicable_and_racist_kamala_ad.txt_504,36,36,"“ Nope , that’s not it . Americans of Asian heritage know full well what Kamala Harris would turn our country into : the places our families escaped from . That’s why we are supporting",@realDonaldTrump,", ” he said .",donald
fing_disgrace_trump_campaign_fumes_at_despicable_and_racist_kamala_ad.txt_504,36,36,"“ Nope , that’s not it . Americans of Asian heritage know full well what Kamala Harris would turn our country into : the places our families escaped from . That’s why we are supporting",@realDonaldTrump,", ” he said .",trump
fing_disgrace_trump_campaign_fumes_at_despicable_and_racist_kamala_ad.txt_505,15,15,"Nope , that's not it . Americans of Asian heritage know full well what",Kamala,Harris would turn our country into : the places our families escaped from . That's why we are supporting @realDonaldTrump . 10 : 51 AM : / / t.co / dTBooYg1S7,kamala
fing_disgrace_trump_campaign_fumes_at_despicable_and_racist_kamala_ad.txt_505,16,16,"Nope , that's not it . Americans of Asian heritage know full well what Kamala",Harris,would turn our country into : the places our families escaped from . That's why we are supporting @realDonaldTrump . 10 : 51 AM : / / t.co / dTBooYg1S7,harris
fing_disgrace_trump_campaign_fumes_at_despicable_and_racist_kamala_ad.txt_505,35,35,"Nope , that's not it . Americans of Asian heritage know full well what Kamala Harris would turn our country into : the places our families escaped from . That's why we are supporting",@realDonaldTrump,. 10 : 51 AM : / / t.co / dTBooYg1S7,donald
fing_disgrace_trump_campaign_fumes_at_despicable_and_racist_kamala_ad.txt_505,35,35,"Nope , that's not it . Americans of Asian heritage know full well what Kamala Harris would turn our country into : the places our families escaped from . That's why we are supporting",@realDonaldTrump,. 10 : 51 AM : / / t.co / dTBooYg1S7,trump
fing_disgrace_trump_campaign_fumes_at_despicable_and_racist_kamala_ad.txt_508,1,1,,Commentator,"Guy Benson weighed in as well , saying , “ The Harris campaign is running an anti-Trump ad that flashes an image of an * internment camp * ( created by a Democratic president , if we’re going there ) and appears to blame Trump for the early-80s murder of",men
fing_disgrace_trump_campaign_fumes_at_despicable_and_racist_kamala_ad.txt_508,13,13,"Commentator Guy Benson weighed in as well , saying , “ The",Harris,"campaign is running an anti-Trump ad that flashes an image of an * internment camp * ( created by a Democratic president , if we’re going there ) and appears to blame Trump for the early-80s murder of an Asian man in Michigan . Astonishing demagoguery . ”",harris
fing_disgrace_trump_campaign_fumes_at_despicable_and_racist_kamala_ad.txt_508,18,18,"Commentator Guy Benson weighed in as well , saying , “ The Harris campaign is running an",anti-Trump,"ad that flashes an image of an * internment camp * ( created by a Democratic president , if we’re going there ) and appears to blame Trump for the early-80s murder of an Asian man in Michigan . Astonishing demagoguery . ”",trump
fing_disgrace_trump_campaign_fumes_at_despicable_and_racist_kamala_ad.txt_508,27,27,"Commentator Guy Benson weighed in as well , saying , “ The Harris campaign is running an anti-Trump ad that flashes an image of an *",internment,"camp * ( created by a Democratic president , if we’re going there ) and appears to blame Trump for the early-80s murder of an Asian man in Michigan . Astonishing demagoguery . ”",men
fing_disgrace_trump_campaign_fumes_at_despicable_and_racist_kamala_ad.txt_508,46,46,"Commentator Guy Benson weighed in as well , saying , “ The Harris campaign is running an anti-Trump ad that flashes an image of an * internment camp * ( created by a Democratic president , if we’re going there ) and appears to blame",Trump,for the early-80s murder of an Asian man in Michigan . Astonishing demagoguery . ”,trump
fing_disgrace_trump_campaign_fumes_at_despicable_and_racist_kamala_ad.txt_509,2,2,The,Harris,"campaign is running an anti-Trump ad that flashes an image of an * internment camp * ( created by a Democratic president , if we’re going there ) and appears to blame Trump for the early-80s murder of an Asian man in Michigan . Astonishing demagoguery . : / /",harris
fing_disgrace_trump_campaign_fumes_at_despicable_and_racist_kamala_ad.txt_509,7,7,The Harris campaign is running an,anti-Trump,"ad that flashes an image of an * internment camp * ( created by a Democratic president , if we’re going there ) and appears to blame Trump for the early-80s murder of an Asian man in Michigan . Astonishing demagoguery . : / / t.co / 5HqRt9YKwc",trump
fing_disgrace_trump_campaign_fumes_at_despicable_and_racist_kamala_ad.txt_509,16,16,The Harris campaign is running an anti-Trump ad that flashes an image of an *,internment,"camp * ( created by a Democratic president , if we’re going there ) and appears to blame Trump for the early-80s murder of an Asian man in Michigan . Astonishing demagoguery . : / / t.co / 5HqRt9YKwc",men
fing_disgrace_trump_campaign_fumes_at_despicable_and_racist_kamala_ad.txt_509,35,35,"The Harris campaign is running an anti-Trump ad that flashes an image of an * internment camp * ( created by a Democratic president , if we’re going there ) and appears to blame",Trump,for the early-80s murder of an Asian man in Michigan . Astonishing demagoguery . : / / t.co / 5HqRt9YKwc,trump
fing_disgrace_trump_campaign_fumes_at_despicable_and_racist_kamala_ad.txt_512,9,9,"“ What an insane ad , ” conservative",commentator,"Steve Guest added . “ Further , the fact Democrats don’t face more criticism all these years later for FDR’s internment camps is bananas too . ”",men
fing_disgrace_trump_campaign_fumes_at_despicable_and_racist_kamala_ad.txt_512,30,30,"“ What an insane ad , ” conservative commentator Steve Guest added . “ Further , the fact Democrats don’t face more criticism all these years later for FDR’s",internment,camps is bananas too . ”,men
fing_disgrace_trump_campaign_fumes_at_despicable_and_racist_kamala_ad.txt_514,16,16,"Further , the fact Democrats don't face more criticism all these years later for FDR's",internment,camps is bananas too . : / / t.co / hie0Xhqq7l,men
fing_disgrace_trump_campaign_fumes_at_despicable_and_racist_kamala_ad.txt_517,9,9,“ Only one party ever put people in,internment,"camps . Guess which one ? ” RedState’s Bonchie posted , a reference to the fact that it was a Democrat president , Franklin Delano Roosevelt , responsible for the Japanese camps .",men
fing_disgrace_trump_campaign_fumes_at_despicable_and_racist_kamala_ad.txt_518,8,8,Only one party ever put people in,internment,camps . Guess which one ? : / / t.co / 74ySXyuige,men
fing_disgrace_trump_campaign_fumes_at_despicable_and_racist_kamala_ad.txt_526,2,2,The,Harris,"campaign said in a Saturday press release that the ad would air in every battleground state , and said it aimed to “ the need to safeguard democracy and protect the fundamental rights of Asian American communities who have too often been vilified , excluded , and marginalized throughout history",harris
fing_disgrace_trump_campaign_fumes_at_despicable_and_racist_kamala_ad.txt_526,34,34,"The Harris campaign said in a Saturday press release that the ad would air in every battleground state , and said it aimed to “ the need to safeguard democracy and protect the",fundamental,"rights of Asian American communities who have too often been vilified , excluded , and marginalized throughout history . ”",men
harmeet_dhillon_shreds_kamalas_record_as_da.txt_531,4,4,Harmeet Dhillon Shreds,Kamala’s,Record As DA,kamala
harmeet_dhillon_shreds_kamalas_record_as_da.txt_538,20,20,Famed conservative lawyer Harmeet Dhillon took to X on Monday to lay out a lengthy thread decimating Vice President,Kamala,Harris ’ record as district attorney in San Francisco .,kamala
harmeet_dhillon_shreds_kamalas_record_as_da.txt_538,21,21,Famed conservative lawyer Harmeet Dhillon took to X on Monday to lay out a lengthy thread decimating Vice President Kamala,Harris,’ record as district attorney in San Francisco .,harris
harmeet_dhillon_shreds_kamalas_record_as_da.txt_539,8,8,Dhillon began by saying a member of,Harris,"’ staff told her that when Harris was the San Francisco DA , “ one of her top deputies regularly rounded the office urging prosecutors to stop by Harris ’ fundraisers for re-election to donate and / or volunteer . ” The staffer reportedly told Dhillon that she was told",harris
harmeet_dhillon_shreds_kamalas_record_as_da.txt_539,15,15,Dhillon began by saying a member of Harris ’ staff told her that when,Harris,"was the San Francisco DA , “ one of her top deputies regularly rounded the office urging prosecutors to stop by Harris ’ fundraisers for re-election to donate and / or volunteer . ” The staffer reportedly told Dhillon that she was told it would be “ good for her",harris
harmeet_dhillon_shreds_kamalas_record_as_da.txt_539,37,37,"Dhillon began by saying a member of Harris ’ staff told her that when Harris was the San Francisco DA , “ one of her top deputies regularly rounded the office urging prosecutors to stop by",Harris,’ fundraisers for re-election to donate and / or volunteer . ” The staffer reportedly told Dhillon that she was told it would be “ good for her career to contribute . ”,harris
harmeet_dhillon_shreds_kamalas_record_as_da.txt_542,2,2,While,Harris,"was the DA in San Francisco , the supervisor in one of the criminal units was a no-show who literally phoned it in from San Diego , filling out fake time sheets from there where his boyfriend was . This went on for years , only ending under George Gascon’s",harris
harmeet_dhillon_shreds_kamalas_record_as_da.txt_546,7,7,Dhillon then said a prosecutor in,Harris,"’ DA office told her that “ as policy , [ the office ] did not allege prior crime ‘ strikes ’ in indictments as is routinely done in other counties such as the one where the deputy DA had come from . ”",harris
harmeet_dhillon_shreds_kamalas_record_as_da.txt_546,31,31,"Dhillon then said a prosecutor in Harris ’ DA office told her that “ as policy , [ the office ] did not allege prior crime ‘ strikes ’ in",indictments,as is routinely done in other counties such as the one where the deputy DA had come from . ”,men
harmeet_dhillon_shreds_kamalas_record_as_da.txt_547,27,27,"That deputy DA “ was criticized for alleging strikes ; only supervisors were allowed to authorize this and it was rarely done , yet another way",Harris,"went soft on crime , ” Dhillon said . “ What does it mean when you don’t allege strikes ? [ I ] t means that a career criminal , a violent criminal , who commits multiple crimes gets two years instead of 25 to life . The prosecutor complained",harris
harmeet_dhillon_shreds_kamalas_record_as_da.txt_552,6,6,Dhillon also brought up how,Harris,"violated her pledge to stay under a voluntary spending cap when she ran for DA back in 2003 . California’s Ethics Commission claimed the violations were “ unintentional , ” but Harris was fined $ 34,000 anyway , the San Francisco Chronicle reported at the time . It was the",harris
harmeet_dhillon_shreds_kamalas_record_as_da.txt_552,38,38,"Dhillon also brought up how Harris violated her pledge to stay under a voluntary spending cap when she ran for DA back in 2003 . California’s Ethics Commission claimed the violations were “ unintentional , ” but",Harris,"was fined $ 34,000 anyway , the San Francisco Chronicle reported at the time . It was the largest fine under San Francisco’s campaign finance law at the time .",harris
harmeet_dhillon_shreds_kamalas_record_as_da.txt_553,2,2,After,Harris,"won the election , Dhillon said in a post on X , Harris “ immediately sent out mass ‘ let’s make a deal ’ letters to every defense lawyer with a pending murder case . ”",harris
harmeet_dhillon_shreds_kamalas_record_as_da.txt_553,15,15,"After Harris won the election , Dhillon said in a post on X ,",Harris,“ immediately sent out mass ‘ let’s make a deal ’ letters to every defense lawyer with a pending murder case . ”,harris
harmeet_dhillon_shreds_kamalas_record_as_da.txt_554,18,18,"“ These cases were almost all pled out to manslaughter or even lesser charges , and then",Harris,"claimed these as convictions on murder cases for her closure rate , ” Dhillon wrote . “ This is unheard of and set a tone of defense lawyers not taking her office seriously . ”",harris
harmeet_dhillon_shreds_kamalas_record_as_da.txt_555,2,2,When,Kamala,"Harris became the DA after violating the campaign finance limits to out-raise and outspend her former boss , who did obey the limits , she immediately sent out mass “ let’s make a deal ” letters to every defense lawyer with a pending murder case . These cases were almost",kamala
harmeet_dhillon_shreds_kamalas_record_as_da.txt_555,3,3,When Kamala,Harris,"became the DA after violating the campaign finance limits to out-raise and outspend her former boss , who did obey the limits , she immediately sent out mass “ let’s make a deal ” letters to every defense lawyer with a pending murder case . These cases were almost …",harris
harmeet_dhillon_shreds_kamalas_record_as_da.txt_558,6,6,Dhillon then moved on to,Harris,"’ “ incompetence , ” which “ got two gang violence witnesses killed , by housing them just across county lines . The bad guys found and killed them , the cases then fell apart . And scared witnesses then refused to testify against more bad guys . Rinse and",harris
harmeet_dhillon_shreds_kamalas_record_as_da.txt_559,1,1,,Kamala,Harris ’ incompetence got two,kamala
harmeet_dhillon_shreds_kamalas_record_as_da.txt_559,2,2,Kamala,Harris,’ incompetence got two,harris
harmeet_dhillon_shreds_kamalas_record_as_da.txt_564,4,4,Dhillon also took,Harris,"to task for her low conviction rate , which she said “ was a widely known joke in CA law enforcement circles . ”",harris
harmeet_dhillon_shreds_kamalas_record_as_da.txt_564,25,25,"Dhillon also took Harris to task for her low conviction rate , which she said “ was a widely known joke in CA law",enforcement,circles . ”,men
harmeet_dhillon_shreds_kamalas_record_as_da.txt_566,1,1,,Harris,"also “ manipulated the stats as DA by charging only cases that were ‘ trial ready ’ in the first place — an absurd metric as most cases are built up after charging on a probable cause basis , ” Dhillon said .",harris
harmeet_dhillon_shreds_kamalas_record_as_da.txt_568,1,1,,Kamala,"Harris manipulated the stats as DA by charging only cases that were “ trial ready ” in the first place — an absurd metric as most cases are built up after charging on a probable cause basis . Even so , her conviction rate was a joke . pic.twitter.com /",kamala
harmeet_dhillon_shreds_kamalas_record_as_da.txt_568,2,2,Kamala,Harris,"manipulated the stats as DA by charging only cases that were “ trial ready ” in the first place — an absurd metric as most cases are built up after charging on a probable cause basis . Even so , her conviction rate was a joke . pic.twitter.com / s43ej0EgNp",harris
harris_should_be_impeached.txt_575,1,1,,Harris,Should Be Impeached,harris
harris_should_be_impeached.txt_582,1,1,,Kamala,Harris should be impeached .,kamala
harris_should_be_impeached.txt_582,2,2,Kamala,Harris,should be impeached .,harris
harris_should_be_impeached.txt_583,26,26,"There are a bunch of reasons she could theoretically be impeached . For example , the fact that she has not yet invoked the 25th",Amendment,to get rid of her boss after defenestrating him from his nomination would be a pretty good-sized abdication of her constitutional duty .,men
harris_should_be_impeached.txt_584,24,24,The Constitution suggests that the vice president is chiefly responsible for getting rid of the president if the president is no longer compos,mentis,"— if his brain no longer functions . That has been the case for Joe Biden for a long while . So clearly has that been the case , that Kamala Harris and the Democratic Party pushed him off the back of a train to get him out of the",men
harris_should_be_impeached.txt_584,55,55,"the vice president is chiefly responsible for getting rid of the president if the president is no longer compos mentis — if his brain no longer functions . That has been the case for Joe Biden for a long while . So clearly has that been the case , that",Kamala,"Harris and the Democratic Party pushed him off the back of a train to get him out of the nomination . But they left him in office , which means she has abdicated her duty .",kamala
harris_should_be_impeached.txt_584,56,56,"vice president is chiefly responsible for getting rid of the president if the president is no longer compos mentis — if his brain no longer functions . That has been the case for Joe Biden for a long while . So clearly has that been the case , that Kamala",Harris,"and the Democratic Party pushed him off the back of a train to get him out of the nomination . But they left him in office , which means she has abdicated her duty .",harris
harris_should_be_impeached.txt_585,32,32,But there’s something more specific that I want to look at today . I want to go all the way back in the time machine to 2019 . You remember that,Donald,"Trump was impeached twice . The first time he was actually not impeached over January 6 , he was impeached over Ukraine .",donald
harris_should_be_impeached.txt_585,33,33,But there’s something more specific that I want to look at today . I want to go all the way back in the time machine to 2019 . You remember that Donald,Trump,"was impeached twice . The first time he was actually not impeached over January 6 , he was impeached over Ukraine .",trump
harris_should_be_impeached.txt_586,1,1,,Trump,"held a phone call with Volodymyr Zelensky in which he allegedly threatened Zelensky with the withdrawal of American military aid if Zelensky did not cause prosecutors in Ukraine to investigate Joe and Hunter Biden’s relationship with Burisma , a natural gas company in Ukraine where Hunter Biden served on the",trump
harris_should_be_impeached.txt_587,18,18,This was considered an impeachable offense . The basic idea for those who voted in favor of,impeachment,is that the president of the United States could not use foreign policy as a way of manufacturing election-related topics . You could not try to swivel an American election based on withholding aid from an American ally .,men
harris_should_be_impeached.txt_588,8,8,"In fact , here is how the",impeachment,"charges against Trump ran in 2019 . As you may recall , he was , in fact , impeached in the House and then , of course , he was acquitted in the Senate . So , in 2019 , here is how those Trump impeachment charges ran :",men
harris_should_be_impeached.txt_588,11,11,"In fact , here is how the impeachment charges against",Trump,"ran in 2019 . As you may recall , he was , in fact , impeached in the House and then , of course , he was acquitted in the Senate . So , in 2019 , here is how those Trump impeachment charges ran :",trump
harris_should_be_impeached.txt_588,53,53,", here is how the impeachment charges against Trump ran in 2019 . As you may recall , he was , in fact , impeached in the House and then , of course , he was acquitted in the Senate . So , in 2019 , here is how those",Trump,impeachment charges ran :,trump
harris_should_be_impeached.txt_588,54,54,"here is how the impeachment charges against Trump ran in 2019 . As you may recall , he was , in fact , impeached in the House and then , of course , he was acquitted in the Senate . So , in 2019 , here is how those Trump",impeachment,charges ran :,men
harris_should_be_impeached.txt_589,10,10,"Using the powers of his high office , President",Trump,"solicited the interference of a foreign government , Ukraine , in the 2020 United States Presidential election . He did so through a scheme or course of conduct that included soliciting the Government of Ukraine to publicly announce investigations that would benefit his reelection , harm the election prospects of",trump
harris_should_be_impeached.txt_589,17,17,"Using the powers of his high office , President Trump solicited the interference of a foreign",government,", Ukraine , in the 2020 United States Presidential election . He did so through a scheme or course of conduct that included soliciting the Government of Ukraine to publicly announce investigations that would benefit his reelection , harm the election prospects of a political opponent , and influence the",men
harris_should_be_impeached.txt_589,43,43,"Using the powers of his high office , President Trump solicited the interference of a foreign government , Ukraine , in the 2020 United States Presidential election . He did so through a scheme or course of conduct that included soliciting the",Government,"of Ukraine to publicly announce investigations that would benefit his reelection , harm the election prospects of a political opponent , and influence the 2020 United States Presidential election to his advantage . President Trump also sought to pressure the Government of Ukraine to take these steps by conditioning official",men
harris_should_be_impeached.txt_589,78,78,". He did so through a scheme or course of conduct that included soliciting the Government of Ukraine to publicly announce investigations that would benefit his reelection , harm the election prospects of a political opponent , and influence the 2020 United States Presidential election to his advantage . President",Trump,also sought to pressure the Government of Ukraine to take these steps by conditioning official United States Government acts of significant value to Ukraine on its public announcement of the investigations .,trump
harris_should_be_impeached.txt_589,84,84,"scheme or course of conduct that included soliciting the Government of Ukraine to publicly announce investigations that would benefit his reelection , harm the election prospects of a political opponent , and influence the 2020 United States Presidential election to his advantage . President Trump also sought to pressure the",Government,of Ukraine to take these steps by conditioning official United States Government acts of significant value to Ukraine on its public announcement of the investigations .,men
harris_should_be_impeached.txt_589,96,96,"to publicly announce investigations that would benefit his reelection , harm the election prospects of a political opponent , and influence the 2020 United States Presidential election to his advantage . President Trump also sought to pressure the Government of Ukraine to take these steps by conditioning official United States",Government,acts of significant value to Ukraine on its public announcement of the investigations .,men
harris_should_be_impeached.txt_589,106,106,"harm the election prospects of a political opponent , and influence the 2020 United States Presidential election to his advantage . President Trump also sought to pressure the Government of Ukraine to take these steps by conditioning official United States Government acts of significant value to Ukraine on its public",announcement,of the investigations .,men
harris_should_be_impeached.txt_590,11,11,"Just to get it straight , the charge brought against",Trump,"in 2019 was that Donald Trump had made the government of Ukraine do something beneficial to his reelection effort , and in order to do that he had threatened to withdraw their aid .",trump
harris_should_be_impeached.txt_590,16,16,"Just to get it straight , the charge brought against Trump in 2019 was that",Donald,"Trump had made the government of Ukraine do something beneficial to his reelection effort , and in order to do that he had threatened to withdraw their aid .",donald
harris_should_be_impeached.txt_590,17,17,"Just to get it straight , the charge brought against Trump in 2019 was that Donald",Trump,"had made the government of Ukraine do something beneficial to his reelection effort , and in order to do that he had threatened to withdraw their aid .",trump
harris_should_be_impeached.txt_590,21,21,"Just to get it straight , the charge brought against Trump in 2019 was that Donald Trump had made the",government,"of Ukraine do something beneficial to his reelection effort , and in order to do that he had threatened to withdraw their aid .",men
harris_should_be_impeached.txt_600,78,78,"takes control of humanitarian aid . We’ve already published here tapes of Hamas , in which you hear them say themselves they have no more room in their warehouses , ” Channel 12 ‘ s Almog Boker reported on Wednesday evening . “ But this evening we also bring special",documentation,"of what it looks like from inside , with cameras that are tracking it in real time , ” he said .",men
harris_should_be_impeached.txt_604,93,93,"to starvation and widespread suffering , particularly in the enclave’s north where Israel launched a renewed ground operation nearly two weeks ago . The top American officials gave Israel 30 days to “ reverse the downward humanitarian trajectory ” or else it “ may have implications ” for future weapons",transfers,and funding under U.S . law .,trans
harris_should_be_impeached.txt_605,36,36,"Blinken and Austin specifically cite a part of Foreign Assistance Act that bars the U.S . from providing security aid to any nation that “ prohibits or otherwise restricts , directly or indirectly , the",transport,or delivery of United States humanitarian assistance . ”,trans
harris_should_be_impeached.txt_606,23,23,"“ We have seen Israel make changes before , and when they make changes , humanitarian assistance can increase , ” State",Department,spokesman Matthew Miller said Tuesday after the letter’s release .,men
harris_should_be_impeached.txt_614,7,7,The White House had no immediate,comment,". The Israeli prime minister’s office said in a statement that “ we listen to the opinions of the United States , but we will make our final decisions based on our national interest . ”",men
harris_should_be_impeached.txt_614,17,17,The White House had no immediate comment . The Israeli prime minister’s office said in a,statement,"that “ we listen to the opinions of the United States , but we will make our final decisions based on our national interest . ”",men
harris_should_be_impeached.txt_618,23,23,"That admission , that this is about the U.S . presidential race , that there is pressure being put on the Israeli",government,not to retaliate against Iran — that pressure is being driven by electoral concerns along with the threat to withdraw military aid from Israel in order to get Israel to do less with Iran in advance of the election . Do you know what that looks like ? That looks,men
harris_should_be_impeached.txt_618,95,95,aid from Israel in order to get Israel to do less with Iran in advance of the election . Do you know what that looks like ? That looks an awful lot like foreign political interference during an election year . That looks an awful lot like what Democrats impeached,Donald,Trump for in 2019 .,donald
harris_should_be_impeached.txt_618,96,96,from Israel in order to get Israel to do less with Iran in advance of the election . Do you know what that looks like ? That looks an awful lot like foreign political interference during an election year . That looks an awful lot like what Democrats impeached Donald,Trump,for in 2019 .,trump
harris_should_be_impeached.txt_619,79,79,"aid to Israel , supposedly based on humanitarian assistance concerns , which is clearly not the case . Number two , the story that says Israel is going to hold back the full brunt of an attack on the Iranian nuclear facilities in order to facilitate the election efforts of",Kamala,Harris .,kamala
harris_should_be_impeached.txt_619,80,80,"to Israel , supposedly based on humanitarian assistance concerns , which is clearly not the case . Number two , the story that says Israel is going to hold back the full brunt of an attack on the Iranian nuclear facilities in order to facilitate the election efforts of Kamala",Harris,.,harris
harris_should_be_impeached.txt_620,5,5,That is the 2019,impeachment,case in a nutshell .,men
harris_should_be_impeached.txt_621,3,3,"Remember ,",Kamala,"Harris has been on every phone call with Benjamin Netanyahu for weeks . She’s in the room . There are pictures of her in the room . So , she and her campaign are saying to Netanyahu , “ Don’t go too hard on Iran . ” Simultaneously , the",kamala
harris_should_be_impeached.txt_621,4,4,"Remember , Kamala",Harris,"has been on every phone call with Benjamin Netanyahu for weeks . She’s in the room . There are pictures of her in the room . So , she and her campaign are saying to Netanyahu , “ Don’t go too hard on Iran . ” Simultaneously , the secretary",harris
harris_should_be_impeached.txt_622,9,9,That sounds an awful lot like the 2019,impeachment,charge against Donald Trump .,men
harris_should_be_impeached.txt_622,12,12,That sounds an awful lot like the 2019 impeachment charge against,Donald,Trump .,donald
harris_should_be_impeached.txt_622,13,13,That sounds an awful lot like the 2019 impeachment charge against Donald,Trump,.,trump
harris_should_be_impeached.txt_624,27,27,"The media apparently have no interest in whether or not foreign aid provisions are being violated , so long as we’re not talking about Ukraine and",Donald,Trump .,donald
harris_should_be_impeached.txt_624,28,28,"The media apparently have no interest in whether or not foreign aid provisions are being violated , so long as we’re not talking about Ukraine and Donald",Trump,.,trump
here_are_the_things_kamala_has_supported_in_the_past_but_wont_say_if_she_supports_now.txt_630,5,5,Here Are The Things,Kamala,Has Supported In The Past But Won’t Say If She Supports Now,kamala
here_are_the_things_kamala_has_supported_in_the_past_but_wont_say_if_she_supports_now.txt_636,1,1,,Harris,' refusal to say where she is on certain issues has allowed former President Donald Trump’s campaign to tie her to President Joe Biden,harris
here_are_the_things_kamala_has_supported_in_the_past_but_wont_say_if_she_supports_now.txt_636,16,16,Harris ' refusal to say where she is on certain issues has allowed former President,Donald,Trump’s campaign to tie her to President Joe Biden,donald
here_are_the_things_kamala_has_supported_in_the_past_but_wont_say_if_she_supports_now.txt_636,17,17,Harris ' refusal to say where she is on certain issues has allowed former President Donald,Trump’s,campaign to tie her to President Joe Biden,trump
here_are_the_things_kamala_has_supported_in_the_past_but_wont_say_if_she_supports_now.txt_637,3,3,Vice President,Kamala,Harris entered the presidential race late and seemingly hoped to avoid scrutiny of her past positions .,kamala
here_are_the_things_kamala_has_supported_in_the_past_but_wont_say_if_she_supports_now.txt_637,4,4,Vice President Kamala,Harris,entered the presidential race late and seemingly hoped to avoid scrutiny of her past positions .,harris
here_are_the_things_kamala_has_supported_in_the_past_but_wont_say_if_she_supports_now.txt_638,40,40,"Without publicly disavowing her past positions on unpopular policies like banning fracking or mandatory gun buybacks , her aides insisted to media outlets that she had changed her mind on these issues . This is despite the fact that",Harris,herself said her “ values have not changed . ” But there is another list of issues that neither Harris nor her team have said she still supports .,harris
here_are_the_things_kamala_has_supported_in_the_past_but_wont_say_if_she_supports_now.txt_638,60,60,"like banning fracking or mandatory gun buybacks , her aides insisted to media outlets that she had changed her mind on these issues . This is despite the fact that Harris herself said her “ values have not changed . ” But there is another list of issues that neither",Harris,nor her team have said she still supports .,harris
here_are_the_things_kamala_has_supported_in_the_past_but_wont_say_if_she_supports_now.txt_639,17,17,"Typically Left-leaning outlet Axios published a list of such policies on Sunday , noting that “",Harris,is the ‘ no comment ’ candidate — purposely and strategically . She has calculated that it’s safer to be vague on policy matters than lampooned as a flip-flopper or left-winger . ”,harris
here_are_the_things_kamala_has_supported_in_the_past_but_wont_say_if_she_supports_now.txt_639,22,22,"Typically Left-leaning outlet Axios published a list of such policies on Sunday , noting that “ Harris is the ‘ no",comment,’ candidate — purposely and strategically . She has calculated that it’s safer to be vague on policy matters than lampooned as a flip-flopper or left-winger . ”,men
here_are_the_things_kamala_has_supported_in_the_past_but_wont_say_if_she_supports_now.txt_640,24,24,"Of course , that means voters who support her don’t have any actual clue what she actually supports – and that’s the way",Harris,and her campaign want it .,harris
here_are_the_things_kamala_has_supported_in_the_past_but_wont_say_if_she_supports_now.txt_641,6,6,Here’s the list of things,Harris,"has supported in the past but has refused to say whether she still supports , per Axios :",harris
here_are_the_things_kamala_has_supported_in_the_past_but_wont_say_if_she_supports_now.txt_642,4,4,"In addition ,",Harris,’ campaign wouldn’t tell CNN where she stood on two additional issues she held in 2019 during her first run for president : “ Federal prisoners and detained immigrants obtaining taxpayer-funded gender transition surgeries ” and “ an open-ended pledge to ‘ end ’ immigration detention . ”,harris
here_are_the_things_kamala_has_supported_in_the_past_but_wont_say_if_she_supports_now.txt_642,33,33,"In addition , Harris ’ campaign wouldn’t tell CNN where she stood on two additional issues she held in 2019 during her first run for president : “ Federal prisoners and detained",immigrants,obtaining taxpayer-funded gender transition surgeries ” and “ an open-ended pledge to ‘ end ’ immigration detention . ”,immigrant
here_are_the_things_kamala_has_supported_in_the_past_but_wont_say_if_she_supports_now.txt_642,37,37,"In addition , Harris ’ campaign wouldn’t tell CNN where she stood on two additional issues she held in 2019 during her first run for president : “ Federal prisoners and detained immigrants obtaining taxpayer-funded gender",transition,surgeries ” and “ an open-ended pledge to ‘ end ’ immigration detention . ”,trans
here_are_the_things_kamala_has_supported_in_the_past_but_wont_say_if_she_supports_now.txt_642,49,49,"In addition , Harris ’ campaign wouldn’t tell CNN where she stood on two additional issues she held in 2019 during her first run for president : “ Federal prisoners and detained immigrants obtaining taxpayer-funded gender transition surgeries ” and “ an open-ended pledge to ‘ end ’",immigration,detention . ”,immigration
here_are_the_things_kamala_has_supported_in_the_past_but_wont_say_if_she_supports_now.txt_644,5,5,Axios also asked the,Harris,"campaign if she still supported the following past positions , but the campaign declined to comment :",harris
here_are_the_things_kamala_has_supported_in_the_past_but_wont_say_if_she_supports_now.txt_644,21,21,"Axios also asked the Harris campaign if she still supported the following past positions , but the campaign declined to",comment,:,men
here_are_the_things_kamala_has_supported_in_the_past_but_wont_say_if_she_supports_now.txt_645,1,1,,Harris,"’ refusal to say where she is on certain issues has allowed former President Donald Trump’s campaign to tie her to President Joe Biden , whom Harris replaced as the Democratic nominee . Biden is increasingly unpopular , and Harris has said she couldn’t think of anything she would have",harris
here_are_the_things_kamala_has_supported_in_the_past_but_wont_say_if_she_supports_now.txt_645,16,16,Harris ’ refusal to say where she is on certain issues has allowed former President,Donald,"Trump’s campaign to tie her to President Joe Biden , whom Harris replaced as the Democratic nominee . Biden is increasingly unpopular , and Harris has said she couldn’t think of anything she would have done differently than Biden .",donald
here_are_the_things_kamala_has_supported_in_the_past_but_wont_say_if_she_supports_now.txt_645,17,17,Harris ’ refusal to say where she is on certain issues has allowed former President Donald,Trump’s,"campaign to tie her to President Joe Biden , whom Harris replaced as the Democratic nominee . Biden is increasingly unpopular , and Harris has said she couldn’t think of anything she would have done differently than Biden .",trump
here_are_the_things_kamala_has_supported_in_the_past_but_wont_say_if_she_supports_now.txt_645,28,28,"Harris ’ refusal to say where she is on certain issues has allowed former President Donald Trump’s campaign to tie her to President Joe Biden , whom",Harris,"replaced as the Democratic nominee . Biden is increasingly unpopular , and Harris has said she couldn’t think of anything she would have done differently than Biden .",harris
here_are_the_things_kamala_has_supported_in_the_past_but_wont_say_if_she_supports_now.txt_645,41,41,"Harris ’ refusal to say where she is on certain issues has allowed former President Donald Trump’s campaign to tie her to President Joe Biden , whom Harris replaced as the Democratic nominee . Biden is increasingly unpopular , and",Harris,has said she couldn’t think of anything she would have done differently than Biden .,harris
heres_what_kamala_was_saying_about_gaza_as_sinwar_cited_white_house_pressure_to_reject_hostage_deal.txt_650,3,3,Here’s What,Kamala,Was Saying About Gaza As Sinwar Cited White House Pressure To Reject Hostage Deal,kamala
heres_what_kamala_was_saying_about_gaza_as_sinwar_cited_white_house_pressure_to_reject_hostage_deal.txt_656,17,17,"In the days leading up to Hamas ’ rejection of a ceasefire deal , Vice President",Kamala,Harris ramped up her criticism of Israel,kamala
heres_what_kamala_was_saying_about_gaza_as_sinwar_cited_white_house_pressure_to_reject_hostage_deal.txt_656,18,18,"In the days leading up to Hamas ’ rejection of a ceasefire deal , Vice President Kamala",Harris,ramped up her criticism of Israel,harris
heres_what_kamala_was_saying_about_gaza_as_sinwar_cited_white_house_pressure_to_reject_hostage_deal.txt_658,77,77,"exchange for the release of 40 Israeli hostages . According to the Wall Street Journal , Sinwar argued to Hamas officials that the terror group had the upper hand in negotiations , partly due to increasing U.S . pressure to alleviate suffering in Gaza . It was part of his",argument,"for holding the line in hostage negotiations , even as Israeli forces wiped out terrorists .",men
heres_what_kamala_was_saying_about_gaza_as_sinwar_cited_white_house_pressure_to_reject_hostage_deal.txt_660,17,17,"In the days leading up to Hamas ’ rejection of a ceasefire deal , Vice President",Kamala,"Harris ramped up her criticism of the Israeli government , taking an even firmer stance than President Joe Biden , who was caught on a hot mic that month saying he told the Israeli Prime Minister they would have a “ come to Jesus meeting . ”",kamala
heres_what_kamala_was_saying_about_gaza_as_sinwar_cited_white_house_pressure_to_reject_hostage_deal.txt_660,18,18,"In the days leading up to Hamas ’ rejection of a ceasefire deal , Vice President Kamala",Harris,"ramped up her criticism of the Israeli government , taking an even firmer stance than President Joe Biden , who was caught on a hot mic that month saying he told the Israeli Prime Minister they would have a “ come to Jesus meeting . ”",harris
heres_what_kamala_was_saying_about_gaza_as_sinwar_cited_white_house_pressure_to_reject_hostage_deal.txt_660,26,26,"In the days leading up to Hamas ’ rejection of a ceasefire deal , Vice President Kamala Harris ramped up her criticism of the Israeli",government,", taking an even firmer stance than President Joe Biden , who was caught on a hot mic that month saying he told the Israeli Prime Minister they would have a “ come to Jesus meeting . ”",men
heres_what_kamala_was_saying_about_gaza_as_sinwar_cited_white_house_pressure_to_reject_hostage_deal.txt_661,5,5,"On March 3 ,",Harris,"harshly criticized Israel in a Selma , Alabama speech , where she demanded an “ immediate ceasefire , ” calling the images from Gaza “ devastating . ” She claimed Palestinians were shot when approaching trucks carrying humanitarian aid . The IDF stated that Palestinians were killed or injured when",harris
heres_what_kamala_was_saying_about_gaza_as_sinwar_cited_white_house_pressure_to_reject_hostage_deal.txt_662,5,5,"In the speech ,",Harris,"accused Israel of imposing unnecessary restrictions on humanitarian aid and called for a ceasefire without tying the release of more than a hundred Israeli hostages as a precondition . Members of the National Security Council reportedly toned down parts of the original speech draft which was harsher on Israel ,",harris
heres_what_kamala_was_saying_about_gaza_as_sinwar_cited_white_house_pressure_to_reject_hostage_deal.txt_663,5,5,"That same day ,",Harris,"took to X to reiterate her call for a ceasefire , calling the situation in Gaza “ devastating ” and saying “ our common humanity compels us to act . ” The post made no mention of the hostages .",harris
heres_what_kamala_was_saying_about_gaza_as_sinwar_cited_white_house_pressure_to_reject_hostage_deal.txt_663,41,41,"That same day , Harris took to X to reiterate her call for a ceasefire , calling the situation in Gaza “ devastating ” and saying “ our common humanity compels us to act . ” The post made no",mention,of the hostages .,men
heres_what_kamala_was_saying_about_gaza_as_sinwar_cited_white_house_pressure_to_reject_hostage_deal.txt_664,5,5,"A day later ,",Harris,"met with Israeli politician and Netanyahu rival Benny Gantz , then a member of Netanyahu’s war cabinet , who traveled to Washington in defiance of the prime minister .",harris
heres_what_kamala_was_saying_about_gaza_as_sinwar_cited_white_house_pressure_to_reject_hostage_deal.txt_665,5,5,"On March 9 ,",Harris,"alluded to her frustration with the Israeli government , stating that it was important to not “ conflate the Israeli government with the Israeli people , ” in an interview on CBS .",harris
heres_what_kamala_was_saying_about_gaza_as_sinwar_cited_white_house_pressure_to_reject_hostage_deal.txt_665,13,13,"On March 9 , Harris alluded to her frustration with the Israeli",government,", stating that it was important to not “ conflate the Israeli government with the Israeli people , ” in an interview on CBS .",men
heres_what_kamala_was_saying_about_gaza_as_sinwar_cited_white_house_pressure_to_reject_hostage_deal.txt_665,26,26,"On March 9 , Harris alluded to her frustration with the Israeli government , stating that it was important to not “ conflate the Israeli",government,"with the Israeli people , ” in an interview on CBS .",men
heres_what_kamala_was_saying_about_gaza_as_sinwar_cited_white_house_pressure_to_reject_hostage_deal.txt_667,5,5,"On March 24 ,",Harris,"said she did not rule out “ consequences ” for Israel if it launched a ground invasion into Rafah to fight Hamas , calling any such offensive a “ huge mistake . ”",harris
heres_what_kamala_was_saying_about_gaza_as_sinwar_cited_white_house_pressure_to_reject_hostage_deal.txt_668,27,27,"“ We have been clear in multiple conversations and in every way that any major military operation in Rafah would be a huge mistake , ”",Harris,said in an interview on ABC News . “ I have studied the maps . There’s nowhere for those folks to go . ”,harris
heres_what_kamala_was_saying_about_gaza_as_sinwar_cited_white_house_pressure_to_reject_hostage_deal.txt_669,9,9,"When asked about consequences if Israel invaded ,",Harris,said her administration has “ been very clear in terms of our perspective on whether or not that should happen ” adding that she was “ ruling out nothing . ”,harris
heres_what_kamala_was_saying_about_gaza_as_sinwar_cited_white_house_pressure_to_reject_hostage_deal.txt_673,1,1,,Harris,"’ stepdaughter , Ella Emhoff was meanwhile fundraising for the United Nations Relief and Works Agency ( UNRWA ) during March , which has its U.S . funding suspended over its ties to terror groups in Gaza . Nine UNRWA employees were found to have possible involvement in Hamas ’",harris
heres_what_kamala_was_saying_about_gaza_as_sinwar_cited_white_house_pressure_to_reject_hostage_deal.txt_673,48,48,"Harris ’ stepdaughter , Ella Emhoff was meanwhile fundraising for the United Nations Relief and Works Agency ( UNRWA ) during March , which has its U.S . funding suspended over its ties to terror groups in Gaza . Nine UNRWA employees were found to have possible",involvement,"in Hamas ’ October 7 attack on Israel that included kidnappings , rape , and massacres .",men
heres_where_trump_and_kamala_will_spend_their_final_campaign_day.txt_678,3,3,Here’s Where,Trump,And Kamala Will Spend Their Final Campaign Day,trump
heres_where_trump_and_kamala_will_spend_their_final_campaign_day.txt_678,5,5,Here’s Where Trump And,Kamala,Will Spend Their Final Campaign Day,kamala
heres_where_trump_and_kamala_will_spend_their_final_campaign_day.txt_684,1,1,,Trump,will visit three battleground states while Kamala will focus on just one .,trump
heres_where_trump_and_kamala_will_spend_their_final_campaign_day.txt_684,8,8,Trump will visit three battleground states while,Kamala,will focus on just one .,kamala
heres_where_trump_and_kamala_will_spend_their_final_campaign_day.txt_685,3,3,Former President,Donald,"Trump plans to blitz through three battleground states on Monday , while Vice President Kamala Harris is expected to focus on Pennsylvania with Election Day just hours away .",donald
heres_where_trump_and_kamala_will_spend_their_final_campaign_day.txt_685,4,4,Former President Donald,Trump,"plans to blitz through three battleground states on Monday , while Vice President Kamala Harris is expected to focus on Pennsylvania with Election Day just hours away .",trump
heres_where_trump_and_kamala_will_spend_their_final_campaign_day.txt_685,18,18,"Former President Donald Trump plans to blitz through three battleground states on Monday , while Vice President",Kamala,Harris is expected to focus on Pennsylvania with Election Day just hours away .,kamala
heres_where_trump_and_kamala_will_spend_their_final_campaign_day.txt_685,19,19,"Former President Donald Trump plans to blitz through three battleground states on Monday , while Vice President Kamala",Harris,is expected to focus on Pennsylvania with Election Day just hours away .,harris
heres_where_trump_and_kamala_will_spend_their_final_campaign_day.txt_686,1,1,,Trump,"is scheduled to hold rallies in North Carolina , Pennsylvania , and Michigan , while Harris will spend the day campaigning in the Keystone State . The latest polling shows that Trump has a narrow lead in Pennsylvania and North Carolina , and Harris has a slight edge in Michigan",trump
heres_where_trump_and_kamala_will_spend_their_final_campaign_day.txt_686,17,17,"Trump is scheduled to hold rallies in North Carolina , Pennsylvania , and Michigan , while",Harris,"will spend the day campaigning in the Keystone State . The latest polling shows that Trump has a narrow lead in Pennsylvania and North Carolina , and Harris has a slight edge in Michigan .",harris
heres_where_trump_and_kamala_will_spend_their_final_campaign_day.txt_686,33,33,"Trump is scheduled to hold rallies in North Carolina , Pennsylvania , and Michigan , while Harris will spend the day campaigning in the Keystone State . The latest polling shows that",Trump,"has a narrow lead in Pennsylvania and North Carolina , and Harris has a slight edge in Michigan .",trump
heres_where_trump_and_kamala_will_spend_their_final_campaign_day.txt_686,45,45,"Trump is scheduled to hold rallies in North Carolina , Pennsylvania , and Michigan , while Harris will spend the day campaigning in the Keystone State . The latest polling shows that Trump has a narrow lead in Pennsylvania and North Carolina , and",Harris,has a slight edge in Michigan .,harris
heres_where_trump_and_kamala_will_spend_their_final_campaign_day.txt_688,1,1,,Trump,"will begin Monday morning in Raleigh , North Carolina , where he will speak at the J.S . Dorton arena at 10 : 00 a.m . Trump , who won the state in both 2016 and 2020 , also visited the Tar Heel State on Saturday and Sunday , where",trump
heres_where_trump_and_kamala_will_spend_their_final_campaign_day.txt_688,28,28,"Trump will begin Monday morning in Raleigh , North Carolina , where he will speak at the J.S . Dorton arena at 10 : 00 a.m .",Trump,", who won the state in both 2016 and 2020 , also visited the Tar Heel State on Saturday and Sunday , where he held rallies in Gastonia , Greensboro , and Kinston .",trump
heres_where_trump_and_kamala_will_spend_their_final_campaign_day.txt_689,3,3,"Next ,",Trump,"will head to Pennsylvania for events in Reading and Pittsburgh . On Sunday , he rallied in Lititz , where he urged his supporters to show up to the polls on Tuesday .",trump
heres_where_trump_and_kamala_will_spend_their_final_campaign_day.txt_690,15,15,"“ You need to get out and vote , it’s very simple , ”",Trump,"said . “ For the past nine years , we’ve been fighting against the most sinister and corrupt forces anywhere on earth . With your vote in this election you can show them once and for all that this nation does not belong to them . This nation belongs to",trump
heres_where_trump_and_kamala_will_spend_their_final_campaign_day.txt_692,1,1,,Trump’s,"last event on Monday will be in Grand Rapids , Michigan , scheduled to begin at 10 : 30 p.m . In 2016 and 2020 , Trump also closed out his campaigns in Grand Rapids .",trump
heres_where_trump_and_kamala_will_spend_their_final_campaign_day.txt_692,28,28,"Trump’s last event on Monday will be in Grand Rapids , Michigan , scheduled to begin at 10 : 30 p.m . In 2016 and 2020 ,",Trump,also closed out his campaigns in Grand Rapids .,trump
heres_where_trump_and_kamala_will_spend_their_final_campaign_day.txt_693,1,1,,Harris,"is holding events in Scranton , Allentown , Pittsburgh , and Philadelphia . The stops in Pittsburgh and Philadelphia will feature celebrities like Lady Gaga , Katy Perry , Ricky Martin , The Roots , and Oprah Winfrey .",harris
heres_where_trump_and_kamala_will_spend_their_final_campaign_day.txt_694,17,17,"“ We need you to vote , Pennsylvania . We need you to vote , ”",Harris,said last week during an event in Harrisburg . “ No one can sit on the sidelines . ”,harris
heres_where_trump_and_kamala_will_spend_their_final_campaign_day.txt_694,25,25,"“ We need you to vote , Pennsylvania . We need you to vote , ” Harris said last week during an event in",Harrisburg,. “ No one can sit on the sidelines . ”,harris
heres_where_trump_and_kamala_will_spend_their_final_campaign_day.txt_695,1,1,,Harris,"spent the weekend campaigning in Michigan , Georgia , and North Carolina .",harris
heres_where_trump_and_kamala_will_spend_their_final_campaign_day.txt_696,1,1,,Harris,"’ running mate , Governor Tim Walz ( D-MN ) , will spend Monday in the Midwest , visiting the Wisconsin cities of La Crosse , Stevens Point , and Milwaukee before heading to Detroit , Michigan . Republican vice presidential candidate and Ohio Senator JD Vance will visit four",harris
how_does_one_vote_for_someone_this_dishonest_after_sinwars_death_kamala_blasted_for_bragging.txt_701,16,16,"‘ How Does One Vote For Someone This Dishonest ? ’ After Sinwar’s Death ,",Kamala,Blasted For Bragging,kamala
how_does_one_vote_for_someone_this_dishonest_after_sinwars_death_kamala_blasted_for_bragging.txt_707,2,2,"""",Kamala,"Harris studied the maps and said Israel could not succeed in Rafah , in case you were wondering if she was or was not an idiot """,kamala
how_does_one_vote_for_someone_this_dishonest_after_sinwars_death_kamala_blasted_for_bragging.txt_707,3,3,""" Kamala",Harris,"studied the maps and said Israel could not succeed in Rafah , in case you were wondering if she was or was not an idiot """,harris
how_does_one_vote_for_someone_this_dishonest_after_sinwars_death_kamala_blasted_for_bragging.txt_708,18,18,"After Israel announced the death of the murderous Hamas leader Yahya Sinwar in Rafah , Vice President",Kamala,"Harris , who had told Israel not to enter Rafah , was ripped for bragging that “ we ” will always bring terrorists to justice .",kamala
how_does_one_vote_for_someone_this_dishonest_after_sinwars_death_kamala_blasted_for_bragging.txt_708,19,19,"After Israel announced the death of the murderous Hamas leader Yahya Sinwar in Rafah , Vice President Kamala",Harris,", who had told Israel not to enter Rafah , was ripped for bragging that “ we ” will always bring terrorists to justice .",harris
how_does_one_vote_for_someone_this_dishonest_after_sinwars_death_kamala_blasted_for_bragging.txt_709,38,38,"“ And I will say to any terrorist who kills Americans , threatens the American people , or threatens our troops or our interests , know this : We will always bring you to justice , ”",Harris,boasted on Thursday .,harris
how_does_one_vote_for_someone_this_dishonest_after_sinwars_death_kamala_blasted_for_bragging.txt_710,16,16,"“ Hamas’s genocidal leader , Yahya Sinwar , was killed in Rafah . Remember ,",Kamala,"Harris ‘ studied the maps ’ and demanded that Israel not enter Rafah . Sinwar would be alive today and terrorizing the world if she got her way . Kamala Harris cannot be trusted as commander-in-chief , ” Arkansas GOP Senator Tom Cotton blasted on X .",kamala
how_does_one_vote_for_someone_this_dishonest_after_sinwars_death_kamala_blasted_for_bragging.txt_710,17,17,"“ Hamas’s genocidal leader , Yahya Sinwar , was killed in Rafah . Remember , Kamala",Harris,"‘ studied the maps ’ and demanded that Israel not enter Rafah . Sinwar would be alive today and terrorizing the world if she got her way . Kamala Harris cannot be trusted as commander-in-chief , ” Arkansas GOP Senator Tom Cotton blasted on X .",harris
how_does_one_vote_for_someone_this_dishonest_after_sinwars_death_kamala_blasted_for_bragging.txt_710,46,46,"“ Hamas’s genocidal leader , Yahya Sinwar , was killed in Rafah . Remember , Kamala Harris ‘ studied the maps ’ and demanded that Israel not enter Rafah . Sinwar would be alive today and terrorizing the world if she got her way .",Kamala,"Harris cannot be trusted as commander-in-chief , ” Arkansas GOP Senator Tom Cotton blasted on X .",kamala
how_does_one_vote_for_someone_this_dishonest_after_sinwars_death_kamala_blasted_for_bragging.txt_710,47,47,"“ Hamas’s genocidal leader , Yahya Sinwar , was killed in Rafah . Remember , Kamala Harris ‘ studied the maps ’ and demanded that Israel not enter Rafah . Sinwar would be alive today and terrorizing the world if she got her way . Kamala",Harris,"cannot be trusted as commander-in-chief , ” Arkansas GOP Senator Tom Cotton blasted on X .",harris
how_does_one_vote_for_someone_this_dishonest_after_sinwars_death_kamala_blasted_for_bragging.txt_711,15,15,"Hamas’s genocidal leader , Yahya Sinwar , was killed in Rafah . Remember ,",Kamala,Harris “ studied the maps ” and demanded that Israel not enter Rafah . Sinwar would be alive today and terrorizing the world if she got her way .,kamala
how_does_one_vote_for_someone_this_dishonest_after_sinwars_death_kamala_blasted_for_bragging.txt_711,16,16,"Hamas’s genocidal leader , Yahya Sinwar , was killed in Rafah . Remember , Kamala",Harris,“ studied the maps ” and demanded that Israel not enter Rafah . Sinwar would be alive today and terrorizing the world if she got her way .,harris
how_does_one_vote_for_someone_this_dishonest_after_sinwars_death_kamala_blasted_for_bragging.txt_712,1,1,,Kamala,Harris cannot be trusted as commander-in-chief .,kamala
how_does_one_vote_for_someone_this_dishonest_after_sinwars_death_kamala_blasted_for_bragging.txt_712,2,2,Kamala,Harris,cannot be trusted as commander-in-chief .,harris
how_does_one_vote_for_someone_this_dishonest_after_sinwars_death_kamala_blasted_for_bragging.txt_715,5,5,"In late March ,",Harris,"was interviewed by Rachel Scott on ABC News’s “ This Week , ” where Scott prompted her by asking if Israel attacking Rafah would cross a “ red line ” for the Biden administration .",harris
how_does_one_vote_for_someone_this_dishonest_after_sinwars_death_kamala_blasted_for_bragging.txt_716,27,27,"“ We have been clear in multiple conversations and in every way that any major military operation in Rafah would be a huge mistake , ”",Harris,"said . “ Let me tell you something , I have been studying the maps . There’s nowhere for those folks to go . And we’re looking at about 1.5 million people in Rafah who were there because they were told to go there , most of them . And",harris
how_does_one_vote_for_someone_this_dishonest_after_sinwars_death_kamala_blasted_for_bragging.txt_718,15,15,“ Sinwar was killed in Rafah – a mile from the Egyptian border .,Kamala,"threatened Israel with sanctions if we went in . Oh , and she studied the maps , ” author Caroline Glick commented .",kamala
how_does_one_vote_for_someone_this_dishonest_after_sinwars_death_kamala_blasted_for_bragging.txt_718,37,37,"“ Sinwar was killed in Rafah – a mile from the Egyptian border . Kamala threatened Israel with sanctions if we went in . Oh , and she studied the maps , ” author Caroline Glick",commented,.,men
how_does_one_vote_for_someone_this_dishonest_after_sinwars_death_kamala_blasted_for_bragging.txt_719,12,12,Sinwar was killed in Rafah – a mile from the Egyptian,border.Kamala,"threatened Israel with sanctions if we went in . Oh , and she studied the maps . : / / t.co / lWqXSqAbSc : / / t.co / xajEkN4Y2Z",kamala
how_does_one_vote_for_someone_this_dishonest_after_sinwars_death_kamala_blasted_for_bragging.txt_723,1,1,,Kamala,"“ studied the maps ” and warned Israel to not dare enter Rafah . Netanyahu ignored her and hostages were found in Rafah . Sinwar was eliminated in Rafah . Kamala makes a statement taking credit for the elimination of Sinwar . She said , and I quote , “",kamala
how_does_one_vote_for_someone_this_dishonest_after_sinwars_death_kamala_blasted_for_bragging.txt_723,32,32,Kamala “ studied the maps ” and warned Israel to not dare enter Rafah . Netanyahu ignored her and hostages were found in Rafah . Sinwar was eliminated in Rafah .,Kamala,"makes a statement taking credit for the elimination of Sinwar . She said , and I quote , “ And I will say to any terrorist who kills Americans … know this . We will always bring you to justice . ” We ? We ? ? ? We ?",kamala
how_does_one_vote_for_someone_this_dishonest_after_sinwars_death_kamala_blasted_for_bragging.txt_723,35,35,Kamala “ studied the maps ” and warned Israel to not dare enter Rafah . Netanyahu ignored her and hostages were found in Rafah . Sinwar was eliminated in Rafah . Kamala makes a,statement,"taking credit for the elimination of Sinwar . She said , and I quote , “ And I will say to any terrorist who kills Americans … know this . We will always bring you to justice . ” We ? We ? ? ? We ? ! ! !",men
how_does_one_vote_for_someone_this_dishonest_after_sinwars_death_kamala_blasted_for_bragging.txt_723,121,121,"to justice . ” We ? We ? ? ? We ? ! ! ! ! How do you say “ Chutzpah ” in English ? Forget everything else , how does one vote for someone this dishonest ? This is repulsive . Israel eliminated Sinwar DESPITE the Biden /",Harris,"admin , not thanks to them .",harris
how_does_one_vote_for_someone_this_dishonest_after_sinwars_death_kamala_blasted_for_bragging.txt_724,1,1,,Kamala,“ studied the maps ” and warned Israel to not dare enter Rafah .,kamala
how_does_one_vote_for_someone_this_dishonest_after_sinwars_death_kamala_blasted_for_bragging.txt_727,1,1,,Kamala,makes a statement taking credit for the elimination of Sinwar .,kamala
how_does_one_vote_for_someone_this_dishonest_after_sinwars_death_kamala_blasted_for_bragging.txt_727,4,4,Kamala makes a,statement,taking credit for the elimination of Sinwar .,men
how_does_one_vote_for_someone_this_dishonest_after_sinwars_death_kamala_blasted_for_bragging.txt_732,14,14,"Sinwar was eliminated in Rafah today . Thanks God @netanyahu ignored Biden ,",Kamala,", Blinken , and Sullivan.pic.twitter.com / 6ADwyItXSg",kamala
how_does_one_vote_for_someone_this_dishonest_after_sinwars_death_kamala_blasted_for_bragging.txt_735,1,1,,Kamala,"Harris studied the maps and said Israel could not succeed in Rafah , in case you were wondering if she was or was not an idiot .",kamala
how_does_one_vote_for_someone_this_dishonest_after_sinwars_death_kamala_blasted_for_bragging.txt_735,2,2,Kamala,Harris,"studied the maps and said Israel could not succeed in Rafah , in case you were wondering if she was or was not an idiot .",harris
how_the_kamala_camp_is_reportedly_manipulating_the_internet_to_fake_support_and_spread_lies.txt_744,3,3,How The,Kamala,Camp Is Reportedly Manipulating The Internet To Fake Support And Spread Lies,kamala
how_the_kamala_camp_is_reportedly_manipulating_the_internet_to_fake_support_and_spread_lies.txt_750,9,9,Elon Musk has opened an investigation into the,Harris,Team's antics on X .,harris
how_the_kamala_camp_is_reportedly_manipulating_the_internet_to_fake_support_and_spread_lies.txt_751,2,2,The,Kamala,"Harris campaign is allegedly manipulating numerous Internet platforms , and possibly breaking rules , to artificially boost her popularity and evade fact-checks on false content .",kamala
how_the_kamala_camp_is_reportedly_manipulating_the_internet_to_fake_support_and_spread_lies.txt_751,3,3,The Kamala,Harris,"campaign is allegedly manipulating numerous Internet platforms , and possibly breaking rules , to artificially boost her popularity and evade fact-checks on false content .",harris
how_the_kamala_camp_is_reportedly_manipulating_the_internet_to_fake_support_and_spread_lies.txt_752,20,20,An investigation from The Federalist uncovered what appears to be a vast astroturfing operation run on Discord by paid,Harris,"staffers . Both Reddit and X , according to the report , have been manipulated to help Harris – allegations that follow reporting about the Harris team engaging in shady practices on Google to effectively rewrite headlines of legacy news media articles , again , to boost Harris .",harris
how_the_kamala_camp_is_reportedly_manipulating_the_internet_to_fake_support_and_spread_lies.txt_752,38,38,"An investigation from The Federalist uncovered what appears to be a vast astroturfing operation run on Discord by paid Harris staffers . Both Reddit and X , according to the report , have been manipulated to help",Harris,"– allegations that follow reporting about the Harris team engaging in shady practices on Google to effectively rewrite headlines of legacy news media articles , again , to boost Harris .",harris
how_the_kamala_camp_is_reportedly_manipulating_the_internet_to_fake_support_and_spread_lies.txt_752,46,46,"An investigation from The Federalist uncovered what appears to be a vast astroturfing operation run on Discord by paid Harris staffers . Both Reddit and X , according to the report , have been manipulated to help Harris – allegations that follow reporting about the",Harris,"team engaging in shady practices on Google to effectively rewrite headlines of legacy news media articles , again , to boost Harris .",harris
how_the_kamala_camp_is_reportedly_manipulating_the_internet_to_fake_support_and_spread_lies.txt_752,68,68,"by paid Harris staffers . Both Reddit and X , according to the report , have been manipulated to help Harris – allegations that follow reporting about the Harris team engaging in shady practices on Google to effectively rewrite headlines of legacy news media articles , again , to boost",Harris,.,harris
how_the_kamala_camp_is_reportedly_manipulating_the_internet_to_fake_support_and_spread_lies.txt_753,4,4,"On Reddit ,",Harris,"staffers allegedly direct volunteers to post specific content to specific threads , and up-vote or down-vote certain posts – effectively spamming threads and seemingly breaking platform rules . The apparent goal is to make Harris appear more popular than she is , and promote content that helps Harris , even",harris
how_the_kamala_camp_is_reportedly_manipulating_the_internet_to_fake_support_and_spread_lies.txt_753,39,39,"On Reddit , Harris staffers allegedly direct volunteers to post specific content to specific threads , and up-vote or down-vote certain posts – effectively spamming threads and seemingly breaking platform rules . The apparent goal is to make",Harris,"appear more popular than she is , and promote content that helps Harris , even if it’s not true . For example , staffers have allegedly directed the boosting of Project 2025 content , which they tie to former President Donald Trump , even though Trump is not connected to",harris
how_the_kamala_camp_is_reportedly_manipulating_the_internet_to_fake_support_and_spread_lies.txt_753,52,52,"Reddit , Harris staffers allegedly direct volunteers to post specific content to specific threads , and up-vote or down-vote certain posts – effectively spamming threads and seemingly breaking platform rules . The apparent goal is to make Harris appear more popular than she is , and promote content that helps",Harris,", even if it’s not true . For example , staffers have allegedly directed the boosting of Project 2025 content , which they tie to former President Donald Trump , even though Trump is not connected to the plan .",harris
how_the_kamala_camp_is_reportedly_manipulating_the_internet_to_fake_support_and_spread_lies.txt_753,80,80,"platform rules . The apparent goal is to make Harris appear more popular than she is , and promote content that helps Harris , even if it’s not true . For example , staffers have allegedly directed the boosting of Project 2025 content , which they tie to former President",Donald,"Trump , even though Trump is not connected to the plan .",donald
how_the_kamala_camp_is_reportedly_manipulating_the_internet_to_fake_support_and_spread_lies.txt_753,81,81,"rules . The apparent goal is to make Harris appear more popular than she is , and promote content that helps Harris , even if it’s not true . For example , staffers have allegedly directed the boosting of Project 2025 content , which they tie to former President Donald",Trump,", even though Trump is not connected to the plan .",trump
how_the_kamala_camp_is_reportedly_manipulating_the_internet_to_fake_support_and_spread_lies.txt_753,85,85,"goal is to make Harris appear more popular than she is , and promote content that helps Harris , even if it’s not true . For example , staffers have allegedly directed the boosting of Project 2025 content , which they tie to former President Donald Trump , even though",Trump,is not connected to the plan .,trump
how_the_kamala_camp_is_reportedly_manipulating_the_internet_to_fake_support_and_spread_lies.txt_754,33,33,"In the matter of 15 days , the staffers were able to get thousands of posts published , and the content has received more than 5.7 million upvotes , and over 400,000",comments,", the report says . It was also uncovered that 126 of the top 1,000 posts on the mega-popular “ Politics ” subreddit , in just the past month , were allegedly published by Harris campaign volunteers .",men
how_the_kamala_camp_is_reportedly_manipulating_the_internet_to_fake_support_and_spread_lies.txt_754,68,68,", and the content has received more than 5.7 million upvotes , and over 400,000 comments , the report says . It was also uncovered that 126 of the top 1,000 posts on the mega-popular “ Politics ” subreddit , in just the past month , were allegedly published by",Harris,campaign volunteers .,harris
how_the_kamala_camp_is_reportedly_manipulating_the_internet_to_fake_support_and_spread_lies.txt_755,11,11,"On X , another hugely influential platform for politics ,",Harris,staffers are directing similar activity from volunteers . One goal from the camp is to block “ community notes ” that are unfavorable to Harris .,harris
how_the_kamala_camp_is_reportedly_manipulating_the_internet_to_fake_support_and_spread_lies.txt_755,36,36,"On X , another hugely influential platform for politics , Harris staffers are directing similar activity from volunteers . One goal from the camp is to block “ community notes ” that are unfavorable to",Harris,.,harris
how_the_kamala_camp_is_reportedly_manipulating_the_internet_to_fake_support_and_spread_lies.txt_757,50,50,"Community notes are basically fact-checks on X , which appear under misleading or outright false posts . Under Elon Musk’s leadership , contributors can add a community note , which is voted on by users to determine if it will be publicly attached to content or not . When",Harris,"campaign staffers direct volunteers to mass “ dislike ” an unfavorable community note , it won’t appear .",harris
how_the_kamala_camp_is_reportedly_manipulating_the_internet_to_fake_support_and_spread_lies.txt_758,5,5,This is likely why,pro-Harris,"accounts have been able to spread falsehoods without fact-checks attached to them . Even CNN , an outlet extremely hostile to Trump , has reported on the routine false information being spewed from “ KamalaHQ , ” the official Harris camp X account . The same goes for other pro-Harris",harris
how_the_kamala_camp_is_reportedly_manipulating_the_internet_to_fake_support_and_spread_lies.txt_758,27,27,"This is likely why pro-Harris accounts have been able to spread falsehoods without fact-checks attached to them . Even CNN , an outlet extremely hostile to",Trump,", has reported on the routine false information being spewed from “ KamalaHQ , ” the official Harris camp X account . The same goes for other pro-Harris accounts that appear to be working for the Biden-Harris administration , too .",trump
how_the_kamala_camp_is_reportedly_manipulating_the_internet_to_fake_support_and_spread_lies.txt_758,40,40,"This is likely why pro-Harris accounts have been able to spread falsehoods without fact-checks attached to them . Even CNN , an outlet extremely hostile to Trump , has reported on the routine false information being spewed from “",KamalaHQ,", ” the official Harris camp X account . The same goes for other pro-Harris accounts that appear to be working for the Biden-Harris administration , too .",kamala
how_the_kamala_camp_is_reportedly_manipulating_the_internet_to_fake_support_and_spread_lies.txt_758,45,45,"This is likely why pro-Harris accounts have been able to spread falsehoods without fact-checks attached to them . Even CNN , an outlet extremely hostile to Trump , has reported on the routine false information being spewed from “ KamalaHQ , ” the official",Harris,"camp X account . The same goes for other pro-Harris accounts that appear to be working for the Biden-Harris administration , too .",harris
how_the_kamala_camp_is_reportedly_manipulating_the_internet_to_fake_support_and_spread_lies.txt_758,55,55,"pro-Harris accounts have been able to spread falsehoods without fact-checks attached to them . Even CNN , an outlet extremely hostile to Trump , has reported on the routine false information being spewed from “ KamalaHQ , ” the official Harris camp X account . The same goes for other",pro-Harris,"accounts that appear to be working for the Biden-Harris administration , too .",harris
how_the_kamala_camp_is_reportedly_manipulating_the_internet_to_fake_support_and_spread_lies.txt_758,64,64,"fact-checks attached to them . Even CNN , an outlet extremely hostile to Trump , has reported on the routine false information being spewed from “ KamalaHQ , ” the official Harris camp X account . The same goes for other pro-Harris accounts that appear to be working for the",Biden-Harris,"administration , too .",harris
how_the_kamala_camp_is_reportedly_manipulating_the_internet_to_fake_support_and_spread_lies.txt_759,16,16,"Google has played a role in the deception , too . Aside from the company’s",documented,"bias against Trump , it also permitted the Harris campaign to change headlines and subheadings of mainstream articles to appear more favorable to Harris , left-leaning outlet Axios exposed over the summer .",men
how_the_kamala_camp_is_reportedly_manipulating_the_internet_to_fake_support_and_spread_lies.txt_759,19,19,"Google has played a role in the deception , too . Aside from the company’s documented bias against",Trump,", it also permitted the Harris campaign to change headlines and subheadings of mainstream articles to appear more favorable to Harris , left-leaning outlet Axios exposed over the summer .",trump
how_the_kamala_camp_is_reportedly_manipulating_the_internet_to_fake_support_and_spread_lies.txt_759,25,25,"Google has played a role in the deception , too . Aside from the company’s documented bias against Trump , it also permitted the",Harris,"campaign to change headlines and subheadings of mainstream articles to appear more favorable to Harris , left-leaning outlet Axios exposed over the summer .",harris
how_the_kamala_camp_is_reportedly_manipulating_the_internet_to_fake_support_and_spread_lies.txt_759,40,40,"Google has played a role in the deception , too . Aside from the company’s documented bias against Trump , it also permitted the Harris campaign to change headlines and subheadings of mainstream articles to appear more favorable to",Harris,", left-leaning outlet Axios exposed over the summer .",harris
how_the_kamala_camp_is_reportedly_manipulating_the_internet_to_fake_support_and_spread_lies.txt_760,30,30,"For example , if one were to conduct a Google search related to health care , they might get a link to an NPR story that’s sponsored by the",Harris,"team . The campaign , however , in numerous instances , has edited that headline and subheadline . In one case , the story would now appear with the headline , “ Harris will lower health care costs . ”",harris
how_the_kamala_camp_is_reportedly_manipulating_the_internet_to_fake_support_and_spread_lies.txt_760,63,63,"to health care , they might get a link to an NPR story that’s sponsored by the Harris team . The campaign , however , in numerous instances , has edited that headline and subheadline . In one case , the story would now appear with the headline , “",Harris,will lower health care costs . ”,harris
how_the_kamala_camp_is_reportedly_manipulating_the_internet_to_fake_support_and_spread_lies.txt_761,24,24,"In other words , users would think they’re reading a preview for an NPR story , while they’re actually reading content from the",Harris,camp .,harris
how_the_kamala_camp_is_reportedly_manipulating_the_internet_to_fake_support_and_spread_lies.txt_762,35,35,"The news organizations whose content was being manipulated , such as USA Today , the Associated Press , NPR , and others , were unaware of the changes . Also of note , the",Trump,campaign does not engage in this shady practice .,trump
how_the_kamala_camp_is_reportedly_manipulating_the_internet_to_fake_support_and_spread_lies.txt_763,33,33,"On Wednesday , “ Reddit Lies , ” the account that broke the story , said it was banned from the campaign-run Discord server that’s organizing the astroturfing operation , indicating the",Harris,team is likely aware the operation has been exposed .,harris
how_the_kamala_camp_is_reportedly_manipulating_the_internet_to_fake_support_and_spread_lies.txt_764,2,2,The,Harris-Walz,volunteer discord server just banned my account .,harris
how_the_kamala_camp_is_reportedly_manipulating_the_internet_to_fake_support_and_spread_lies.txt_768,20,20,"Additionally , Musk has already reacted to the allegations concerning X , announcing he’s opened an investigation into the",Harris,team’s antics .,harris
jake_tapper_fact_checks_kamalas_lie_about_trumps_protect_women_remark.txt_774,4,4,Jake Tapper Fact-Checks,Kamala’s,Lie About Trump’s ‘ Protect Women ’ Remark,kamala
jake_tapper_fact_checks_kamalas_lie_about_trumps_protect_women_remark.txt_774,7,7,Jake Tapper Fact-Checks Kamala’s Lie About,Trump’s,‘ Protect Women ’ Remark,trump
jake_tapper_fact_checks_kamalas_lie_about_trumps_protect_women_remark.txt_774,10,10,Jake Tapper Fact-Checks Kamala’s Lie About Trump’s ‘ Protect,Women,’ Remark,men
jake_tapper_fact_checks_kamalas_lie_about_trumps_protect_women_remark.txt_781,7,7,CNN’s Jake Tapper fact-checked Vice President,Kamala,"Harris ’ lie that former President Donald Trump was talking about abortion when he said he wanted to “ protect women ” whether they “ like it or not , ” when the comment was made about protecting women and children from illegal criminal migrants and missiles from foreign adversaries",kamala
jake_tapper_fact_checks_kamalas_lie_about_trumps_protect_women_remark.txt_781,8,8,CNN’s Jake Tapper fact-checked Vice President Kamala,Harris,"’ lie that former President Donald Trump was talking about abortion when he said he wanted to “ protect women ” whether they “ like it or not , ” when the comment was made about protecting women and children from illegal criminal migrants and missiles from foreign adversaries .",harris
jake_tapper_fact_checks_kamalas_lie_about_trumps_protect_women_remark.txt_781,14,14,CNN’s Jake Tapper fact-checked Vice President Kamala Harris ’ lie that former President,Donald,"Trump was talking about abortion when he said he wanted to “ protect women ” whether they “ like it or not , ” when the comment was made about protecting women and children from illegal criminal migrants and missiles from foreign adversaries .",donald
jake_tapper_fact_checks_kamalas_lie_about_trumps_protect_women_remark.txt_781,15,15,CNN’s Jake Tapper fact-checked Vice President Kamala Harris ’ lie that former President Donald,Trump,"was talking about abortion when he said he wanted to “ protect women ” whether they “ like it or not , ” when the comment was made about protecting women and children from illegal criminal migrants and missiles from foreign adversaries .",trump
jake_tapper_fact_checks_kamalas_lie_about_trumps_protect_women_remark.txt_781,28,28,CNN’s Jake Tapper fact-checked Vice President Kamala Harris ’ lie that former President Donald Trump was talking about abortion when he said he wanted to “ protect,women,"” whether they “ like it or not , ” when the comment was made about protecting women and children from illegal criminal migrants and missiles from foreign adversaries .",men
jake_tapper_fact_checks_kamalas_lie_about_trumps_protect_women_remark.txt_781,41,41,"CNN’s Jake Tapper fact-checked Vice President Kamala Harris ’ lie that former President Donald Trump was talking about abortion when he said he wanted to “ protect women ” whether they “ like it or not , ” when the",comment,was made about protecting women and children from illegal criminal migrants and missiles from foreign adversaries .,men
jake_tapper_fact_checks_kamalas_lie_about_trumps_protect_women_remark.txt_781,46,46,"CNN’s Jake Tapper fact-checked Vice President Kamala Harris ’ lie that former President Donald Trump was talking about abortion when he said he wanted to “ protect women ” whether they “ like it or not , ” when the comment was made about protecting",women,and children from illegal criminal migrants and missiles from foreign adversaries .,men
jake_tapper_fact_checks_kamalas_lie_about_trumps_protect_women_remark.txt_782,16,16,"During a panel on “ The Lead , ” the anchor played the quote by",Harris,and called her out for changing it to fit a narrative about Trump being a misogynist .,harris
jake_tapper_fact_checks_kamalas_lie_about_trumps_protect_women_remark.txt_782,29,29,"During a panel on “ The Lead , ” the anchor played the quote by Harris and called her out for changing it to fit a narrative about",Trump,being a misogynist .,trump
jake_tapper_fact_checks_kamalas_lie_about_trumps_protect_women_remark.txt_783,3,3,“ When,Trump,"said he was going to do something for women , whether they like it or not , ‘ whether the women like it or not , ’ he was talking about protecting women , protecting women whether they like it or not , ” Tapper told the panel . “",trump
jake_tapper_fact_checks_kamalas_lie_about_trumps_protect_women_remark.txt_783,12,12,“ When Trump said he was going to do something for,women,", whether they like it or not , ‘ whether the women like it or not , ’ he was talking about protecting women , protecting women whether they like it or not , ” Tapper told the panel . “ Certainly , you can take issue with the language",men
jake_tapper_fact_checks_kamalas_lie_about_trumps_protect_women_remark.txt_783,24,24,"“ When Trump said he was going to do something for women , whether they like it or not , ‘ whether the",women,"like it or not , ’ he was talking about protecting women , protecting women whether they like it or not , ” Tapper told the panel . “ Certainly , you can take issue with the language , but he wasn’t saying he was just going to do whatever",men
jake_tapper_fact_checks_kamalas_lie_about_trumps_protect_women_remark.txt_783,36,36,"“ When Trump said he was going to do something for women , whether they like it or not , ‘ whether the women like it or not , ’ he was talking about protecting",women,", protecting women whether they like it or not , ” Tapper told the panel . “ Certainly , you can take issue with the language , but he wasn’t saying he was just going to do whatever he wanted , regardless . ”",men
jake_tapper_fact_checks_kamalas_lie_about_trumps_protect_women_remark.txt_783,39,39,"“ When Trump said he was going to do something for women , whether they like it or not , ‘ whether the women like it or not , ’ he was talking about protecting women , protecting",women,"whether they like it or not , ” Tapper told the panel . “ Certainly , you can take issue with the language , but he wasn’t saying he was just going to do whatever he wanted , regardless . ”",men
jake_tapper_fact_checks_kamalas_lie_about_trumps_protect_women_remark.txt_784,21,21,"“ But you take my point , ” he added . “ He’s saying I’m gonna protect them , whether",women,want me to protect them . ”,men
jake_tapper_fact_checks_kamalas_lie_about_trumps_protect_women_remark.txt_786,10,10,"At a rally in Phoenix on Thursday , the",Kamala,"said , “ Now in America , one in three women lives in a state with a Trump abortion ban , many with no exceptions , even for rape and incest , which is immoral . And Donald Trump’s not done . Did everyone hear what he just said yesterday",kamala
jake_tapper_fact_checks_kamalas_lie_about_trumps_protect_women_remark.txt_786,21,21,"At a rally in Phoenix on Thursday , the Kamala said , “ Now in America , one in three",women,"lives in a state with a Trump abortion ban , many with no exceptions , even for rape and incest , which is immoral . And Donald Trump’s not done . Did everyone hear what he just said yesterday ? That he will do what he wants , quote ,",men
jake_tapper_fact_checks_kamalas_lie_about_trumps_protect_women_remark.txt_786,28,28,"At a rally in Phoenix on Thursday , the Kamala said , “ Now in America , one in three women lives in a state with a",Trump,"abortion ban , many with no exceptions , even for rape and incest , which is immoral . And Donald Trump’s not done . Did everyone hear what he just said yesterday ? That he will do what he wants , quote , and here’s where I’m going to quote",trump
jake_tapper_fact_checks_kamalas_lie_about_trumps_protect_women_remark.txt_786,48,48,"At a rally in Phoenix on Thursday , the Kamala said , “ Now in America , one in three women lives in a state with a Trump abortion ban , many with no exceptions , even for rape and incest , which is immoral . And",Donald,"Trump’s not done . Did everyone hear what he just said yesterday ? That he will do what he wants , quote , and here’s where I’m going to quote , ‘ whether the women like it or not . ’ We must vote because this is the thing .",donald
jake_tapper_fact_checks_kamalas_lie_about_trumps_protect_women_remark.txt_786,49,49,"At a rally in Phoenix on Thursday , the Kamala said , “ Now in America , one in three women lives in a state with a Trump abortion ban , many with no exceptions , even for rape and incest , which is immoral . And Donald",Trump’s,"not done . Did everyone hear what he just said yesterday ? That he will do what he wants , quote , and here’s where I’m going to quote , ‘ whether the women like it or not . ’ We must vote because this is the thing . You",trump
jake_tapper_fact_checks_kamalas_lie_about_trumps_protect_women_remark.txt_786,83,83,"with no exceptions , even for rape and incest , which is immoral . And Donald Trump’s not done . Did everyone hear what he just said yesterday ? That he will do what he wants , quote , and here’s where I’m going to quote , ‘ whether the",women,"like it or not . ’ We must vote because this is the thing . You know , there’s a saying that you got to listen to people when they tell you who [ they ] are , and this is not the first time he has told us who",men
jake_tapper_fact_checks_kamalas_lie_about_trumps_protect_women_remark.txt_786,141,141,"must vote because this is the thing . You know , there’s a saying that you got to listen to people when they tell you who [ they ] are , and this is not the first time he has told us who he is . He does not believe",women,should have the agency and authority to make decisions about their own bodies . ”,men
jake_tapper_fact_checks_kamalas_lie_about_trumps_protect_women_remark.txt_788,1,1,,Trump’s,"actual quote was , “ Kamala has imported criminal migrants from prisons and jails , from insane asylums and mental institutions all over the world , from Venezuela to the Congo , including savage criminals who assault , rape , and murder our women and girls . ”",trump
jake_tapper_fact_checks_kamalas_lie_about_trumps_protect_women_remark.txt_788,7,7,"Trump’s actual quote was , “",Kamala,"has imported criminal migrants from prisons and jails , from insane asylums and mental institutions all over the world , from Venezuela to the Congo , including savage criminals who assault , rape , and murder our women and girls . ”",kamala
jake_tapper_fact_checks_kamalas_lie_about_trumps_protect_women_remark.txt_788,21,21,"Trump’s actual quote was , “ Kamala has imported criminal migrants from prisons and jails , from insane asylums and",mental,"institutions all over the world , from Venezuela to the Congo , including savage criminals who assault , rape , and murder our women and girls . ”",men
jake_tapper_fact_checks_kamalas_lie_about_trumps_protect_women_remark.txt_788,45,45,"Trump’s actual quote was , “ Kamala has imported criminal migrants from prisons and jails , from insane asylums and mental institutions all over the world , from Venezuela to the Congo , including savage criminals who assault , rape , and murder our",women,and girls . ”,men
jake_tapper_fact_checks_kamalas_lie_about_trumps_protect_women_remark.txt_789,40,40,"“ Anyone who would let monsters kidnap and kill our children does not belong anywhere near the Oval Office , ” he added , noting that his team weeks ago told him not to say he wanted to protect",women,"and children . “ I said why ? I’m president . I want to protect the women and children of our country . … I said , ‘ Well , I’m gonna do it whether the women like it or not . ’ I’m gonna protect them . I’m gonna",men
jake_tapper_fact_checks_kamalas_lie_about_trumps_protect_women_remark.txt_789,57,57,"kidnap and kill our children does not belong anywhere near the Oval Office , ” he added , noting that his team weeks ago told him not to say he wanted to protect women and children . “ I said why ? I’m president . I want to protect the",women,"and children of our country . … I said , ‘ Well , I’m gonna do it whether the women like it or not . ’ I’m gonna protect them . I’m gonna protect them from migrants coming in . I’m gonna protect them from foreign countries that want to",men
jake_tapper_fact_checks_kamalas_lie_about_trumps_protect_women_remark.txt_789,77,77,"his team weeks ago told him not to say he wanted to protect women and children . “ I said why ? I’m president . I want to protect the women and children of our country . … I said , ‘ Well , I’m gonna do it whether the",women,like it or not . ’ I’m gonna protect them . I’m gonna protect them from migrants coming in . I’m gonna protect them from foreign countries that want to hit us with missiles … ”,men
jake_tapper_fact_checks_kamalas_lie_about_trumps_protect_women_remark.txt_790,8,8,Related : CNN Panel Explodes Over Suggestion,Kamala,Was ‘ Chosen ’ By Dem Party Elites,kamala
joe_rogan_reveals_kamalas_demands_to_do_jre_podcast_rogan_doesnt_agree.txt_795,4,4,Joe Rogan Reveals,Kamala’s,Podcast Demands . Rogan Doesn’t Agree,kamala
joe_rogan_reveals_kamalas_demands_to_do_jre_podcast_rogan_doesnt_agree.txt_802,19,19,"Joe Rogan , the world’s biggest podcast host , revealed early Tuesday morning the numerous demands Vice President",Kamala,Harris ’ team has made to appear on the “ Joe Rogan Experience ” ( JRE ) podcast .,kamala
joe_rogan_reveals_kamalas_demands_to_do_jre_podcast_rogan_doesnt_agree.txt_802,20,20,"Joe Rogan , the world’s biggest podcast host , revealed early Tuesday morning the numerous demands Vice President Kamala",Harris,’ team has made to appear on the “ Joe Rogan Experience ” ( JRE ) podcast .,harris
joe_rogan_reveals_kamalas_demands_to_do_jre_podcast_rogan_doesnt_agree.txt_803,8,8,Rogan has said that he offered both,Harris,"and her opponent , former President Donald Trump , an invitation to appear on his show . Trump agreed and sat down for a lengthy three-hour episode released last week .",harris
joe_rogan_reveals_kamalas_demands_to_do_jre_podcast_rogan_doesnt_agree.txt_803,15,15,"Rogan has said that he offered both Harris and her opponent , former President",Donald,"Trump , an invitation to appear on his show . Trump agreed and sat down for a lengthy three-hour episode released last week .",donald
joe_rogan_reveals_kamalas_demands_to_do_jre_podcast_rogan_doesnt_agree.txt_803,16,16,"Rogan has said that he offered both Harris and her opponent , former President Donald",Trump,", an invitation to appear on his show . Trump agreed and sat down for a lengthy three-hour episode released last week .",trump
joe_rogan_reveals_kamalas_demands_to_do_jre_podcast_rogan_doesnt_agree.txt_803,26,26,"Rogan has said that he offered both Harris and her opponent , former President Donald Trump , an invitation to appear on his show .",Trump,agreed and sat down for a lengthy three-hour episode released last week .,trump
joe_rogan_reveals_kamalas_demands_to_do_jre_podcast_rogan_doesnt_agree.txt_804,7,7,"Posting on X , Rogan said",Harris,’ camp demanded that the host travel to her and that Harris only record for an hour .,harris
joe_rogan_reveals_kamalas_demands_to_do_jre_podcast_rogan_doesnt_agree.txt_804,19,19,"Posting on X , Rogan said Harris ’ camp demanded that the host travel to her and that",Harris,only record for an hour .,harris
joe_rogan_reveals_kamalas_demands_to_do_jre_podcast_rogan_doesnt_agree.txt_805,7,7,"“ For the record , the",Harris,"campaign has not passed on doing the podcast . They offered a date for Tuesday , but I would have had to travel to her and they only wanted to do an hour , ” Rogan posted .",harris
joe_rogan_reveals_kamalas_demands_to_do_jre_podcast_rogan_doesnt_agree.txt_808,21,21,"Notably , JRE episodes are rarely shorter than two hours and often last three hours — the length of time",Trump,"appeared on the podcast . Additionally , it’s unclear if Rogan has ever taped a show outside of his studio , something Harris ’ team is also demanding .",trump
joe_rogan_reveals_kamalas_demands_to_do_jre_podcast_rogan_doesnt_agree.txt_808,44,44,"Notably , JRE episodes are rarely shorter than two hours and often last three hours — the length of time Trump appeared on the podcast . Additionally , it’s unclear if Rogan has ever taped a show outside of his studio , something",Harris,’ team is also demanding .,harris
joe_rogan_reveals_kamalas_demands_to_do_jre_podcast_rogan_doesnt_agree.txt_809,7,7,"Also , for the record the",Harris,"campaign has not passed on doing the podcast . They offered a date for Tuesday , but I would have had to travel to her and they only wanted to do an hour . I strongly feel the best way to do it is in the studio in Austin .",harris
joe_rogan_reveals_kamalas_demands_to_do_jre_podcast_rogan_doesnt_agree.txt_811,2,2,On,Trump’s,"JRE episode , which has already racked up record-setting views , the former president said Harris would be unable to last for three hours in an unscripted setting .",trump
joe_rogan_reveals_kamalas_demands_to_do_jre_podcast_rogan_doesnt_agree.txt_811,18,18,"On Trump’s JRE episode , which has already racked up record-setting views , the former president said",Harris,would be unable to last for three hours in an unscripted setting .,harris
joe_rogan_reveals_kamalas_demands_to_do_jre_podcast_rogan_doesnt_agree.txt_812,5,5,“ Can you imagine,Kamala,"doing this show ? ” Trump posed to Rogan . “ If she did this kind of an interview with you — I hope she does , because it would be a mess — she’d be laying on the floor comatose , you’d be saying , ‘ Call in the",kamala
joe_rogan_reveals_kamalas_demands_to_do_jre_podcast_rogan_doesnt_agree.txt_812,11,11,“ Can you imagine Kamala doing this show ? ”,Trump,"posed to Rogan . “ If she did this kind of an interview with you — I hope she does , because it would be a mess — she’d be laying on the floor comatose , you’d be saying , ‘ Call in the medics , ' ” Trump joked",trump
joe_rogan_reveals_kamalas_demands_to_do_jre_podcast_rogan_doesnt_agree.txt_812,60,60,"” Trump posed to Rogan . “ If she did this kind of an interview with you — I hope she does , because it would be a mess — she’d be laying on the floor comatose , you’d be saying , ‘ Call in the medics , ' ”",Trump,joked .,trump
joe_rogan_reveals_kamalas_demands_to_do_jre_podcast_rogan_doesnt_agree.txt_813,17,17,"Rogan responded with a message similar to his post on Tuesday , saying he could imagine",Harris,on his show and would not try to “ interview her ” but try to “ get to know her as a human being . ”,harris
joe_rogan_reveals_kamalas_demands_to_do_jre_podcast_rogan_doesnt_agree.txt_814,4,4,The most hilarious,moment,"of the night dropped when Trump candidly asked Rogan , “ Can you imagine Kamala doing this show ? ”",men
joe_rogan_reveals_kamalas_demands_to_do_jre_podcast_rogan_doesnt_agree.txt_814,10,10,The most hilarious moment of the night dropped when,Trump,"candidly asked Rogan , “ Can you imagine Kamala doing this show ? ”",trump
joe_rogan_reveals_kamalas_demands_to_do_jre_podcast_rogan_doesnt_agree.txt_814,19,19,"The most hilarious moment of the night dropped when Trump candidly asked Rogan , “ Can you imagine",Kamala,doing this show ? ”,kamala
joe_rogan_reveals_kamalas_demands_to_do_jre_podcast_rogan_doesnt_agree.txt_815,15,15,"Rogan replied , “ I could imagine her doing this show , ” but",Trump,"pushed back , insisting that if Kamala dared to engage in an unscripted three-hour … pic.twitter.com / Wk0Grmcqvx",trump
joe_rogan_reveals_kamalas_demands_to_do_jre_podcast_rogan_doesnt_agree.txt_815,22,22,"Rogan replied , “ I could imagine her doing this show , ” but Trump pushed back , insisting that if",Kamala,dared to engage in an unscripted three-hour … pic.twitter.com / Wk0Grmcqvx,kamala
joe_rogan_reveals_kamalas_demands_to_do_jre_podcast_rogan_doesnt_agree.txt_817,6,6,Related : Joe Rogan :,Kamala,"Was ‘ Supposed To ’ Do My Show , Has Not Showed Up",kamala
kamala_calls_trump_a_petty_tyrant_in_closing_speech_as_far_left_protests_rage.txt_822,1,1,,Kamala,Calls Trump A ‘ Petty Tyrant ’ In Closing Speech As Far-Left Protests Rage,kamala
kamala_calls_trump_a_petty_tyrant_in_closing_speech_as_far_left_protests_rage.txt_822,3,3,Kamala Calls,Trump,A ‘ Petty Tyrant ’ In Closing Speech As Far-Left Protests Rage,trump
kamala_calls_trump_a_petty_tyrant_in_closing_speech_as_far_left_protests_rage.txt_828,8,8,The protests serve as a reminder that,Harris,risks losing left-wing support in swing states like Michigan,harris
kamala_calls_trump_a_petty_tyrant_in_closing_speech_as_far_left_protests_rage.txt_829,16,16,"WASHINGTON , D.C . — With just a week until Election Day , Vice President",Kamala,"Harris made her closing arguments from the nation’s capital , casting former President Donald Trump as an agent of chaos while a protest raged on the outskirts of her rally .",kamala
kamala_calls_trump_a_petty_tyrant_in_closing_speech_as_far_left_protests_rage.txt_829,17,17,"WASHINGTON , D.C . — With just a week until Election Day , Vice President Kamala",Harris,"made her closing arguments from the nation’s capital , casting former President Donald Trump as an agent of chaos while a protest raged on the outskirts of her rally .",harris
kamala_calls_trump_a_petty_tyrant_in_closing_speech_as_far_left_protests_rage.txt_829,21,21,"WASHINGTON , D.C . — With just a week until Election Day , Vice President Kamala Harris made her closing",arguments,"from the nation’s capital , casting former President Donald Trump as an agent of chaos while a protest raged on the outskirts of her rally .",men
kamala_calls_trump_a_petty_tyrant_in_closing_speech_as_far_left_protests_rage.txt_829,30,30,"WASHINGTON , D.C . — With just a week until Election Day , Vice President Kamala Harris made her closing arguments from the nation’s capital , casting former President",Donald,Trump as an agent of chaos while a protest raged on the outskirts of her rally .,donald
kamala_calls_trump_a_petty_tyrant_in_closing_speech_as_far_left_protests_rage.txt_829,31,31,"WASHINGTON , D.C . — With just a week until Election Day , Vice President Kamala Harris made her closing arguments from the nation’s capital , casting former President Donald",Trump,as an agent of chaos while a protest raged on the outskirts of her rally .,trump
kamala_calls_trump_a_petty_tyrant_in_closing_speech_as_far_left_protests_rage.txt_830,1,1,,Harris,"addressed the crowd at the Ellipse just north of the Washington Monument and in view of the White House , casting Trump as a “ wannabe dictator ” and a tyrant in a speech billed by her campaign and media alike as the candidate’s “ closing argument . ”",harris
kamala_calls_trump_a_petty_tyrant_in_closing_speech_as_far_left_protests_rage.txt_830,13,13,Harris addressed the crowd at the Ellipse just north of the Washington,Monument,"and in view of the White House , casting Trump as a “ wannabe dictator ” and a tyrant in a speech billed by her campaign and media alike as the candidate’s “ closing argument . ”",men
kamala_calls_trump_a_petty_tyrant_in_closing_speech_as_far_left_protests_rage.txt_830,23,23,"Harris addressed the crowd at the Ellipse just north of the Washington Monument and in view of the White House , casting",Trump,as a “ wannabe dictator ” and a tyrant in a speech billed by her campaign and media alike as the candidate’s “ closing argument . ”,trump
kamala_calls_trump_a_petty_tyrant_in_closing_speech_as_far_left_protests_rage.txt_830,48,48,"Harris addressed the crowd at the Ellipse just north of the Washington Monument and in view of the White House , casting Trump as a “ wannabe dictator ” and a tyrant in a speech billed by her campaign and media alike as the candidate’s “ closing",argument,. ”,men
kamala_calls_trump_a_petty_tyrant_in_closing_speech_as_far_left_protests_rage.txt_831,7,7,"“ America , we know what",Donald,"Trump has in mind . More chaos . More division , ” Harris said to the crowd , which her campaign claims included an estimated 75,000 attendees . “ The United States of America is not a vessel for the schemes of wannabe dictators . ”",donald
kamala_calls_trump_a_petty_tyrant_in_closing_speech_as_far_left_protests_rage.txt_831,8,8,"“ America , we know what Donald",Trump,"has in mind . More chaos . More division , ” Harris said to the crowd , which her campaign claims included an estimated 75,000 attendees . “ The United States of America is not a vessel for the schemes of wannabe dictators . ”",trump
kamala_calls_trump_a_petty_tyrant_in_closing_speech_as_far_left_protests_rage.txt_831,20,20,"“ America , we know what Donald Trump has in mind . More chaos . More division , ”",Harris,"said to the crowd , which her campaign claims included an estimated 75,000 attendees . “ The United States of America is not a vessel for the schemes of wannabe dictators . ”",harris
kamala_calls_trump_a_petty_tyrant_in_closing_speech_as_far_left_protests_rage.txt_832,1,1,,Harris,"and her running mate , Minnesota Governor Tim Walz , have sought to label Trump a fascist and compare him to the Nazis . These attacks contradict President Joe Biden’s call for Americans to “ lower the temperature ” after Trump narrowly escaped death when a would-be assassin attempted to",harris
kamala_calls_trump_a_petty_tyrant_in_closing_speech_as_far_left_protests_rage.txt_832,16,16,"Harris and her running mate , Minnesota Governor Tim Walz , have sought to label",Trump,"a fascist and compare him to the Nazis . These attacks contradict President Joe Biden’s call for Americans to “ lower the temperature ” after Trump narrowly escaped death when a would-be assassin attempted to kill him in Butler , Pennsylvania .",trump
kamala_calls_trump_a_petty_tyrant_in_closing_speech_as_far_left_protests_rage.txt_832,42,42,"Harris and her running mate , Minnesota Governor Tim Walz , have sought to label Trump a fascist and compare him to the Nazis . These attacks contradict President Joe Biden’s call for Americans to “ lower the temperature ” after",Trump,"narrowly escaped death when a would-be assassin attempted to kill him in Butler , Pennsylvania .",trump
kamala_calls_trump_a_petty_tyrant_in_closing_speech_as_far_left_protests_rage.txt_833,2,2,As,Harris,"blasted Trump , far-left protesters gathered just outside the rally , often drowning out her speech with cries that Harris was complicit in genocide in Gaza .",harris
kamala_calls_trump_a_petty_tyrant_in_closing_speech_as_far_left_protests_rage.txt_833,4,4,As Harris blasted,Trump,", far-left protesters gathered just outside the rally , often drowning out her speech with cries that Harris was complicit in genocide in Gaza .",trump
kamala_calls_trump_a_petty_tyrant_in_closing_speech_as_far_left_protests_rage.txt_833,22,22,"As Harris blasted Trump , far-left protesters gathered just outside the rally , often drowning out her speech with cries that",Harris,was complicit in genocide in Gaza .,harris
kamala_calls_trump_a_petty_tyrant_in_closing_speech_as_far_left_protests_rage.txt_834,10,10,The protesters jeered and banged pots and pans as,Harris,"first took the stage as supporters of the Democratic candidate attempted to watch her on a screen . The clash is the latest evidence of a growing split in the Democratic Party , one that could impact Harris ’ chances in swing states like Michigan , where there is a",harris
kamala_calls_trump_a_petty_tyrant_in_closing_speech_as_far_left_protests_rage.txt_834,48,48,"The protesters jeered and banged pots and pans as Harris first took the stage as supporters of the Democratic candidate attempted to watch her on a screen . The clash is the latest evidence of a growing split in the Democratic Party , one that could impact",Harris,"’ chances in swing states like Michigan , where there is a large Muslim population .",harris
kamala_calls_trump_a_petty_tyrant_in_closing_speech_as_far_left_protests_rage.txt_836,19,19,One far-left protester made his way past a police line and jumped in front of the screen playing,Harris,"’ speech , waving the Palestinian flag .",harris
kamala_calls_trump_a_petty_tyrant_in_closing_speech_as_far_left_protests_rage.txt_840,6,6,Police maintained separation between the,Harris,"supporters and the far left-demonstrators , though the two groups engaged in shouting matches at times , with the protesters calling the supporters of the Democratic candidate “ shameful . ”",harris
kamala_calls_trump_a_petty_tyrant_in_closing_speech_as_far_left_protests_rage.txt_841,5,5,"Throughout her speech ,",Harris,called Trump an authoritarian and a threat to the country .,harris
kamala_calls_trump_a_petty_tyrant_in_closing_speech_as_far_left_protests_rage.txt_841,7,7,"Throughout her speech , Harris called",Trump,an authoritarian and a threat to the country .,trump
kamala_calls_trump_a_petty_tyrant_in_closing_speech_as_far_left_protests_rage.txt_842,43,43,"“ This election is more than a choice between two parties and two different candidates . It is a choice about whether we have a country rooted in freedom for every American . Or one ruled by chaos and division , ”",Harris,said at the outset .,harris
kamala_calls_trump_a_petty_tyrant_in_closing_speech_as_far_left_protests_rage.txt_843,6,6,“ We all know who,Donald,"Trump is . He is the person who stood at this very spot nearly four years ago and sent an armed mob to the United States Capitol to overturn the will of the people in a free and fair election that he knew he lost , ” she went on",donald
kamala_calls_trump_a_petty_tyrant_in_closing_speech_as_far_left_protests_rage.txt_843,7,7,“ We all know who Donald,Trump,"is . He is the person who stood at this very spot nearly four years ago and sent an armed mob to the United States Capitol to overturn the will of the people in a free and fair election that he knew he lost , ” she went on to",trump
kamala_calls_trump_a_petty_tyrant_in_closing_speech_as_far_left_protests_rage.txt_844,1,1,,Trump,"addressed the speech at a rally in North Carolina , saying that “ all she talked about was Donald Trump , ” before playing a supercut of Harris saying his name during closing argument . “ She and Joe have no achievements , only failure , ” he said before",trump
kamala_calls_trump_a_petty_tyrant_in_closing_speech_as_far_left_protests_rage.txt_844,20,20,"Trump addressed the speech at a rally in North Carolina , saying that “ all she talked about was",Donald,"Trump , ” before playing a supercut of Harris saying his name during closing argument . “ She and Joe have no achievements , only failure , ” he said before making light of her speech . “ She suffers from a very serious disease called Trump derangement syndrome …",donald
kamala_calls_trump_a_petty_tyrant_in_closing_speech_as_far_left_protests_rage.txt_844,21,21,"Trump addressed the speech at a rally in North Carolina , saying that “ all she talked about was Donald",Trump,", ” before playing a supercut of Harris saying his name during closing argument . “ She and Joe have no achievements , only failure , ” he said before making light of her speech . “ She suffers from a very serious disease called Trump derangement syndrome … sometime",trump
kamala_calls_trump_a_petty_tyrant_in_closing_speech_as_far_left_protests_rage.txt_844,29,29,"Trump addressed the speech at a rally in North Carolina , saying that “ all she talked about was Donald Trump , ” before playing a supercut of",Harris,"saying his name during closing argument . “ She and Joe have no achievements , only failure , ” he said before making light of her speech . “ She suffers from a very serious disease called Trump derangement syndrome … sometime referred to as TDS , it’s quite serious",harris
kamala_calls_trump_a_petty_tyrant_in_closing_speech_as_far_left_protests_rage.txt_844,35,35,"Trump addressed the speech at a rally in North Carolina , saying that “ all she talked about was Donald Trump , ” before playing a supercut of Harris saying his name during closing",argument,". “ She and Joe have no achievements , only failure , ” he said before making light of her speech . “ She suffers from a very serious disease called Trump derangement syndrome … sometime referred to as TDS , it’s quite serious . ”",men
kamala_calls_trump_a_petty_tyrant_in_closing_speech_as_far_left_protests_rage.txt_844,43,43,"Trump addressed the speech at a rally in North Carolina , saying that “ all she talked about was Donald Trump , ” before playing a supercut of Harris saying his name during closing argument . “ She and Joe have no",achievements,", only failure , ” he said before making light of her speech . “ She suffers from a very serious disease called Trump derangement syndrome … sometime referred to as TDS , it’s quite serious . ”",men
kamala_calls_trump_a_petty_tyrant_in_closing_speech_as_far_left_protests_rage.txt_844,67,67,"talked about was Donald Trump , ” before playing a supercut of Harris saying his name during closing argument . “ She and Joe have no achievements , only failure , ” he said before making light of her speech . “ She suffers from a very serious disease called",Trump,"derangement syndrome … sometime referred to as TDS , it’s quite serious . ”",trump
kamala_calls_trump_a_petty_tyrant_in_closing_speech_as_far_left_protests_rage.txt_844,68,68,"about was Donald Trump , ” before playing a supercut of Harris saying his name during closing argument . “ She and Joe have no achievements , only failure , ” he said before making light of her speech . “ She suffers from a very serious disease called Trump",derangement,"syndrome … sometime referred to as TDS , it’s quite serious . ”",men
kamala_calls_trump_a_petty_tyrant_in_closing_speech_as_far_left_protests_rage.txt_845,1,1,,Harris,"again cast Trump as an authoritarian in the final moments of her speech , likening her opponent to King George III .",harris
kamala_calls_trump_a_petty_tyrant_in_closing_speech_as_far_left_protests_rage.txt_845,4,4,Harris again cast,Trump,"as an authoritarian in the final moments of her speech , likening her opponent to King George III .",trump
kamala_calls_trump_a_petty_tyrant_in_closing_speech_as_far_left_protests_rage.txt_845,11,11,Harris again cast Trump as an authoritarian in the final,moments,"of her speech , likening her opponent to King George III .",men
kamala_calls_trump_a_petty_tyrant_in_closing_speech_as_far_left_protests_rage.txt_846,20,20,"“ Nearly 250 years ago , America was born when we wrested freedom from a petty tyrant , ”",Harris,"stated . “ They did not struggle , sacrifice , and lay down their lives , only to see us cede our fundamental freedoms , only to see us submit to the will of another petty tyrant . ”",harris
kamala_calls_trump_a_petty_tyrant_in_closing_speech_as_far_left_protests_rage.txt_846,43,43,"“ Nearly 250 years ago , America was born when we wrested freedom from a petty tyrant , ” Harris stated . “ They did not struggle , sacrifice , and lay down their lives , only to see us cede our",fundamental,"freedoms , only to see us submit to the will of another petty tyrant . ”",men
kamala_calls_trump_a_petty_tyrant_in_closing_speech_as_far_left_protests_rage.txt_847,5,5,In addition to presenting,Trump,"as a dangerous authoritarian , Harris also emphasized her stance on abortion and the economy , which her supporters frequently identify as their top issues .",trump
kamala_calls_trump_a_petty_tyrant_in_closing_speech_as_far_left_protests_rage.txt_847,11,11,"In addition to presenting Trump as a dangerous authoritarian ,",Harris,"also emphasized her stance on abortion and the economy , which her supporters frequently identify as their top issues .",harris
kamala_calls_trump_a_petty_tyrant_in_closing_speech_as_far_left_protests_rage.txt_848,8,8,“ I will fight to restore what,Donald,"Trump and his hand-picked Supreme Court Justices took away from the women of America , ” she said , referencing abortion and the overturning of Roe v . Wade .",donald
kamala_calls_trump_a_petty_tyrant_in_closing_speech_as_far_left_protests_rage.txt_848,9,9,“ I will fight to restore what Donald,Trump,"and his hand-picked Supreme Court Justices took away from the women of America , ” she said , referencing abortion and the overturning of Roe v . Wade .",trump
kamala_calls_trump_a_petty_tyrant_in_closing_speech_as_far_left_protests_rage.txt_848,20,20,“ I will fight to restore what Donald Trump and his hand-picked Supreme Court Justices took away from the,women,"of America , ” she said , referencing abortion and the overturning of Roe v . Wade .",men
kamala_calls_trump_a_petty_tyrant_in_closing_speech_as_far_left_protests_rage.txt_849,2,2,“,Trump,"isn’t done . He would ban abortion nationwide , restrict access to birth control and put IVF at risk , and force states to monitor women’s pregnancies , ” she went on to say despite Trump repeatedly telling voters that he would leave abortion to the states .",trump
kamala_calls_trump_a_petty_tyrant_in_closing_speech_as_far_left_protests_rage.txt_849,28,28,"“ Trump isn’t done . He would ban abortion nationwide , restrict access to birth control and put IVF at risk , and force states to monitor",women’s,"pregnancies , ” she went on to say despite Trump repeatedly telling voters that he would leave abortion to the states .",men
kamala_calls_trump_a_petty_tyrant_in_closing_speech_as_far_left_protests_rage.txt_849,38,38,"“ Trump isn’t done . He would ban abortion nationwide , restrict access to birth control and put IVF at risk , and force states to monitor women’s pregnancies , ” she went on to say despite",Trump,repeatedly telling voters that he would leave abortion to the states .,trump
kamala_calls_trump_a_petty_tyrant_in_closing_speech_as_far_left_protests_rage.txt_851,5,5,Current polling averages show,Trump,"leading Harris by slim margins in the key swing states of Arizona , Nevada , Pennsylvania , North Carolina and Georgia , with the Democratic candidate holding leads in Michigan and Wisconsin .",trump
kamala_calls_trump_a_petty_tyrant_in_closing_speech_as_far_left_protests_rage.txt_851,7,7,Current polling averages show Trump leading,Harris,"by slim margins in the key swing states of Arizona , Nevada , Pennsylvania , North Carolina and Georgia , with the Democratic candidate holding leads in Michigan and Wisconsin .",harris
kamala_campaign_implosion.txt_856,1,1,,Kamala,Campaign Implosion,kamala
kamala_campaign_implosion.txt_862,6,6,The façade is crumbling in,Kamala,Harris-land .,kamala
kamala_campaign_implosion.txt_862,7,7,The façade is crumbling in Kamala,Harris-land,.,harris
kamala_campaign_implosion.txt_863,6,6,The magic is gone for,Kamala,"Harris , and the current polling shows it .",kamala
kamala_campaign_implosion.txt_863,7,7,The magic is gone for Kamala,Harris,", and the current polling shows it .",harris
kamala_campaign_implosion.txt_864,6,6,"Roughly one month ago ,",Kamala,"Harris was leading former President Trump by five percentage points in the NBC News national poll . On Monday , they were dead tied , 48-48 . What happened ?",kamala
kamala_campaign_implosion.txt_864,7,7,"Roughly one month ago , Kamala",Harris,"was leading former President Trump by five percentage points in the NBC News national poll . On Monday , they were dead tied , 48-48 . What happened ?",harris
kamala_campaign_implosion.txt_864,12,12,"Roughly one month ago , Kamala Harris was leading former President",Trump,"by five percentage points in the NBC News national poll . On Monday , they were dead tied , 48-48 . What happened ?",trump
kamala_campaign_implosion.txt_865,4,4,Was it that,Donald,Trump suddenly started over-performing ? Did he radically change his campaign ?,donald
kamala_campaign_implosion.txt_865,5,5,Was it that Donald,Trump,suddenly started over-performing ? Did he radically change his campaign ?,trump
kamala_campaign_implosion.txt_866,3,3,Nope .,Donald,Trump is perfectly consistent . He’s been campaigning in the same fashion today he did roughly ten years ago .,donald
kamala_campaign_implosion.txt_866,4,4,Nope . Donald,Trump,is perfectly consistent . He’s been campaigning in the same fashion today he did roughly ten years ago .,trump
kamala_campaign_implosion.txt_867,28,28,So what changed ? The answer : The “ brat ” wore off . The air is out of the balloon . The façade is crumbling in,Kamala,Harris-land .,kamala
kamala_campaign_implosion.txt_867,29,29,So what changed ? The answer : The “ brat ” wore off . The air is out of the balloon . The façade is crumbling in Kamala,Harris-land,.,harris
kamala_campaign_implosion.txt_868,12,12,"According to that NBC poll , the impression of candidates left",Trump,"at + 43 % , - 51 % . Harris was + 43 % , - 49 % . That is a dramatic shift . Last month , Trump was at + 40 % positive and Harris was at + 48 % . That means there has been a five-point",trump
kamala_campaign_implosion.txt_868,22,22,"According to that NBC poll , the impression of candidates left Trump at + 43 % , - 51 % .",Harris,"was + 43 % , - 49 % . That is a dramatic shift . Last month , Trump was at + 40 % positive and Harris was at + 48 % . That means there has been a five-point drop in her favorables since just last month .",harris
kamala_campaign_implosion.txt_868,41,41,"According to that NBC poll , the impression of candidates left Trump at + 43 % , - 51 % . Harris was + 43 % , - 49 % . That is a dramatic shift . Last month ,",Trump,was at + 40 % positive and Harris was at + 48 % . That means there has been a five-point drop in her favorables since just last month .,trump
kamala_campaign_implosion.txt_868,49,49,"According to that NBC poll , the impression of candidates left Trump at + 43 % , - 51 % . Harris was + 43 % , - 49 % . That is a dramatic shift . Last month , Trump was at + 40 % positive and",Harris,was at + 48 % . That means there has been a five-point drop in her favorables since just last month .,harris
kamala_campaign_implosion.txt_869,4,4,The poll said,men,"are breaking 56-44 for Donald Trump , which I think is an underestimate . Women are breaking 55-41 for Kamala Harris , which is not nearly as much of a gender gap as Democrats would expect from women . They’re hoping for a 60-40 break .",men
kamala_campaign_implosion.txt_869,9,9,The poll said men are breaking 56-44 for,Donald,"Trump , which I think is an underestimate . Women are breaking 55-41 for Kamala Harris , which is not nearly as much of a gender gap as Democrats would expect from women . They’re hoping for a 60-40 break .",donald
kamala_campaign_implosion.txt_869,10,10,The poll said men are breaking 56-44 for Donald,Trump,", which I think is an underestimate . Women are breaking 55-41 for Kamala Harris , which is not nearly as much of a gender gap as Democrats would expect from women . They’re hoping for a 60-40 break .",trump
kamala_campaign_implosion.txt_869,19,19,"The poll said men are breaking 56-44 for Donald Trump , which I think is an underestimate .",Women,"are breaking 55-41 for Kamala Harris , which is not nearly as much of a gender gap as Democrats would expect from women . They’re hoping for a 60-40 break .",men
kamala_campaign_implosion.txt_869,24,24,"The poll said men are breaking 56-44 for Donald Trump , which I think is an underestimate . Women are breaking 55-41 for",Kamala,"Harris , which is not nearly as much of a gender gap as Democrats would expect from women . They’re hoping for a 60-40 break .",kamala
kamala_campaign_implosion.txt_869,25,25,"The poll said men are breaking 56-44 for Donald Trump , which I think is an underestimate . Women are breaking 55-41 for Kamala",Harris,", which is not nearly as much of a gender gap as Democrats would expect from women . They’re hoping for a 60-40 break .",harris
kamala_campaign_implosion.txt_869,42,42,"The poll said men are breaking 56-44 for Donald Trump , which I think is an underestimate . Women are breaking 55-41 for Kamala Harris , which is not nearly as much of a gender gap as Democrats would expect from",women,. They’re hoping for a 60-40 break .,men
kamala_campaign_implosion.txt_870,8,8,These poll numbers are quite bad for,Kamala,Harris . And you can see that the panic is beginning to set in . CNN’s Harry Enten at CNN opined that there are a lot of warning signs the klaxons are going off right now ; he stated :,kamala
kamala_campaign_implosion.txt_870,9,9,These poll numbers are quite bad for Kamala,Harris,. And you can see that the panic is beginning to set in . CNN’s Harry Enten at CNN opined that there are a lot of warning signs the klaxons are going off right now ; he stated :,harris
kamala_campaign_implosion.txt_871,92,92,"Republicans right now are doing even better than the average when they win . If there’s one little nugget that I think Republicans are really hopeful for , it’s this party I.D . and this party registration data . It really points in a good direction for them and for",Donald,Trump .,donald
kamala_campaign_implosion.txt_871,93,93,"right now are doing even better than the average when they win . If there’s one little nugget that I think Republicans are really hopeful for , it’s this party I.D . and this party registration data . It really points in a good direction for them and for Donald",Trump,.,trump
kamala_campaign_implosion.txt_873,36,36,"Despite many positive economic signs , some 59 % of Americans say they believe the economy is getting worse , compared to just 23 % who say it’s getting better , with more Americans trusting",Trump,to handle the economy if he wins a second term .,trump
kamala_campaign_implosion.txt_874,9,9,"So as it turns out , Americans trust",Trump,"on the economy , and not just on the economy ; they trust Trump on foreign policy . According to the Wall Street Journal , Trump leads Harris among swing-state voters 52-39 on handling Russia’s war in Ukraine and 48-33 on handling the Israel-Hamas war .",trump
kamala_campaign_implosion.txt_874,23,23,"So as it turns out , Americans trust Trump on the economy , and not just on the economy ; they trust",Trump,"on foreign policy . According to the Wall Street Journal , Trump leads Harris among swing-state voters 52-39 on handling Russia’s war in Ukraine and 48-33 on handling the Israel-Hamas war .",trump
kamala_campaign_implosion.txt_874,35,35,"So as it turns out , Americans trust Trump on the economy , and not just on the economy ; they trust Trump on foreign policy . According to the Wall Street Journal ,",Trump,leads Harris among swing-state voters 52-39 on handling Russia’s war in Ukraine and 48-33 on handling the Israel-Hamas war .,trump
kamala_campaign_implosion.txt_874,37,37,"So as it turns out , Americans trust Trump on the economy , and not just on the economy ; they trust Trump on foreign policy . According to the Wall Street Journal , Trump leads",Harris,among swing-state voters 52-39 on handling Russia’s war in Ukraine and 48-33 on handling the Israel-Hamas war .,harris
kamala_campaign_implosion.txt_875,21,21,"If you look at the latest polling data on the last seven polls taken in the state of Michigan ,",Donald,Trump is either in the lead or tied in six of them . The only poll that has Kamala Harris ahead is the Wall Street Journal poll . That is from October 8 . And that poll shows her up by only two .,donald
kamala_campaign_implosion.txt_875,22,22,"If you look at the latest polling data on the last seven polls taken in the state of Michigan , Donald",Trump,is either in the lead or tied in six of them . The only poll that has Kamala Harris ahead is the Wall Street Journal poll . That is from October 8 . And that poll shows her up by only two .,trump
kamala_campaign_implosion.txt_875,40,40,"If you look at the latest polling data on the last seven polls taken in the state of Michigan , Donald Trump is either in the lead or tied in six of them . The only poll that has",Kamala,Harris ahead is the Wall Street Journal poll . That is from October 8 . And that poll shows her up by only two .,kamala
kamala_campaign_implosion.txt_875,41,41,"If you look at the latest polling data on the last seven polls taken in the state of Michigan , Donald Trump is either in the lead or tied in six of them . The only poll that has Kamala",Harris,ahead is the Wall Street Journal poll . That is from October 8 . And that poll shows her up by only two .,harris
kamala_campaign_implosion.txt_876,17,17,"Meanwhile , over in Pennsylvania , in the last five polls that have been taken ,",Trump,"is in the lead in three of them . If you go back a little further than that , if you go back to the last seven polls taken , he’s ahead in five of them .",trump
kamala_campaign_implosion.txt_877,27,27,"If you move on over to Wisconsin , every single poll of the last three has them tied , and in the two before that ,",Trump,is winning . The latest Wall Street Journal poll has Donald Trump up six points in Nevada .,trump
kamala_campaign_implosion.txt_877,38,38,"If you move on over to Wisconsin , every single poll of the last three has them tied , and in the two before that , Trump is winning . The latest Wall Street Journal poll has",Donald,Trump up six points in Nevada .,donald
kamala_campaign_implosion.txt_877,39,39,"If you move on over to Wisconsin , every single poll of the last three has them tied , and in the two before that , Trump is winning . The latest Wall Street Journal poll has Donald",Trump,up six points in Nevada .,trump
kamala_campaign_implosion.txt_878,6,6,These are awful numbers for,Kamala,Harris .,kamala
kamala_campaign_implosion.txt_878,7,7,These are awful numbers for Kamala,Harris,.,harris
kamala_campaign_official_in_pennsylvania_spends_his_weekends_as_erotica_the_drag_queen.txt_886,1,1,,Kamala,Campaign Official In Pennsylvania Spends His Weekends As ‘ Erotica the Drag Queen ’,kamala
kamala_campaign_official_in_pennsylvania_spends_his_weekends_as_erotica_the_drag_queen.txt_892,4,4,Eric Lipka spreads,Harris,' message in a key swing state where she is on thin ice with Catholic voters .,harris
kamala_campaign_official_in_pennsylvania_spends_his_weekends_as_erotica_the_drag_queen.txt_893,3,3,Vice President,Kamala,Harris hired a communications staffer this summer who boasts that he performs as a drag queen on the weekends .,kamala
kamala_campaign_official_in_pennsylvania_spends_his_weekends_as_erotica_the_drag_queen.txt_893,4,4,Vice President Kamala,Harris,hired a communications staffer this summer who boasts that he performs as a drag queen on the weekends .,harris
kamala_campaign_official_in_pennsylvania_spends_his_weekends_as_erotica_the_drag_queen.txt_894,5,5,"Eric Lipka , the",Harris,"campaign’s Pennsylvania deputy press secretary , has gone by the drag queen names “ Erotica the Drag Queen , ” “ Erotica , ” and “ Erica Lipka , ” on social media , Fox News Digital reported , and his name has been featured in dozens of public Facebook",harris
kamala_campaign_official_in_pennsylvania_spends_his_weekends_as_erotica_the_drag_queen.txt_896,7,7,Thrilled to share I’ve joined the,Biden-Harris,campaign as deputy press secretary for Pennsylvania !,harris
kamala_campaign_official_in_pennsylvania_spends_his_weekends_as_erotica_the_drag_queen.txt_899,1,1,,Harris,"is currently on thin ice with Catholic voters in Pennsylvania , particularly due to her campaign’s stances on unrestricted abortions . The Pennsylvania Catholic Conference estimated in 2020 that 24 % of the state’s population is Catholic , almost 3 million residents .",harris
kamala_campaign_official_in_pennsylvania_spends_his_weekends_as_erotica_the_drag_queen.txt_900,48,48,Lipka’s “ X ” account biography specifically states that he is a “ drag queen ” “ on weekends . ” Fox News reported in July that Lipka’s social media accounts were “ locked down ” shortly after the publication reached out to the then-Biden campaign for,comment,.,men
kamala_campaign_official_in_pennsylvania_spends_his_weekends_as_erotica_the_drag_queen.txt_903,16,16,"“ But [ for real ] I had really ate that uppp , ” the",Harris,"staffer added . His post includes two videos of an individual , apparently Lipka , dressed in aggressive makeup , jewelry , and women’s clothing . In the second video , an individual dressed in drag struts across a stage in a “ custom made , dominatrix inspired ” outfit",harris
kamala_campaign_official_in_pennsylvania_spends_his_weekends_as_erotica_the_drag_queen.txt_903,40,40,"“ But [ for real ] I had really ate that uppp , ” the Harris staffer added . His post includes two videos of an individual , apparently Lipka , dressed in aggressive makeup , jewelry , and",women’s,"clothing . In the second video , an individual dressed in drag struts across a stage in a “ custom made , dominatrix inspired ” outfit , as a person in the background describes .",men
kamala_campaign_official_in_pennsylvania_spends_his_weekends_as_erotica_the_drag_queen.txt_907,5,5,Neither Lipka nor the,Harris,"campaign responded to requests for comment for this story . In July , President Joe Biden’s campaign defended him to Fox News Digital , telling the publication that it is “ proud ” to have Lipka on the campaign .",harris
kamala_campaign_official_in_pennsylvania_spends_his_weekends_as_erotica_the_drag_queen.txt_907,11,11,Neither Lipka nor the Harris campaign responded to requests for,comment,"for this story . In July , President Joe Biden’s campaign defended him to Fox News Digital , telling the publication that it is “ proud ” to have Lipka on the campaign .",men
kamala_campaign_official_in_pennsylvania_spends_his_weekends_as_erotica_the_drag_queen.txt_908,18,18,"“ We’re proud to have a team of 200 talented Pennsylvania staffers , including Eric , highlighting",Trump’s,"record killing 275,000 jobs across the commonwealth and his discriminatory and extreme Project 2025 agenda to make life worse for our families , ” Jack Doyle , the Pennsylvania communications director for the Biden campaign , told Fox News Digital .",trump
kamala_campaign_official_in_pennsylvania_spends_his_weekends_as_erotica_the_drag_queen.txt_909,4,4,Prior to his,employment,"on the Harris campaign , Lipka worked as a press assistant for Sen . Elizabeth Warren ( D-MA ) and as a communications intern for Rep . Robert Garcia ( D-CA ) . In an apparently deleted LinkedIn post that Fox cited in July , Lipka wrote that he brought",men
kamala_campaign_official_in_pennsylvania_spends_his_weekends_as_erotica_the_drag_queen.txt_909,7,7,Prior to his employment on the,Harris,"campaign , Lipka worked as a press assistant for Sen . Elizabeth Warren ( D-MA ) and as a communications intern for Rep . Robert Garcia ( D-CA ) . In an apparently deleted LinkedIn post that Fox cited in July , Lipka wrote that he brought “ perspective as",harris
kamala_campaign_quietly_concedes_plan_for_black_men_is_actually_not_limited_by_race.txt_915,1,1,,Kamala,Campaign Quietly Concedes Plan For Black Men Is Actually Not Limited By Race,kamala
kamala_campaign_quietly_concedes_plan_for_black_men_is_actually_not_limited_by_race.txt_915,7,7,Kamala Campaign Quietly Concedes Plan For,Black,Men Is Actually Not Limited By Race,black
kamala_campaign_quietly_concedes_plan_for_black_men_is_actually_not_limited_by_race.txt_915,8,8,Kamala Campaign Quietly Concedes Plan For Black,Men,Is Actually Not Limited By Race,men
kamala_campaign_quietly_concedes_plan_for_black_men_is_actually_not_limited_by_race.txt_922,5,5,The plan Vice President,Kamala,"Harris revealed this week for black men is actually not tailored just to them , her 2024 campaign has quietly admitted .",kamala
kamala_campaign_quietly_concedes_plan_for_black_men_is_actually_not_limited_by_race.txt_922,6,6,The plan Vice President Kamala,Harris,"revealed this week for black men is actually not tailored just to them , her 2024 campaign has quietly admitted .",harris
kamala_campaign_quietly_concedes_plan_for_black_men_is_actually_not_limited_by_race.txt_922,11,11,The plan Vice President Kamala Harris revealed this week for,black,"men is actually not tailored just to them , her 2024 campaign has quietly admitted .",black
kamala_campaign_quietly_concedes_plan_for_black_men_is_actually_not_limited_by_race.txt_922,12,12,The plan Vice President Kamala Harris revealed this week for black,men,"is actually not tailored just to them , her 2024 campaign has quietly admitted .",men
kamala_campaign_quietly_concedes_plan_for_black_men_is_actually_not_limited_by_race.txt_923,11,11,"As reported by The Wall Street Journal on Wednesday ,",Harris,’ team said the programs in the “ Opportunity Agenda for Black Men ” are not bound by race .,harris
kamala_campaign_quietly_concedes_plan_for_black_men_is_actually_not_limited_by_race.txt_923,23,23,"As reported by The Wall Street Journal on Wednesday , Harris ’ team said the programs in the “ Opportunity Agenda for",Black,Men ” are not bound by race .,black
kamala_campaign_quietly_concedes_plan_for_black_men_is_actually_not_limited_by_race.txt_923,24,24,"As reported by The Wall Street Journal on Wednesday , Harris ’ team said the programs in the “ Opportunity Agenda for Black",Men,” are not bound by race .,men
kamala_campaign_quietly_concedes_plan_for_black_men_is_actually_not_limited_by_race.txt_924,1,1,,Harris,"unveiled the plan to much fanfare on Monday amid concerns that black men were increasingly favoring her rival , former President Donald Trump .",harris
kamala_campaign_quietly_concedes_plan_for_black_men_is_actually_not_limited_by_race.txt_924,13,13,Harris unveiled the plan to much fanfare on Monday amid concerns that,black,"men were increasingly favoring her rival , former President Donald Trump .",black
kamala_campaign_quietly_concedes_plan_for_black_men_is_actually_not_limited_by_race.txt_924,14,14,Harris unveiled the plan to much fanfare on Monday amid concerns that black,men,"were increasingly favoring her rival , former President Donald Trump .",men
kamala_campaign_quietly_concedes_plan_for_black_men_is_actually_not_limited_by_race.txt_924,23,23,"Harris unveiled the plan to much fanfare on Monday amid concerns that black men were increasingly favoring her rival , former President",Donald,Trump .,donald
kamala_campaign_quietly_concedes_plan_for_black_men_is_actually_not_limited_by_race.txt_924,24,24,"Harris unveiled the plan to much fanfare on Monday amid concerns that black men were increasingly favoring her rival , former President Donald",Trump,.,trump
kamala_campaign_quietly_concedes_plan_for_black_men_is_actually_not_limited_by_race.txt_925,19,19,"Its agenda includes , among other things , providing “ 1 million loans that are fully forgivable to",Black,entrepreneurs and others to start a business . ”,black
kamala_campaign_quietly_concedes_plan_for_black_men_is_actually_not_limited_by_race.txt_927,4,4,The paper noted,Harris,", as a lawyer and ex-state attorney general , “ knows ” the conservative-leaning Supreme Court has “ little patience for racial preferences . ”",harris
kamala_campaign_quietly_concedes_plan_for_black_men_is_actually_not_limited_by_race.txt_928,10,10,It also quoted a campaign aide who insisted that,Harris,is “ clear-eyed ” about the struggles of black men to get good-paying jobs and support loved ones .,harris
kamala_campaign_quietly_concedes_plan_for_black_men_is_actually_not_limited_by_race.txt_928,19,19,It also quoted a campaign aide who insisted that Harris is “ clear-eyed ” about the struggles of,black,men to get good-paying jobs and support loved ones .,black
kamala_campaign_quietly_concedes_plan_for_black_men_is_actually_not_limited_by_race.txt_928,20,20,It also quoted a campaign aide who insisted that Harris is “ clear-eyed ” about the struggles of black,men,to get good-paying jobs and support loved ones .,men
kamala_campaign_quietly_concedes_plan_for_black_men_is_actually_not_limited_by_race.txt_930,6,6,This unnamed aide also said,Harris,“ is championing solutions that will benefit all Americans and address these specific barriers to economic opportunity . ”,harris
kamala_campaign_quietly_concedes_plan_for_black_men_is_actually_not_limited_by_race.txt_931,3,3,Critics of,Harris,mocked the vice president for the duality after The Wall Street Journal revealed that her plan for black men is not actually just for them .,harris
kamala_campaign_quietly_concedes_plan_for_black_men_is_actually_not_limited_by_race.txt_931,21,21,Critics of Harris mocked the vice president for the duality after The Wall Street Journal revealed that her plan for,black,men is not actually just for them .,black
kamala_campaign_quietly_concedes_plan_for_black_men_is_actually_not_limited_by_race.txt_931,22,22,Critics of Harris mocked the vice president for the duality after The Wall Street Journal revealed that her plan for black,men,is not actually just for them .,men
kamala_campaign_quietly_concedes_plan_for_black_men_is_actually_not_limited_by_race.txt_932,3,3,“ The,Harris-Walz,campaign is a total disaster ! ” exclaimed the popular Libs of TikTok account run by Chaya Raichik on the X social media platform .,harris
kamala_campaign_quietly_concedes_plan_for_black_men_is_actually_not_limited_by_race.txt_933,2,2,The,Kamala,campaign is now being forced to walk back and clarify her own policy . They claim her “ Agenda for Black Men ” will actually be for everyone on a “ race-neutral basis . ”,kamala
kamala_campaign_quietly_concedes_plan_for_black_men_is_actually_not_limited_by_race.txt_933,23,23,The Kamala campaign is now being forced to walk back and clarify her own policy . They claim her “ Agenda for,Black,Men ” will actually be for everyone on a “ race-neutral basis . ”,black
kamala_campaign_quietly_concedes_plan_for_black_men_is_actually_not_limited_by_race.txt_933,24,24,The Kamala campaign is now being forced to walk back and clarify her own policy . They claim her “ Agenda for Black,Men,” will actually be for everyone on a “ race-neutral basis . ”,men
kamala_campaign_quietly_concedes_plan_for_black_men_is_actually_not_limited_by_race.txt_934,2,2,The,Harris-Walz,campaign is a total disaster ! pic.twitter.com / j8L5FVR6pa,harris
kamala_campaign_quietly_concedes_plan_for_black_men_is_actually_not_limited_by_race.txt_937,14,14,"In a separate post to X responding to the report , the “",Trump,"War Room ” account declared , “ This is not what a serious presidential campaign looks like . ”",trump
kamala_campaign_quietly_concedes_plan_for_black_men_is_actually_not_limited_by_race.txt_938,11,11,"This summer , an NAACP poll showed one in four",black,"men backing Trump for president , a sign that Democrats may be losing ground among that group .",black
kamala_campaign_quietly_concedes_plan_for_black_men_is_actually_not_limited_by_race.txt_938,12,12,"This summer , an NAACP poll showed one in four black",men,"backing Trump for president , a sign that Democrats may be losing ground among that group .",men
kamala_campaign_quietly_concedes_plan_for_black_men_is_actually_not_limited_by_race.txt_938,14,14,"This summer , an NAACP poll showed one in four black men backing",Trump,"for president , a sign that Democrats may be losing ground among that group .",trump
kamala_campaign_quietly_concedes_plan_for_black_men_is_actually_not_limited_by_race.txt_939,14,14,"Rep . Jim Clyburn ( D-SC ) , one of the most prominent",black,"Democrats in Congress , expressed some agitation over the weekend in regard to the election .",black
kamala_campaign_quietly_concedes_plan_for_black_men_is_actually_not_limited_by_race.txt_940,9,9,"“ Yes , I am concerned about the",black,"men staying home or voting for Trump , ” Clyburn said during an interview Sunday on CNN’s “ State of the Union . ”",black
kamala_campaign_quietly_concedes_plan_for_black_men_is_actually_not_limited_by_race.txt_940,10,10,"“ Yes , I am concerned about the black",men,"staying home or voting for Trump , ” Clyburn said during an interview Sunday on CNN’s “ State of the Union . ”",men
kamala_campaign_quietly_concedes_plan_for_black_men_is_actually_not_limited_by_race.txt_940,16,16,"“ Yes , I am concerned about the black men staying home or voting for",Trump,", ” Clyburn said during an interview Sunday on CNN’s “ State of the Union . ”",trump
kamala_campaign_quietly_concedes_plan_for_black_men_is_actually_not_limited_by_race.txt_941,14,14,"The “ Opportunity Agenda ” also has sections on education , training ,",mentorship,", cryptocurrency and other digital assets , health , and legalizing marijuana .",men
kamala_camp_scrambles_to_navigate_cracks_in_the_blue_wall.txt_946,1,1,,Kamala,Camp Scrambles To Navigate Cracks In The ‘ Blue Wall ’,kamala
kamala_camp_scrambles_to_navigate_cracks_in_the_blue_wall.txt_953,3,3,Vice President,Kamala,Harris ‘ campaign team is scrambling to navigate around possible cracks in the so-called “ blue wall ” — an effort that is only complicated further by the fact that only two weeks remain until Election Day .,kamala
kamala_camp_scrambles_to_navigate_cracks_in_the_blue_wall.txt_953,4,4,Vice President Kamala,Harris,‘ campaign team is scrambling to navigate around possible cracks in the so-called “ blue wall ” — an effort that is only complicated further by the fact that only two weeks remain until Election Day .,harris
kamala_camp_scrambles_to_navigate_cracks_in_the_blue_wall.txt_955,4,4,“ NEW :,Harris,"campaign is privately flagging potential cracks in the Blue Wall , ” she posted , adding a list of key points . “ Discussions of an anomaly w / Blue Wall and not all states falling in the same direction . Hasn’t happened since 1988 ; Concerns centered on MI",harris
kamala_camp_scrambles_to_navigate_cracks_in_the_blue_wall.txt_955,101,101,"Concerns centered on MI , 3 sources tell us ( campaign pushes back and say they’re gonna win MI ) ; Warning signs in North Carolina . ‘ Of all of the seven [ states ] , that one seems to be a little bit slipping away , ’ a",Harris,campaign official said of North Carolina . ”,harris
kamala_camp_scrambles_to_navigate_cracks_in_the_blue_wall.txt_956,3,3,NEW :,Harris,"campaign is privately flagging potential cracks in the Blue Wall . – Discussions of an anomaly w / Blue Wall and not all states falling in the same direction . Hasn't happened since 1988 . – Concerns centered on MI , 3 sources tell us ( campaign pushes back and",harris
kamala_camp_scrambles_to_navigate_cracks_in_the_blue_wall.txt_961,4,4,Early signs of,Black,voting down in NC .,black
kamala_camp_scrambles_to_navigate_cracks_in_the_blue_wall.txt_962,7,7,– Good signs for Dems :,Trump,"is spending another day in NC , indicating he needs to shore it up 14 days to election .",trump
kamala_camp_scrambles_to_navigate_cracks_in_the_blue_wall.txt_967,5,5,“ Early signs of,Black,"voting down in N.C . , ” Korecki noted — but then suggested that former President Donald Trump’s decision to remain in North Carolina for another day meant he believed he needed to rally more support . “ Good signs for Dems : Trump is spending another day in N.C",black
kamala_camp_scrambles_to_navigate_cracks_in_the_blue_wall.txt_967,22,22,"“ Early signs of Black voting down in N.C . , ” Korecki noted — but then suggested that former President",Donald,"Trump’s decision to remain in North Carolina for another day meant he believed he needed to rally more support . “ Good signs for Dems : Trump is spending another day in N.C . , indicating he needs to shore it up 14 days to election . Democrats have the",donald
kamala_camp_scrambles_to_navigate_cracks_in_the_blue_wall.txt_967,23,23,"“ Early signs of Black voting down in N.C . , ” Korecki noted — but then suggested that former President Donald",Trump’s,"decision to remain in North Carolina for another day meant he believed he needed to rally more support . “ Good signs for Dems : Trump is spending another day in N.C . , indicating he needs to shore it up 14 days to election . Democrats have the strongest",trump
kamala_camp_scrambles_to_navigate_cracks_in_the_blue_wall.txt_967,49,49,"“ Early signs of Black voting down in N.C . , ” Korecki noted — but then suggested that former President Donald Trump’s decision to remain in North Carolina for another day meant he believed he needed to rally more support . “ Good signs for Dems :",Trump,"is spending another day in N.C . , indicating he needs to shore it up 14 days to election . Democrats have the strongest org in NC they’ve had in awhile in the state . ”",trump
kamala_camp_scrambles_to_navigate_cracks_in_the_blue_wall.txt_968,1,1,,Trump,"has spent a fair amount of time in North Carolina , meeting with first responders and residents who were impacted by the devastating Hurricane Helene .",trump
kamala_camp_scrambles_to_navigate_cracks_in_the_blue_wall.txt_969,12,12,"With just days to go in the 2024 election cycle ,",Harris,"is also facing polls that indicate her support from black voters — particularly black men — is slipping . If recent polls prove to be accurate , Harris will have less support from black voters than any Democrat in more than 50 years .",harris
kamala_camp_scrambles_to_navigate_cracks_in_the_blue_wall.txt_969,22,22,"With just days to go in the 2024 election cycle , Harris is also facing polls that indicate her support from",black,"voters — particularly black men — is slipping . If recent polls prove to be accurate , Harris will have less support from black voters than any Democrat in more than 50 years .",black
kamala_camp_scrambles_to_navigate_cracks_in_the_blue_wall.txt_969,26,26,"With just days to go in the 2024 election cycle , Harris is also facing polls that indicate her support from black voters — particularly",black,"men — is slipping . If recent polls prove to be accurate , Harris will have less support from black voters than any Democrat in more than 50 years .",black
kamala_camp_scrambles_to_navigate_cracks_in_the_blue_wall.txt_969,27,27,"With just days to go in the 2024 election cycle , Harris is also facing polls that indicate her support from black voters — particularly black",men,"— is slipping . If recent polls prove to be accurate , Harris will have less support from black voters than any Democrat in more than 50 years .",men
kamala_camp_scrambles_to_navigate_cracks_in_the_blue_wall.txt_969,40,40,"With just days to go in the 2024 election cycle , Harris is also facing polls that indicate her support from black voters — particularly black men — is slipping . If recent polls prove to be accurate ,",Harris,will have less support from black voters than any Democrat in more than 50 years .,harris
kamala_camp_scrambles_to_navigate_cracks_in_the_blue_wall.txt_969,46,46,"With just days to go in the 2024 election cycle , Harris is also facing polls that indicate her support from black voters — particularly black men — is slipping . If recent polls prove to be accurate , Harris will have less support from",black,voters than any Democrat in more than 50 years .,black
kamala_camp_scrambles_to_navigate_cracks_in_the_blue_wall.txt_970,9,9,"No matter how you splice the data ,",Trump,seems to be the strongest Republican with Black voters since 1960 . Young Black men in particular have trended right during Trump's runs ( cutting the Dem margin by 40 pts from 2012 ) .,trump
kamala_camp_scrambles_to_navigate_cracks_in_the_blue_wall.txt_970,17,17,"No matter how you splice the data , Trump seems to be the strongest Republican with",Black,voters since 1960 . Young Black men in particular have trended right during Trump's runs ( cutting the Dem margin by 40 pts from 2012 ) .,black
kamala_camp_scrambles_to_navigate_cracks_in_the_blue_wall.txt_970,23,23,"No matter how you splice the data , Trump seems to be the strongest Republican with Black voters since 1960 . Young",Black,men in particular have trended right during Trump's runs ( cutting the Dem margin by 40 pts from 2012 ) .,black
kamala_camp_scrambles_to_navigate_cracks_in_the_blue_wall.txt_970,24,24,"No matter how you splice the data , Trump seems to be the strongest Republican with Black voters since 1960 . Young Black",men,in particular have trended right during Trump's runs ( cutting the Dem margin by 40 pts from 2012 ) .,men
kamala_camp_scrambles_to_navigate_cracks_in_the_blue_wall.txt_970,31,31,"No matter how you splice the data , Trump seems to be the strongest Republican with Black voters since 1960 . Young Black men in particular have trended right during",Trump's,runs ( cutting the Dem margin by 40 pts from 2012 ) .,trump
kamala_camp_scrambles_to_navigate_cracks_in_the_blue_wall.txt_971,2,2,But,Trump's,doing historically well with Black women too pic.twitter.com / FyUqqDKLjE,trump
kamala_camp_scrambles_to_navigate_cracks_in_the_blue_wall.txt_971,7,7,But Trump's doing historically well with,Black,women too pic.twitter.com / FyUqqDKLjE,black
kamala_camp_scrambles_to_navigate_cracks_in_the_blue_wall.txt_971,8,8,But Trump's doing historically well with Black,women,too pic.twitter.com / FyUqqDKLjE,men
kamala_claims_highlighting_her_exact_words_is_disinformation.txt_978,1,1,,Kamala,Claims Highlighting Her Exact Words Is ‘ Disinformation ’,kamala
kamala_claims_highlighting_her_exact_words_is_disinformation.txt_985,3,3,Vice President,Kamala,Harris claimed on Tuesday that the Trump campaign has targeted her with “ disinformation ” in an ad even though it’s a clip of her expressing her support for an extreme policy .,kamala
kamala_claims_highlighting_her_exact_words_is_disinformation.txt_985,4,4,Vice President Kamala,Harris,claimed on Tuesday that the Trump campaign has targeted her with “ disinformation ” in an ad even though it’s a clip of her expressing her support for an extreme policy .,harris
kamala_claims_highlighting_her_exact_words_is_disinformation.txt_985,10,10,Vice President Kamala Harris claimed on Tuesday that the,Trump,campaign has targeted her with “ disinformation ” in an ad even though it’s a clip of her expressing her support for an extreme policy .,trump
kamala_claims_highlighting_her_exact_words_is_disinformation.txt_986,1,1,,Harris,made the remarks during an interview on “ The Breakfast Club ” when one of the co-hosts brought up the ad where she expressed her support for using taxpayer money to fund transgender surgeries for incarcerated illegal aliens .,harris
kamala_claims_highlighting_her_exact_words_is_disinformation.txt_986,34,34,Harris made the remarks during an interview on “ The Breakfast Club ” when one of the co-hosts brought up the ad where she expressed her support for using taxpayer money to fund,transgender,surgeries for incarcerated illegal aliens .,trans
kamala_claims_highlighting_her_exact_words_is_disinformation.txt_988,1,1,,Kamala,claims it’s “ misinformation ” that she supports taxpayer-funded sex changes for prisoners and illegal aliens .,kamala
kamala_claims_highlighting_her_exact_words_is_disinformation.txt_990,9,9,B ) No sex changes happened under President,Trump,. The first took place in 2022 — under Kamala . pic.twitter.com / kiRAjgSaTJ,trump
kamala_claims_highlighting_her_exact_words_is_disinformation.txt_990,19,19,B ) No sex changes happened under President Trump . The first took place in 2022 — under,Kamala,. pic.twitter.com / kiRAjgSaTJ,kamala
kamala_claims_highlighting_her_exact_words_is_disinformation.txt_991,2,2,—,Trump,"War Room ( @TrumpWarRoom ) October 29 , 2024",trump
kamala_claims_highlighting_her_exact_words_is_disinformation.txt_991,6,6,— Trump War Room (,@TrumpWarRoom,") October 29 , 2024",trump
kamala_claims_highlighting_her_exact_words_is_disinformation.txt_992,12,12,"In September , CNN unearthed a little reported on questionnaire that",Harris,filled out during her 2020 presidential campaign in which she was asked if she would use “ executive authority to ensure that transgender and non-binary people who rely on the state for medical care – including those in prison and immigration detention – will have access to comprehensive treatment associated,harris
kamala_claims_highlighting_her_exact_words_is_disinformation.txt_992,35,35,"In September , CNN unearthed a little reported on questionnaire that Harris filled out during her 2020 presidential campaign in which she was asked if she would use “ executive authority to ensure that",transgender,"and non-binary people who rely on the state for medical care – including those in prison and immigration detention – will have access to comprehensive treatment associated with gender transition , including all necessary surgical care . ”",trans
kamala_claims_highlighting_her_exact_words_is_disinformation.txt_992,53,53,", CNN unearthed a little reported on questionnaire that Harris filled out during her 2020 presidential campaign in which she was asked if she would use “ executive authority to ensure that transgender and non-binary people who rely on the state for medical care – including those in prison and",immigration,"detention – will have access to comprehensive treatment associated with gender transition , including all necessary surgical care . ”",immigration
kamala_claims_highlighting_her_exact_words_is_disinformation.txt_992,61,61,that Harris filled out during her 2020 presidential campaign in which she was asked if she would use “ executive authority to ensure that transgender and non-binary people who rely on the state for medical care – including those in prison and immigration detention – will have access to comprehensive,treatment,"associated with gender transition , including all necessary surgical care . ”",men
kamala_claims_highlighting_her_exact_words_is_disinformation.txt_992,65,65,during her 2020 presidential campaign in which she was asked if she would use “ executive authority to ensure that transgender and non-binary people who rely on the state for medical care – including those in prison and immigration detention – will have access to comprehensive treatment associated with gender,transition,", including all necessary surgical care . ”",trans
kamala_claims_highlighting_her_exact_words_is_disinformation.txt_995,1,1,,Harris,"explained her answer by claiming that it was “ important that transgender individuals who rely on the state for care receive the treatment they need , which includes access to treatment associated with gender transition . ”",harris
kamala_claims_highlighting_her_exact_words_is_disinformation.txt_995,13,13,Harris explained her answer by claiming that it was “ important that,transgender,"individuals who rely on the state for care receive the treatment they need , which includes access to treatment associated with gender transition . ”",trans
kamala_claims_highlighting_her_exact_words_is_disinformation.txt_995,24,24,Harris explained her answer by claiming that it was “ important that transgender individuals who rely on the state for care receive the,treatment,"they need , which includes access to treatment associated with gender transition . ”",men
kamala_claims_highlighting_her_exact_words_is_disinformation.txt_995,32,32,"Harris explained her answer by claiming that it was “ important that transgender individuals who rely on the state for care receive the treatment they need , which includes access to",treatment,associated with gender transition . ”,men
kamala_claims_highlighting_her_exact_words_is_disinformation.txt_995,36,36,"Harris explained her answer by claiming that it was “ important that transgender individuals who rely on the state for care receive the treatment they need , which includes access to treatment associated with gender",transition,. ”,trans
kamala_claims_highlighting_her_exact_words_is_disinformation.txt_996,2,2,“,Transition,"treatment is a medical necessity , and I will direct all federal agencies responsible for providing essential medical care to deliver transition treatment , ” she said .",trans
kamala_claims_highlighting_her_exact_words_is_disinformation.txt_996,3,3,“ Transition,treatment,"is a medical necessity , and I will direct all federal agencies responsible for providing essential medical care to deliver transition treatment , ” she said .",men
kamala_claims_highlighting_her_exact_words_is_disinformation.txt_996,24,24,"“ Transition treatment is a medical necessity , and I will direct all federal agencies responsible for providing essential medical care to deliver",transition,"treatment , ” she said .",trans
kamala_claims_highlighting_her_exact_words_is_disinformation.txt_996,25,25,"“ Transition treatment is a medical necessity , and I will direct all federal agencies responsible for providing essential medical care to deliver transition",treatment,", ” she said .",men
kamala_claims_highlighting_her_exact_words_is_disinformation.txt_997,1,1,,Harris,signaled during an interview on Fox News earlier this month that she would continue supporting funding sex change operations for illegal aliens because it’s “ the law . ”,harris
kamala_claims_inflation_crisis_she_sparked_is_not_a_partisan_issue.txt_1003,1,1,,Kamala,Claims Inflation Crisis She Sparked Is Not A ‘ Partisan Issue ’,kamala
kamala_claims_inflation_crisis_she_sparked_is_not_a_partisan_issue.txt_1010,3,3,Vice President,Kamala,Harris claimed over the weekend that the inflation crisis she sparked shortly after coming into office was not a “ partisan issue . ”,kamala
kamala_claims_inflation_crisis_she_sparked_is_not_a_partisan_issue.txt_1010,4,4,Vice President Kamala,Harris,claimed over the weekend that the inflation crisis she sparked shortly after coming into office was not a “ partisan issue . ”,harris
kamala_claims_inflation_crisis_she_sparked_is_not_a_partisan_issue.txt_1011,1,1,,Harris,claimed in an interview with CBS News that she could lower prices of private sector goods and services by signing legislation .,harris
kamala_claims_inflation_crisis_she_sparked_is_not_a_partisan_issue.txt_1013,29,29,"“ So I will tell you , for most of the issues that I think concern the vast majority of Americans , they’re not partisan issues , ”",Harris,"said while citing things like “ bringing down the cost of groceries , [ and ] bringing down the cost of housing . ”",harris
kamala_claims_inflation_crisis_she_sparked_is_not_a_partisan_issue.txt_1017,1,1,,Kamala’s,"response to the sky-high price of groceries , which have increased by almost 25 % since she took office : “ These are not partisan issues . ”",kamala
kamala_claims_inflation_crisis_she_sparked_is_not_a_partisan_issue.txt_1019,2,2,—,Trump,"War Room ( @TrumpWarRoom ) October 28 , 2024",trump
kamala_claims_inflation_crisis_she_sparked_is_not_a_partisan_issue.txt_1019,6,6,— Trump War Room (,@TrumpWarRoom,") October 28 , 2024",trump
kamala_claims_inflation_crisis_she_sparked_is_not_a_partisan_issue.txt_1020,5,5,"In March 2021 ,",Harris,cast the tie-breaking vote in the U.S . Senate to advance the behemoth $ 1.9 trillion spending package known as the American Rescue Plan . The bill — which not a single Republican in the House or Senate voted for — was signed into law a week later .,harris
kamala_crowd_goes_silent_at_rally_in_viral_clip.txt_1026,1,1,,Kamala,Crowd Goes Silent At Rally In Viral Clip,kamala
kamala_crowd_goes_silent_at_rally_in_viral_clip.txt_1032,18,18,"' Now I want each of you to shout your own name . Do that , '",Harris,told the Michigan crowd .,harris
kamala_crowd_goes_silent_at_rally_in_viral_clip.txt_1033,3,3,Vice President,Kamala,Harris has gone viral after a clip surfaced of the crowd at her rally in Ann Arbor going completely silent after she tried to convince them to shout their own names .,kamala
kamala_crowd_goes_silent_at_rally_in_viral_clip.txt_1033,4,4,Vice President Kamala,Harris,has gone viral after a clip surfaced of the crowd at her rally in Ann Arbor going completely silent after she tried to convince them to shout their own names .,harris
kamala_crowd_goes_silent_at_rally_in_viral_clip.txt_1034,2,2,During,Harris,"’ rally in Michigan on Monday , her supporters started to chant her first name — “ Ka-ma-la , Ka-ma-la , Ka-ma-la ” — over and over again while holding signs that read “ Vote ” and had Harris ’ name along with her running mate Minnesota Gov . Tim",harris
kamala_crowd_goes_silent_at_rally_in_viral_clip.txt_1034,41,41,"During Harris ’ rally in Michigan on Monday , her supporters started to chant her first name — “ Ka-ma-la , Ka-ma-la , Ka-ma-la ” — over and over again while holding signs that read “ Vote ” and had",Harris,’ name along with her running mate Minnesota Gov . Tim Walz’s name on it .,harris
kamala_crowd_goes_silent_at_rally_in_viral_clip.txt_1035,18,18,"“ Now I want each of you to shout your own name . Do that , ”",Harris,yelled over the crowd . “ Because it’s about all of us . It’s about all of us . ”,harris
kamala_crowd_goes_silent_at_rally_in_viral_clip.txt_1036,30,30,"In the clip , people appear to be looking at the person standing next to them and looking around to see what they should do . Instead of following",Harris,"’ instruction , the entire room just went silent and lowered their signs .",harris
kamala_crowd_goes_silent_at_rally_in_viral_clip.txt_1037,3,3,NEW :,Kamala,Harris ’ rally crowd is completely stumped after she tells them to all start shouting their own names .,kamala
kamala_crowd_goes_silent_at_rally_in_viral_clip.txt_1037,4,4,NEW : Kamala,Harris,’ rally crowd is completely stumped after she tells them to all start shouting their own names .,harris
kamala_crowd_goes_silent_at_rally_in_viral_clip.txt_1038,2,2,The,moment,came after the crowd started a “ Kamala ” chant .,men
kamala_crowd_goes_silent_at_rally_in_viral_clip.txt_1038,10,10,The moment came after the crowd started a “,Kamala,” chant .,kamala
kamala_crowd_goes_silent_at_rally_in_viral_clip.txt_1039,1,1,,Harris,": “ Now I want you to all shout your own names , do that ! ”",harris
kamala_crowd_goes_silent_at_rally_in_viral_clip.txt_1044,13,13,"Some have reacted to the clip on social media , calling the",moment,"“ cringe , ” “ embarrassing , ” and “ awkward . ”",men
kamala_crowd_goes_silent_at_rally_in_viral_clip.txt_1045,1,1,,Harris,"’ stop in Michigan was just the beginning of a busy week — leading up to Election Day — for the VP , who remains virtually in a tie with former President Donald Trump in the swing state .",harris
kamala_crowd_goes_silent_at_rally_in_viral_clip.txt_1045,34,34,"Harris ’ stop in Michigan was just the beginning of a busy week — leading up to Election Day — for the VP , who remains virtually in a tie with former President",Donald,Trump in the swing state .,donald
kamala_crowd_goes_silent_at_rally_in_viral_clip.txt_1045,35,35,"Harris ’ stop in Michigan was just the beginning of a busy week — leading up to Election Day — for the VP , who remains virtually in a tie with former President Donald",Trump,in the swing state .,trump
kamala_crowd_goes_silent_at_rally_in_viral_clip.txt_1046,6,6,"Earlier in the day ,",Harris,made headlines after another video circulated from her tour of a semiconductor plant in the state — where she asked employees whether or not she could touch something she described simply as “ shiny ! ” as The Daily Wire reported .,harris
kamala_crowd_goes_silent_at_rally_in_viral_clip.txt_1047,1,1,,Harris,"stopped at Hemlock Semiconductors in Saginaw where she got the chance to see newly harvested silicon laid out on a table . The Vice President reached out a hand toward one of the items , which was covered in plastic , and hesitated , asking , “ Can I touch",harris
kamala_crowd_goes_silent_at_rally_in_viral_clip.txt_1049,11,11,"“ Do not — I’m glad I asked , ”",Harris,"recoiled slightly , laughing . “ And I won’t touch that . ”",harris
kamala_crowd_goes_silent_at_rally_in_viral_clip.txt_1051,6,6,"“ And shiny , ”",Harris,"agreed , still laughing .",harris
kamala_crowd_goes_silent_at_rally_in_viral_clip.txt_1054,8,8,Related : ‘ Shiny ! ’ :,Kamala,Mocked Over Appearance At Semiconductor Factory,kamala
kamala_disappointed_numerous_major_newspapers_did_not_endorse_her.txt_1059,1,1,,Kamala,‘ Disappointed ’ Numerous Major Newspapers Did Not Endorse Her,kamala
kamala_disappointed_numerous_major_newspapers_did_not_endorse_her.txt_1065,12,12,USA Today was the most recent publication to decline making an,endorsement,.,men
kamala_disappointed_numerous_major_newspapers_did_not_endorse_her.txt_1066,3,3,Vice President,Kamala,Harris said this week that several major newspapers let her down by declining to endorse her in the final stretch of the 2024 presidential campaign .,kamala
kamala_disappointed_numerous_major_newspapers_did_not_endorse_her.txt_1066,4,4,Vice President Kamala,Harris,said this week that several major newspapers let her down by declining to endorse her in the final stretch of the 2024 presidential campaign .,harris
kamala_disappointed_numerous_major_newspapers_did_not_endorse_her.txt_1067,1,1,,Harris,"made the remarks during an interview on “ The Breakfast Club ” Tuesday morning when asked by co-host Charlamagne Tha God : “ How do you feel , Madam Vice President , about these major publications like The LA Times , The Washington Post , refusing to endorse somebody for",harris
kamala_disappointed_numerous_major_newspapers_did_not_endorse_her.txt_1068,34,34,"“ You know , Charlamagne , it’s disappointing , no doubt , ” she responded . “ But the other piece of it is it gets back to my point about who is",Donald,Trump . ”,donald
kamala_disappointed_numerous_major_newspapers_did_not_endorse_her.txt_1068,35,35,"“ You know , Charlamagne , it’s disappointing , no doubt , ” she responded . “ But the other piece of it is it gets back to my point about who is Donald",Trump,. ”,trump
kamala_disappointed_numerous_major_newspapers_did_not_endorse_her.txt_1069,50,50,"“ Because he is the one , right , who is up for election with me , and you know he , he , I think that some of your listeners , they know , and others may not , which is that , look , it’s billionaires in",Donald,"Trump’s clubs , ” she continued .",donald
kamala_disappointed_numerous_major_newspapers_did_not_endorse_her.txt_1069,51,51,"“ Because he is the one , right , who is up for election with me , and you know he , he , I think that some of your listeners , they know , and others may not , which is that , look , it’s billionaires in Donald",Trump’s,"clubs , ” she continued .",trump
kamala_disappointed_numerous_major_newspapers_did_not_endorse_her.txt_1071,1,1,,Kamala,"on the refusal of many of the nation’s biggest media outlets to endorse her : “ It gets back to my point about who is Donald Trump because he is the one , right , who is up for election with me . ” 🤔 pic.twitter.com / oYOvypPKja",kamala
kamala_disappointed_numerous_major_newspapers_did_not_endorse_her.txt_1071,27,27,Kamala on the refusal of many of the nation’s biggest media outlets to endorse her : “ It gets back to my point about who is,Donald,"Trump because he is the one , right , who is up for election with me . ” 🤔 pic.twitter.com / oYOvypPKja",donald
kamala_disappointed_numerous_major_newspapers_did_not_endorse_her.txt_1071,28,28,Kamala on the refusal of many of the nation’s biggest media outlets to endorse her : “ It gets back to my point about who is Donald,Trump,"because he is the one , right , who is up for election with me . ” 🤔 pic.twitter.com / oYOvypPKja",trump
kamala_disappointed_numerous_major_newspapers_did_not_endorse_her.txt_1072,2,2,—,Trump,"War Room ( @TrumpWarRoom ) October 29 , 2024",trump
kamala_disappointed_numerous_major_newspapers_did_not_endorse_her.txt_1072,6,6,— Trump War Room (,@TrumpWarRoom,") October 29 , 2024",trump
kamala_disappointed_numerous_major_newspapers_did_not_endorse_her.txt_1073,14,14,News broke last week that the Los Angeles Times would not make any,endorsement,in the presidential race after it had been long expected that it would endorse Harris .,men
kamala_disappointed_numerous_major_newspapers_did_not_endorse_her.txt_1073,29,29,News broke last week that the Los Angeles Times would not make any endorsement in the presidential race after it had been long expected that it would endorse,Harris,.,harris
kamala_disappointed_numerous_major_newspapers_did_not_endorse_her.txt_1075,13,13,The Washington Post announced late last week that it was ending presidential,endorsements,altogether .,men
kamala_disappointed_numerous_major_newspapers_did_not_endorse_her.txt_1076,10,10,“ The Washington Post will not be making an,endorsement,"of a presidential candidate in this election , ” the Editorial Board said in a statement . “ Nor in any future presidential election . We are returning to our roots of not endorsing presidential candidates . ”",men
kamala_disappointed_numerous_major_newspapers_did_not_endorse_her.txt_1076,26,26,"“ The Washington Post will not be making an endorsement of a presidential candidate in this election , ” the Editorial Board said in a",statement,. “ Nor in any future presidential election . We are returning to our roots of not endorsing presidential candidates . ”,men
kamala_disappointed_numerous_major_newspapers_did_not_endorse_her.txt_1077,15,15,USA Today this week became the third major national newspaper to not make an,endorsement,in the race .,men
kamala_evades_question_about_supporting_trans_rights.txt_1083,1,1,,Kamala,Evades Question About Supporting Trans Rights,kamala
kamala_evades_question_about_supporting_trans_rights.txt_1083,6,6,Kamala Evades Question About Supporting,Trans,Rights,trans
kamala_evades_question_about_supporting_trans_rights.txt_1089,1,1,,Harris,claimed Trump was distracting people by spending millions of dollars highlighting her support for taxpayer-funded trans procedures for inmates .,harris
kamala_evades_question_about_supporting_trans_rights.txt_1089,3,3,Harris claimed,Trump,was distracting people by spending millions of dollars highlighting her support for taxpayer-funded trans procedures for inmates .,trump
kamala_evades_question_about_supporting_trans_rights.txt_1089,17,17,Harris claimed Trump was distracting people by spending millions of dollars highlighting her support for taxpayer-funded,trans,procedures for inmates .,trans
kamala_evades_question_about_supporting_trans_rights.txt_1090,3,3,Vice President,Kamala,Harris avoided answering a question this week about whether she believes that people who claim that they are transgender should have access to transgender procedures and drugs .,kamala
kamala_evades_question_about_supporting_trans_rights.txt_1090,4,4,Vice President Kamala,Harris,avoided answering a question this week about whether she believes that people who claim that they are transgender should have access to transgender procedures and drugs .,harris
kamala_evades_question_about_supporting_trans_rights.txt_1090,22,22,Vice President Kamala Harris avoided answering a question this week about whether she believes that people who claim that they are,transgender,should have access to transgender procedures and drugs .,trans
kamala_evades_question_about_supporting_trans_rights.txt_1090,27,27,Vice President Kamala Harris avoided answering a question this week about whether she believes that people who claim that they are transgender should have access to,transgender,procedures and drugs .,trans
kamala_evades_question_about_supporting_trans_rights.txt_1091,1,1,,Harris,was asked the question by Hallie Jackson in an NBC News interview that aired Tuesday night .,harris
kamala_evades_question_about_supporting_trans_rights.txt_1092,6,6,“ Do you believe that,transgender,Americans should have access to gender-affirming care in this country ? ” Jackson asked .,trans
kamala_evades_question_about_supporting_trans_rights.txt_1093,11,11,"“ I think we should follow the law , ”",Harris,"responded . “ I mean , I think you’re probably pointing to the fact that Donald Trump’s campaign has spent tens of millions of dollars … ”",harris
kamala_evades_question_about_supporting_trans_rights.txt_1093,27,27,"“ I think we should follow the law , ” Harris responded . “ I mean , I think you’re probably pointing to the fact that",Donald,Trump’s campaign has spent tens of millions of dollars … ”,donald
kamala_evades_question_about_supporting_trans_rights.txt_1093,28,28,"“ I think we should follow the law , ” Harris responded . “ I mean , I think you’re probably pointing to the fact that Donald",Trump’s,campaign has spent tens of millions of dollars … ”,trump
kamala_evades_question_about_supporting_trans_rights.txt_1095,1,1,,Harris,said she believes that doctors should make decisions “ in terms of what is medically necessary . ”,harris
kamala_evades_question_about_supporting_trans_rights.txt_1098,7,7,“ But let’s also understand that,Donald,"Trump is running tens of millions of dollars in ads , ” she continued , a reference to a Trump ad that highlighted Harris ’ support for using taxpayer money to provide inmates sex change surgeries .",donald
kamala_evades_question_about_supporting_trans_rights.txt_1098,8,8,“ But let’s also understand that Donald,Trump,"is running tens of millions of dollars in ads , ” she continued , a reference to a Trump ad that highlighted Harris ’ support for using taxpayer money to provide inmates sex change surgeries .",trump
kamala_evades_question_about_supporting_trans_rights.txt_1098,27,27,"“ But let’s also understand that Donald Trump is running tens of millions of dollars in ads , ” she continued , a reference to a",Trump,ad that highlighted Harris ’ support for using taxpayer money to provide inmates sex change surgeries .,trump
kamala_evades_question_about_supporting_trans_rights.txt_1098,31,31,"“ But let’s also understand that Donald Trump is running tens of millions of dollars in ads , ” she continued , a reference to a Trump ad that highlighted",Harris,’ support for using taxpayer money to provide inmates sex change surgeries .,harris
kamala_evades_question_about_supporting_trans_rights.txt_1099,13,13,"She continued by talking about taxes , small business , and how",Trump,is allegedly making people “ distracted . ”,trump
kamala_evades_question_about_supporting_trans_rights.txt_1101,1,1,,Kamala,Harris says “ we should follow the law ” when asked by NBC’s @HallieJackson if she believes “ transgender Americans should have access to gender-affirming care ” .,kamala
kamala_evades_question_about_supporting_trans_rights.txt_1101,2,2,Kamala,Harris,says “ we should follow the law ” when asked by NBC’s @HallieJackson if she believes “ transgender Americans should have access to gender-affirming care ” .,harris
kamala_evades_question_about_supporting_trans_rights.txt_1101,20,20,Kamala Harris says “ we should follow the law ” when asked by NBC’s @HallieJackson if she believes “,transgender,Americans should have access to gender-affirming care ” .,trans
kamala_evades_question_about_supporting_trans_rights.txt_1103,1,1,,Harris,uncorks long-winded word salad … . pic.twitter.com / 8yCQNpkVOY,harris
kamala_evades_question_about_supporting_trans_rights.txt_1105,12,12,"Jackson pushed back , noting that she got no answer from",Harris,.,harris
kamala_evades_question_about_supporting_trans_rights.txt_1106,14,14,“ It sounds like what you’re saying is there should be something between,trans,"Americans and their doctors ? ” Jackson said . “ It feels like that’s a long way from ‘ we see you and we love you , ’ which was your message to trans-Americans in May . What do you want the LGBTQ plus community to know as they’re looking",trans
kamala_evades_question_about_supporting_trans_rights.txt_1106,48,48,"“ It sounds like what you’re saying is there should be something between trans Americans and their doctors ? ” Jackson said . “ It feels like that’s a long way from ‘ we see you and we love you , ’ which was your message to",trans-Americans,"in May . What do you want the LGBTQ plus community to know as they’re looking for a full throated backing from you for trans , for trans Americans ? ”",trans
kamala_evades_question_about_supporting_trans_rights.txt_1106,73,73,". “ It feels like that’s a long way from ‘ we see you and we love you , ’ which was your message to trans-Americans in May . What do you want the LGBTQ plus community to know as they’re looking for a full throated backing from you for",trans,", for trans Americans ? ”",trans
kamala_evades_question_about_supporting_trans_rights.txt_1106,76,76,"feels like that’s a long way from ‘ we see you and we love you , ’ which was your message to trans-Americans in May . What do you want the LGBTQ plus community to know as they’re looking for a full throated backing from you for trans , for",trans,Americans ? ”,trans
kamala_evades_question_about_supporting_trans_rights.txt_1107,1,1,,Harris,"responded that “ all people should be treated with dignity and respect , period , and should not be vilified for who they are , and should not be bullied for who they are . ”",harris
kamala_evades_question_about_supporting_trans_rights.txt_1108,5,5,"NBC’s @HallieJackson , lecturing",Kamala,Harris from the left on trangenderism : “ I don’t know that I heard a clear answer from you on the issue of gender-affirming care . It sounds like you’re saying that there should be something between trans Americans and their doctors . That … pic.twitter.com / W1li1NuTa0,kamala
kamala_evades_question_about_supporting_trans_rights.txt_1108,6,6,"NBC’s @HallieJackson , lecturing Kamala",Harris,from the left on trangenderism : “ I don’t know that I heard a clear answer from you on the issue of gender-affirming care . It sounds like you’re saying that there should be something between trans Americans and their doctors . That … pic.twitter.com / W1li1NuTa0,harris
kamala_evades_question_about_supporting_trans_rights.txt_1108,43,43,"NBC’s @HallieJackson , lecturing Kamala Harris from the left on trangenderism : “ I don’t know that I heard a clear answer from you on the issue of gender-affirming care . It sounds like you’re saying that there should be something between",trans,Americans and their doctors . That … pic.twitter.com / W1li1NuTa0,trans
kamala_harris_fumes_when_confronted_over_covering_up_bidens_cognitive_decline.txt_1114,1,1,,Kamala,Harris Fumes When Confronted Over Covering Up Biden’s Cognitive Decline,kamala
kamala_harris_fumes_when_confronted_over_covering_up_bidens_cognitive_decline.txt_1114,2,2,Kamala,Harris,Fumes When Confronted Over Covering Up Biden’s Cognitive Decline,harris
kamala_harris_fumes_when_confronted_over_covering_up_bidens_cognitive_decline.txt_1120,11,11,""" Joe Biden is not on the ballot ! """,Harris,fumed .,harris
kamala_harris_fumes_when_confronted_over_covering_up_bidens_cognitive_decline.txt_1121,3,3,Vice President,Kamala,Harris exploded during an interview Wednesday night when confronted with her cover-up of President Joe Biden’s serious cognitive decline .,kamala
kamala_harris_fumes_when_confronted_over_covering_up_bidens_cognitive_decline.txt_1121,4,4,Vice President Kamala,Harris,exploded during an interview Wednesday night when confronted with her cover-up of President Joe Biden’s serious cognitive decline .,harris
kamala_harris_fumes_when_confronted_over_covering_up_bidens_cognitive_decline.txt_1122,1,1,,Harris,made the remarks to Bret Baier during her first real interview of the election cycle in which she was asked difficult questions and repeated follow-ups .,harris
kamala_harris_fumes_when_confronted_over_covering_up_bidens_cognitive_decline.txt_1123,38,38,"“ You told many interviewers that Joe Biden was on his game , that [ he ] ran around circles on his staff , ” Baier noted . “ When did you first notice that President Biden’s",mental,faculties appeared diminished ? ”,men
kamala_harris_fumes_when_confronted_over_covering_up_bidens_cognitive_decline.txt_1124,25,25,Baier’s question came after Biden was forced out of the presidential race by the Democrat Party following his disastrous debate performance against former President,Donald,Trump .,donald
kamala_harris_fumes_when_confronted_over_covering_up_bidens_cognitive_decline.txt_1124,26,26,Baier’s question came after Biden was forced out of the presidential race by the Democrat Party following his disastrous debate performance against former President Donald,Trump,.,trump
kamala_harris_fumes_when_confronted_over_covering_up_bidens_cognitive_decline.txt_1125,1,1,,Harris,"flashed a deer-in-the-headlights look when asked the question , and paused for a moment before answering .",harris
kamala_harris_fumes_when_confronted_over_covering_up_bidens_cognitive_decline.txt_1125,15,15,"Harris flashed a deer-in-the-headlights look when asked the question , and paused for a",moment,before answering .,men
kamala_harris_fumes_when_confronted_over_covering_up_bidens_cognitive_decline.txt_1126,23,23,"“ Joe Biden , I have watched in — from the Oval Office to the Situation Room , and he has the",judgment,"and the experiment — and experience to do exactly what he has done in making very important decisions on behalf of the American people , ” Harris claimed .",men
kamala_harris_fumes_when_confronted_over_covering_up_bidens_cognitive_decline.txt_1126,26,26,"“ Joe Biden , I have watched in — from the Oval Office to the Situation Room , and he has the judgment and the",experiment,"— and experience to do exactly what he has done in making very important decisions on behalf of the American people , ” Harris claimed .",men
kamala_harris_fumes_when_confronted_over_covering_up_bidens_cognitive_decline.txt_1126,50,50,"“ Joe Biden , I have watched in — from the Oval Office to the Situation Room , and he has the judgment and the experiment — and experience to do exactly what he has done in making very important decisions on behalf of the American people , ”",Harris,claimed .,harris
kamala_harris_fumes_when_confronted_over_covering_up_bidens_cognitive_decline.txt_1128,1,1,,Harris,"snapped back : “ Bret , Joe Biden is not on the ballot . ”",harris
kamala_harris_fumes_when_confronted_over_covering_up_bidens_cognitive_decline.txt_1129,7,7,"As Baier tried to talk ,",Harris,"repeatedly talked over him , saying : “ And Donald Trump is . ”",harris
kamala_harris_fumes_when_confronted_over_covering_up_bidens_cognitive_decline.txt_1129,17,17,"As Baier tried to talk , Harris repeatedly talked over him , saying : “ And",Donald,Trump is . ”,donald
kamala_harris_fumes_when_confronted_over_covering_up_bidens_cognitive_decline.txt_1129,18,18,"As Baier tried to talk , Harris repeatedly talked over him , saying : “ And Donald",Trump,is . ”,trump
kamala_harris_fumes_when_confronted_over_covering_up_bidens_cognitive_decline.txt_1130,2,2,Baier,mentioned,that notable figures said that Biden’s decline was blatantly obvious to everyone around him .,men
kamala_harris_fumes_when_confronted_over_covering_up_bidens_cognitive_decline.txt_1132,1,1,,Harris,responded : “ Donald Trump is on the ballot . ”,harris
kamala_harris_fumes_when_confronted_over_covering_up_bidens_cognitive_decline.txt_1132,5,5,Harris responded : “,Donald,Trump is on the ballot . ”,donald
kamala_harris_fumes_when_confronted_over_covering_up_bidens_cognitive_decline.txt_1132,6,6,Harris responded : “ Donald,Trump,is on the ballot . ”,trump
kamala_harris_fumes_when_confronted_over_covering_up_bidens_cognitive_decline.txt_1134,13,13,BRETT BAIER : “ When did you first notice that Joe Biden’s,mental,faculties appeared diminished ? ”,men
kamala_harris_fumes_when_confronted_over_covering_up_bidens_cognitive_decline.txt_1135,1,1,,KAMALA,: “ Joe Biden is not on the ballot . ” pic.twitter.com / rKK7dfgwBz,kamala
kamala_harris_plagiarist.txt_1141,1,1,,Kamala,"Harris , Plagiarist ?",kamala
kamala_harris_plagiarist.txt_1141,2,2,Kamala,Harris,", Plagiarist ?",harris
kamala_harris_plagiarist.txt_1147,8,8,All of this underscores the fact that,Harris,has always been a giant nothing burger . There is nothing there .,harris
kamala_harris_plagiarist.txt_1148,7,7,People are finally realizing exactly who,Kamala,Harris is .,kamala
kamala_harris_plagiarist.txt_1148,8,8,People are finally realizing exactly who Kamala,Harris,is .,harris
kamala_harris_plagiarist.txt_1150,19,19,"Yesterday , Christopher Rufo , doing his usual yeoman investigative work , broke wide open the reality that",Harris,is an empty vessel and always was an empty vessel .,harris
kamala_harris_plagiarist.txt_1151,6,6,What he found is that,Harris,"plagiarized at least a dozen sections of her criminal justice book , “ Smart on Crime . ”",harris
kamala_harris_plagiarist.txt_1157,2,2,But,Harris,", apparently without dropping footnotes , just lifted entire paragraphs of text from , for example , the John Jay College of Criminal Justice , the Associated Press , and from Wikipedia .",harris
kamala_harris_plagiarist.txt_1165,8,8,All of this underscores the fact that,Harris,has always been a giant nothing burger . There is nothing there .,harris
kamala_harris_plagiarist.txt_1167,15,15,We keep trying to scrape beneath the surface and find the deeper level of,Kamala,Harris . But perhaps it’s just deeper layers of emptiness . Perhaps it turns out that Harris ’ core is just a gaping vacuum .,kamala
kamala_harris_plagiarist.txt_1167,16,16,We keep trying to scrape beneath the surface and find the deeper level of Kamala,Harris,. But perhaps it’s just deeper layers of emptiness . Perhaps it turns out that Harris ’ core is just a gaping vacuum .,harris
kamala_harris_plagiarist.txt_1167,32,32,We keep trying to scrape beneath the surface and find the deeper level of Kamala Harris . But perhaps it’s just deeper layers of emptiness . Perhaps it turns out that,Harris,’ core is just a gaping vacuum .,harris
kamala_harris_plagiarist.txt_1168,5,5,Even CNN acknowledged that,Harris,"had likely committed plagiarism , writing , “ CNN reviewed several of the passages highlighted by Rufo and found that Harris and O’C . Hamilton failed to properly attribute language to sources . ”",harris
kamala_harris_plagiarist.txt_1168,26,26,"Even CNN acknowledged that Harris had likely committed plagiarism , writing , “ CNN reviewed several of the passages highlighted by Rufo and found that",Harris,and O’C . Hamilton failed to properly attribute language to sources . ”,harris
kamala_harris_plagiarist.txt_1170,5,5,Because this is who,Kamala,Harris is .,kamala
kamala_harris_plagiarist.txt_1170,6,6,Because this is who Kamala,Harris,is .,harris
kamala_harris_plagiarized_sections_of_2009_book_report.txt_1177,1,1,,Kamala,Harris Plagiarized Sections Of 2009 Book : Report,kamala
kamala_harris_plagiarized_sections_of_2009_book_report.txt_1177,2,2,Kamala,Harris,Plagiarized Sections Of 2009 Book : Report,harris
kamala_harris_plagiarized_sections_of_2009_book_report.txt_1184,3,3,Vice President,Kamala,Harris appears to have plagiarized portions of her 2009 book that she coauthored with Joan O’C Hamilton .,kamala
kamala_harris_plagiarized_sections_of_2009_book_report.txt_1184,4,4,Vice President Kamala,Harris,appears to have plagiarized portions of her 2009 book that she coauthored with Joan O’C Hamilton .,harris
kamala_harris_plagiarized_sections_of_2009_book_report.txt_1187,3,3,EXCLUSIVE :,Kamala,"Harris plagiarized at least a dozen sections of her criminal-justice book , Smart on Crime , according to a new investigation . The current vice president even lifted material from Wikipedia .",kamala
kamala_harris_plagiarized_sections_of_2009_book_report.txt_1187,4,4,EXCLUSIVE : Kamala,Harris,"plagiarized at least a dozen sections of her criminal-justice book , Smart on Crime , according to a new investigation . The current vice president even lifted material from Wikipedia .",harris
kamala_harris_plagiarized_sections_of_2009_book_report.txt_1192,7,7,In one example of plagiarism from,Harris,"’ book , she and Hamilton appeared to have lifted a passage from a 2008 Wikipedia article on New York City’s Midtown Community Court , according to Rufo . Rufo quoted a section from the book that was almost entirely taken word-for-word from the Wikipedia entry .",harris
kamala_harris_plagiarized_sections_of_2009_book_report.txt_1195,1,1,,Harris,"and Hamilton published the book , titled “ Smart on Crime : A Career Prosecutor’s Plan to Make Us Safer , ” ahead of Harris ’ campaign for California attorney general as she was beginning her career in elected politics . The book was used to support Harris ’ image",harris
kamala_harris_plagiarized_sections_of_2009_book_report.txt_1195,26,26,"Harris and Hamilton published the book , titled “ Smart on Crime : A Career Prosecutor’s Plan to Make Us Safer , ” ahead of",Harris,’ campaign for California attorney general as she was beginning her career in elected politics . The book was used to support Harris ’ image and credibility for the role she was later to assume .,harris
kamala_harris_plagiarized_sections_of_2009_book_report.txt_1195,49,49,"Harris and Hamilton published the book , titled “ Smart on Crime : A Career Prosecutor’s Plan to Make Us Safer , ” ahead of Harris ’ campaign for California attorney general as she was beginning her career in elected politics . The book was used to support",Harris,’ image and credibility for the role she was later to assume .,harris
kamala_harris_plagiarized_sections_of_2009_book_report.txt_1196,8,8,"In her current run for president ,",Harris,"has been accused of copying several of former president Donald Trump’s campaign promises . In August , Harris announced that she supported eliminating taxes on tips , a promise Trump has made two months earlier . Harris has also portrayed herself as a tough-on-crime prosecutor and border hawk , though",harris
kamala_harris_plagiarized_sections_of_2009_book_report.txt_1196,18,18,"In her current run for president , Harris has been accused of copying several of former president",Donald,"Trump’s campaign promises . In August , Harris announced that she supported eliminating taxes on tips , a promise Trump has made two months earlier . Harris has also portrayed herself as a tough-on-crime prosecutor and border hawk , though Harris also supports amnesty .",donald
kamala_harris_plagiarized_sections_of_2009_book_report.txt_1196,19,19,"In her current run for president , Harris has been accused of copying several of former president Donald",Trump’s,"campaign promises . In August , Harris announced that she supported eliminating taxes on tips , a promise Trump has made two months earlier . Harris has also portrayed herself as a tough-on-crime prosecutor and border hawk , though Harris also supports amnesty .",trump
kamala_harris_plagiarized_sections_of_2009_book_report.txt_1196,26,26,"In her current run for president , Harris has been accused of copying several of former president Donald Trump’s campaign promises . In August ,",Harris,"announced that she supported eliminating taxes on tips , a promise Trump has made two months earlier . Harris has also portrayed herself as a tough-on-crime prosecutor and border hawk , though Harris also supports amnesty .",harris
kamala_harris_plagiarized_sections_of_2009_book_report.txt_1196,38,38,"In her current run for president , Harris has been accused of copying several of former president Donald Trump’s campaign promises . In August , Harris announced that she supported eliminating taxes on tips , a promise",Trump,"has made two months earlier . Harris has also portrayed herself as a tough-on-crime prosecutor and border hawk , though Harris also supports amnesty .",trump
kamala_harris_plagiarized_sections_of_2009_book_report.txt_1196,45,45,"In her current run for president , Harris has been accused of copying several of former president Donald Trump’s campaign promises . In August , Harris announced that she supported eliminating taxes on tips , a promise Trump has made two months earlier .",Harris,"has also portrayed herself as a tough-on-crime prosecutor and border hawk , though Harris also supports amnesty .",harris
kamala_harris_plagiarized_sections_of_2009_book_report.txt_1196,59,59,"has been accused of copying several of former president Donald Trump’s campaign promises . In August , Harris announced that she supported eliminating taxes on tips , a promise Trump has made two months earlier . Harris has also portrayed herself as a tough-on-crime prosecutor and border hawk , though",Harris,also supports amnesty .,harris
kamala_harris_unserious_campaign.txt_1201,1,1,,Kamala,Harris ’ Unserious Campaign,kamala
kamala_harris_unserious_campaign.txt_1201,2,2,Kamala,Harris,’ Unserious Campaign,harris
kamala_harris_unserious_campaign.txt_1208,8,8,"In order to win the election ,",Kamala,Harris has suggested Donald Trump is unserious .,kamala
kamala_harris_unserious_campaign.txt_1208,9,9,"In order to win the election , Kamala",Harris,has suggested Donald Trump is unserious .,harris
kamala_harris_unserious_campaign.txt_1208,12,12,"In order to win the election , Kamala Harris has suggested",Donald,Trump is unserious .,donald
kamala_harris_unserious_campaign.txt_1208,13,13,"In order to win the election , Kamala Harris has suggested Donald",Trump,is unserious .,trump
kamala_harris_unserious_campaign.txt_1209,6,6,She stated on Monday that,Donald,"Trump is fundamentally an unserious candidate , but the consequences of his presidency will be so serious .",donald
kamala_harris_unserious_campaign.txt_1209,7,7,She stated on Monday that Donald,Trump,"is fundamentally an unserious candidate , but the consequences of his presidency will be so serious .",trump
kamala_harris_unserious_campaign.txt_1209,9,9,She stated on Monday that Donald Trump is,fundamentally,"an unserious candidate , but the consequences of his presidency will be so serious .",men
kamala_harris_unserious_campaign.txt_1210,8,8,"“ In many , many ways ,",Donald,"Trump is an unserious man , but the consequences of him being president of the United States are brutally serious , ” she whined . “ There are things that he says that will be the subject of skits and laughter and jokes , but words have meaning coming from",donald
kamala_harris_unserious_campaign.txt_1210,9,9,"“ In many , many ways , Donald",Trump,"is an unserious man , but the consequences of him being president of the United States are brutally serious , ” she whined . “ There are things that he says that will be the subject of skits and laughter and jokes , but words have meaning coming from someone",trump
kamala_harris_unserious_campaign.txt_1211,1,1,,Harris,and Trump are virtually polar opposites . Trump says a lot of stuff . He makes jokes about Arnold Palmer’s business and he says funny things about McDonald’s and he makes jokes all the time . He says things that are really out of the box and it’s hard to,harris
kamala_harris_unserious_campaign.txt_1211,3,3,Harris and,Trump,are virtually polar opposites . Trump says a lot of stuff . He makes jokes about Arnold Palmer’s business and he says funny things about McDonald’s and he makes jokes all the time . He says things that are really out of the box and it’s hard to take them,trump
kamala_harris_unserious_campaign.txt_1211,9,9,Harris and Trump are virtually polar opposites .,Trump,says a lot of stuff . He makes jokes about Arnold Palmer’s business and he says funny things about McDonald’s and he makes jokes all the time . He says things that are really out of the box and it’s hard to take them fully seriously because he’s not fully,trump
kamala_harris_unserious_campaign.txt_1211,29,29,Harris and Trump are virtually polar opposites . Trump says a lot of stuff . He makes jokes about Arnold Palmer’s business and he says funny things about,McDonald’s,"and he makes jokes all the time . He says things that are really out of the box and it’s hard to take them fully seriously because he’s not fully serious when he says them . And even when he is fully serious , does he really mean them 100",donald
kamala_harris_unserious_campaign.txt_1212,17,17,But — his actual policy is quite serious . That has always been the gap for,Donald,"Trump : his image is sort of buffoonish and goofballish , but his actual policy is hard-nosed .",donald
kamala_harris_unserious_campaign.txt_1212,18,18,But — his actual policy is quite serious . That has always been the gap for Donald,Trump,": his image is sort of buffoonish and goofballish , but his actual policy is hard-nosed .",trump
kamala_harris_unserious_campaign.txt_1213,4,4,His actual policy,accomplishments,"are quite real , namely : a functional economy , growing innovation , low inflation , a foreign policy record that is second to none in the annals of American history . No major foreign wars , new peace deals in the Middle East , intimidation of our enemies ,",men
kamala_harris_unserious_campaign.txt_1214,2,2,So,Donald,"Trump has a patina of unseriousness , and underneath he’s a very serious policy candidate . That is why he is running the way he’s running in this election .",donald
kamala_harris_unserious_campaign.txt_1214,3,3,So Donald,Trump,"has a patina of unseriousness , and underneath he’s a very serious policy candidate . That is why he is running the way he’s running in this election .",trump
kamala_harris_unserious_campaign.txt_1215,1,1,,Kamala,"Harris is precisely the opposite . She tries to pose as serious , but underneath it is a deep unseriousness . Beneath that façade is total emptiness . She’s a shell of a politician , and below it is just a vacuum .",kamala
kamala_harris_unserious_campaign.txt_1215,2,2,Kamala,Harris,"is precisely the opposite . She tries to pose as serious , but underneath it is a deep unseriousness . Beneath that façade is total emptiness . She’s a shell of a politician , and below it is just a vacuum .",harris
kamala_harris_unserious_campaign.txt_1218,44,44,"Why are her aides hauling out their reporters ? Why isn’t she doing it ? Because she’s not capable . In fact , we are now learning that she has reduced her time on the campaign trail . According to Breitbart , “",Kamala,"Harris’s campaign reduced her time on the campaign trail this week , opting to prepare for an interview with NBC and a CNN town hall . ”",kamala
kamala_harris_unserious_campaign.txt_1218,45,45,"Why are her aides hauling out their reporters ? Why isn’t she doing it ? Because she’s not capable . In fact , we are now learning that she has reduced her time on the campaign trail . According to Breitbart , “ Kamala",Harris’s,"campaign reduced her time on the campaign trail this week , opting to prepare for an interview with NBC and a CNN town hall . ”",harris
kamala_harris_unserious_campaign.txt_1220,38,38,"It’s one thing to say I’m taking two days off to prepare for a debate , so I have to study my opponent’s moves . I need to do a sort of lightning round with somebody playing",Donald,Trump . That would be understandable .,donald
kamala_harris_unserious_campaign.txt_1220,39,39,"It’s one thing to say I’m taking two days off to prepare for a debate , so I have to study my opponent’s moves . I need to do a sort of lightning round with somebody playing Donald",Trump,. That would be understandable .,trump
kamala_harris_unserious_campaign.txt_1223,6,6,But here’s the thing about,Kamala,Harris : She has to prepare for everything .,kamala
kamala_harris_unserious_campaign.txt_1223,7,7,But here’s the thing about Kamala,Harris,: She has to prepare for everything .,harris
kamala_harris_unserious_campaign.txt_1224,11,11,The reason that the Left is so worked up about,Donald,"Trump going to McDonald’s is because when Donald Trump went to McDonald’s , he was very comfortable in his own skin . By masquerading as a worker at McDonald’s , Trump was showing respect to people who work at McDonald’s and people who eat at McDonald’s , and he likes",donald
kamala_harris_unserious_campaign.txt_1224,12,12,The reason that the Left is so worked up about Donald,Trump,"going to McDonald’s is because when Donald Trump went to McDonald’s , he was very comfortable in his own skin . By masquerading as a worker at McDonald’s , Trump was showing respect to people who work at McDonald’s and people who eat at McDonald’s , and he likes those",trump
kamala_harris_unserious_campaign.txt_1224,15,15,The reason that the Left is so worked up about Donald Trump going to,McDonald’s,"is because when Donald Trump went to McDonald’s , he was very comfortable in his own skin . By masquerading as a worker at McDonald’s , Trump was showing respect to people who work at McDonald’s and people who eat at McDonald’s , and he likes those people .",donald
kamala_harris_unserious_campaign.txt_1224,19,19,The reason that the Left is so worked up about Donald Trump going to McDonald’s is because when,Donald,"Trump went to McDonald’s , he was very comfortable in his own skin . By masquerading as a worker at McDonald’s , Trump was showing respect to people who work at McDonald’s and people who eat at McDonald’s , and he likes those people .",donald
kamala_harris_unserious_campaign.txt_1224,20,20,The reason that the Left is so worked up about Donald Trump going to McDonald’s is because when Donald,Trump,"went to McDonald’s , he was very comfortable in his own skin . By masquerading as a worker at McDonald’s , Trump was showing respect to people who work at McDonald’s and people who eat at McDonald’s , and he likes those people .",trump
kamala_harris_unserious_campaign.txt_1224,23,23,The reason that the Left is so worked up about Donald Trump going to McDonald’s is because when Donald Trump went to,McDonald’s,", he was very comfortable in his own skin . By masquerading as a worker at McDonald’s , Trump was showing respect to people who work at McDonald’s and people who eat at McDonald’s , and he likes those people .",donald
kamala_harris_unserious_campaign.txt_1224,40,40,"The reason that the Left is so worked up about Donald Trump going to McDonald’s is because when Donald Trump went to McDonald’s , he was very comfortable in his own skin . By masquerading as a worker at",McDonald’s,", Trump was showing respect to people who work at McDonald’s and people who eat at McDonald’s , and he likes those people .",donald
kamala_harris_unserious_campaign.txt_1224,42,42,"The reason that the Left is so worked up about Donald Trump going to McDonald’s is because when Donald Trump went to McDonald’s , he was very comfortable in his own skin . By masquerading as a worker at McDonald’s ,",Trump,"was showing respect to people who work at McDonald’s and people who eat at McDonald’s , and he likes those people .",trump
kamala_harris_unserious_campaign.txt_1224,51,51,"The reason that the Left is so worked up about Donald Trump going to McDonald’s is because when Donald Trump went to McDonald’s , he was very comfortable in his own skin . By masquerading as a worker at McDonald’s , Trump was showing respect to people who work at",McDonald’s,"and people who eat at McDonald’s , and he likes those people .",donald
kamala_harris_unserious_campaign.txt_1224,57,57,"so worked up about Donald Trump going to McDonald’s is because when Donald Trump went to McDonald’s , he was very comfortable in his own skin . By masquerading as a worker at McDonald’s , Trump was showing respect to people who work at McDonald’s and people who eat at",McDonald’s,", and he likes those people .",donald
kamala_harris_unserious_campaign.txt_1225,1,1,,Kamala,Harris is the kind of person who literally has to be prepared by her staff to do a small donor dinner . They’d put a fake dinner together so she could learn to speak with humans without downing an entire bottle of rosé .,kamala
kamala_harris_unserious_campaign.txt_1225,2,2,Kamala,Harris,is the kind of person who literally has to be prepared by her staff to do a small donor dinner . They’d put a fake dinner together so she could learn to speak with humans without downing an entire bottle of rosé .,harris
kamala_has_ties_to_iran_praising_hezbollah_supporting_imam.txt_1232,1,1,,Kamala,"Has Ties To Iran-Praising , Hezbollah-Supporting Imam",kamala
kamala_has_ties_to_iran_praising_hezbollah_supporting_imam.txt_1238,1,1,,Harris,planned to visit his Islamic Center before a flood canceled plans in 2021,harris
kamala_has_ties_to_iran_praising_hezbollah_supporting_imam.txt_1239,3,3,Vice President,Kamala,"Harris not only met with a Michigan Iranian cleric who supports Hezbollah and praised Iran’s despotic founder , Ayatollah Ruhollah Khomeini , but also reportedly planned to visit his Islamic House of Wisdom before a flood canceled her plans .",kamala
kamala_has_ties_to_iran_praising_hezbollah_supporting_imam.txt_1239,4,4,Vice President Kamala,Harris,"not only met with a Michigan Iranian cleric who supports Hezbollah and praised Iran’s despotic founder , Ayatollah Ruhollah Khomeini , but also reportedly planned to visit his Islamic House of Wisdom before a flood canceled her plans .",harris
kamala_has_ties_to_iran_praising_hezbollah_supporting_imam.txt_1240,104,104,"and concerning , especially considering the broad span of Alavi’s activities in the fields of education and religion , where the Iranian regime can subtly but powerfully seed its influence , agendas , and extremist rhetoric , ” the George Washington University Program on Extremism reported in “ Propaganda ,",Procurement,and Lethal Operations : Iran’s Activities Inside America . ”,men
kamala_has_ties_to_iran_praising_hezbollah_supporting_imam.txt_1242,1,1,,Harris,"met with Imam Mohammad Ali Elahi at a COVID vaccination event in Detroit in July 2021 , “ Propaganda , Procurement and Lethal Operations : Iran’s Activities Inside America , ” stated . “ Vice President Harris thanked Imam Elahi and IHW for their preparation to host her at the",harris
kamala_has_ties_to_iran_praising_hezbollah_supporting_imam.txt_1242,22,22,"Harris met with Imam Mohammad Ali Elahi at a COVID vaccination event in Detroit in July 2021 , “ Propaganda ,",Procurement,"and Lethal Operations : Iran’s Activities Inside America , ” stated . “ Vice President Harris thanked Imam Elahi and IHW for their preparation to host her at the House of Wisdom last Monday and regretted missing the visitation because of the flood emergency in the area , ” the",men
kamala_has_ties_to_iran_praising_hezbollah_supporting_imam.txt_1242,38,38,"Harris met with Imam Mohammad Ali Elahi at a COVID vaccination event in Detroit in July 2021 , “ Propaganda , Procurement and Lethal Operations : Iran’s Activities Inside America , ” stated . “ Vice President",Harris,"thanked Imam Elahi and IHW for their preparation to host her at the House of Wisdom last Monday and regretted missing the visitation because of the flood emergency in the area , ” the Islamic House of Wisdom acknowledged on its website , JNS reported .",harris
kamala_has_ties_to_iran_praising_hezbollah_supporting_imam.txt_1243,1,1,,Kamala,"Harris , in July 2021 , met with an Iranian regime operative , Imam Mohammad Ali Elahi , who has close ties to groups fueling antisemitic hate on American campuses.Source : George Washington University’s Program report on Extremism . : / / t.co / QCF1IL8rAS pic.twitter.com / BahGSTG62I",kamala
kamala_has_ties_to_iran_praising_hezbollah_supporting_imam.txt_1243,2,2,Kamala,Harris,", in July 2021 , met with an Iranian regime operative , Imam Mohammad Ali Elahi , who has close ties to groups fueling antisemitic hate on American campuses.Source : George Washington University’s Program report on Extremism . : / / t.co / QCF1IL8rAS pic.twitter.com / BahGSTG62I",harris
kamala_has_ties_to_iran_praising_hezbollah_supporting_imam.txt_1248,67,67,"Hezbollah is a terrorist organization or not . I know that legally in the U.S . now , Hezbollah is on that list . [ … ] They [ Hezbollah ] were resisting against [ Israeli ] occupation . I think that is something that is supported even by our",government,. ”,men
kamala_mocks_trump_for_stopping_town_hall_after_2_attendees_have_medical_emergencies.txt_1253,1,1,,Kamala,Mocks Trump For Stopping Town Hall After 2 Attendees Have Medical Emergencies,kamala
kamala_mocks_trump_for_stopping_town_hall_after_2_attendees_have_medical_emergencies.txt_1253,3,3,Kamala Mocks,Trump,For Stopping Town Hall After 2 Attendees Have Medical Emergencies,trump
kamala_mocks_trump_for_stopping_town_hall_after_2_attendees_have_medical_emergencies.txt_1259,5,5,Her campaign also mocked,Trump,over the medical emergencies .,trump
kamala_mocks_trump_for_stopping_town_hall_after_2_attendees_have_medical_emergencies.txt_1260,3,3,Vice President,Kamala,Harris and her presidential campaign faced backlash this week after they mocked former President Donald Trump for stopping a town hall event he was participating in after two attendees suffered medical emergencies .,kamala
kamala_mocks_trump_for_stopping_town_hall_after_2_attendees_have_medical_emergencies.txt_1260,4,4,Vice President Kamala,Harris,and her presidential campaign faced backlash this week after they mocked former President Donald Trump for stopping a town hall event he was participating in after two attendees suffered medical emergencies .,harris
kamala_mocks_trump_for_stopping_town_hall_after_2_attendees_have_medical_emergencies.txt_1260,18,18,Vice President Kamala Harris and her presidential campaign faced backlash this week after they mocked former President,Donald,Trump for stopping a town hall event he was participating in after two attendees suffered medical emergencies .,donald
kamala_mocks_trump_for_stopping_town_hall_after_2_attendees_have_medical_emergencies.txt_1260,19,19,Vice President Kamala Harris and her presidential campaign faced backlash this week after they mocked former President Donald,Trump,for stopping a town hall event he was participating in after two attendees suffered medical emergencies .,trump
kamala_mocks_trump_for_stopping_town_hall_after_2_attendees_have_medical_emergencies.txt_1261,1,1,,Trump,"was holding a town hall in Oaks , Pennsylvania , on Monday evening when two people in the audience fainted .",trump
kamala_mocks_trump_for_stopping_town_hall_after_2_attendees_have_medical_emergencies.txt_1264,1,1,,Trump,called attention to the people who fainted and directed medical attention to them . The fainting may have been caused by the room being warm because the doors could not be opened for security reasons after Trump survived multiple assassination attempts .,trump
kamala_mocks_trump_for_stopping_town_hall_after_2_attendees_have_medical_emergencies.txt_1264,38,38,Trump called attention to the people who fainted and directed medical attention to them . The fainting may have been caused by the room being warm because the doors could not be opened for security reasons after,Trump,survived multiple assassination attempts .,trump
kamala_mocks_trump_for_stopping_town_hall_after_2_attendees_have_medical_emergencies.txt_1265,1,1,,Trump,then decided to end the formal question and answer portion of the town hall and opted to just have fun with his supporters by listening to music .,trump
kamala_mocks_trump_for_stopping_town_hall_after_2_attendees_have_medical_emergencies.txt_1266,16,16,"“ Let’s not do any more questions . Let’s just listen to music , ”",Trump,said . “ Who the hell wants to hear questions right ? ”,trump
kamala_mocks_trump_for_stopping_town_hall_after_2_attendees_have_medical_emergencies.txt_1267,1,1,,Trump,ends his town hall in Pennsylvania after 2 people in the audience suffered medical emergencies,trump
kamala_mocks_trump_for_stopping_town_hall_after_2_attendees_have_medical_emergencies.txt_1269,14,14,This ability to be human is why he appeals to voters more than,Kamala,pic.twitter.com / s2qFBOXLGD,kamala
kamala_mocks_trump_for_stopping_town_hall_after_2_attendees_have_medical_emergencies.txt_1271,2,2,The,Harris,"campaign mocked Trump over the incident , posting on X : “ Trump appears lost , confused , and frozen on stage as multiple songs play for 30 + minutes and the crowd pours out of the venue early . ”",harris
kamala_mocks_trump_for_stopping_town_hall_after_2_attendees_have_medical_emergencies.txt_1271,5,5,The Harris campaign mocked,Trump,"over the incident , posting on X : “ Trump appears lost , confused , and frozen on stage as multiple songs play for 30 + minutes and the crowd pours out of the venue early . ”",trump
kamala_mocks_trump_for_stopping_town_hall_after_2_attendees_have_medical_emergencies.txt_1271,15,15,"The Harris campaign mocked Trump over the incident , posting on X : “",Trump,"appears lost , confused , and frozen on stage as multiple songs play for 30 + minutes and the crowd pours out of the venue early . ”",trump
kamala_mocks_trump_for_stopping_town_hall_after_2_attendees_have_medical_emergencies.txt_1273,1,1,,Harris,"boosted the claims from her campaign’s account and mocked Trump in the process , writing : “ Hope he’s okay . ”",harris
kamala_mocks_trump_for_stopping_town_hall_after_2_attendees_have_medical_emergencies.txt_1273,11,11,Harris boosted the claims from her campaign’s account and mocked,Trump,"in the process , writing : “ Hope he’s okay . ”",trump
kamala_mocks_trump_for_stopping_town_hall_after_2_attendees_have_medical_emergencies.txt_1274,1,1,,Harris,spokesperson Ian Sams also claimed that there was “ no explanation of why ” he stopped the formal part of the town hall .,harris
kamala_mocks_trump_for_stopping_town_hall_after_2_attendees_have_medical_emergencies.txt_1275,2,2,The,Trump,"campaign fired back at the claims from the Harris campaign : “ Meanwhile , back in the real world , what actually happened is President Trump listened to music with his supporters after multiple people needed medical attention . ”",trump
kamala_mocks_trump_for_stopping_town_hall_after_2_attendees_have_medical_emergencies.txt_1275,11,11,The Trump campaign fired back at the claims from the,Harris,"campaign : “ Meanwhile , back in the real world , what actually happened is President Trump listened to music with his supporters after multiple people needed medical attention . ”",harris
kamala_mocks_trump_for_stopping_town_hall_after_2_attendees_have_medical_emergencies.txt_1275,28,28,"The Trump campaign fired back at the claims from the Harris campaign : “ Meanwhile , back in the real world , what actually happened is President",Trump,listened to music with his supporters after multiple people needed medical attention . ”,trump
kamala_mocks_trump_for_stopping_town_hall_after_2_attendees_have_medical_emergencies.txt_1276,4,4,“ The more,Kamala’s,"interns see her poll numbers , the more pathetic the lies become , ” they added .",kamala
kamala_mocks_trump_for_stopping_town_hall_after_2_attendees_have_medical_emergencies.txt_1277,19,19,The campaign also posted a clip from ABC News that debunked “ the pathetic lie ” from the,Harris,campaign .,harris
kamala_mocks_trump_for_stopping_town_hall_after_2_attendees_have_medical_emergencies.txt_1278,13,13,🚨 WATCH : ABC News completely debunks the pathetic lie spread by,Kamala,and her campaign that President Trump froze on stage at his town hall .,kamala
kamala_mocks_trump_for_stopping_town_hall_after_2_attendees_have_medical_emergencies.txt_1278,19,19,🚨 WATCH : ABC News completely debunks the pathetic lie spread by Kamala and her campaign that President,Trump,froze on stage at his town hall .,trump
kamala_mocks_trump_for_stopping_town_hall_after_2_attendees_have_medical_emergencies.txt_1279,7,7,"As her poll numbers drop ,",Kamala’s,lies become even more pathetic . : / / t.co / E6GpGIHZ77 pic.twitter.com / tDpD18Dh4o,kamala
kamala_mocks_trump_for_stopping_town_hall_after_2_attendees_have_medical_emergencies.txt_1280,2,2,—,Trump,"War Room ( @TrumpWarRoom ) October 15 , 2024",trump
kamala_mocks_trump_for_stopping_town_hall_after_2_attendees_have_medical_emergencies.txt_1280,6,6,— Trump War Room (,@TrumpWarRoom,") October 15 , 2024",trump
kamala_once_threatened_to_jail_oil_executives_they_need_to_pay_the_price.txt_1286,1,1,,Kamala,Once Threatened To Jail Oil Executives : ‘ They Need To Pay The Price ’,kamala
kamala_once_threatened_to_jail_oil_executives_they_need_to_pay_the_price.txt_1292,1,1,,Harris,has continued to lie about her past remarks regarding her anti-fossil fuel agenda .,harris
kamala_once_threatened_to_jail_oil_executives_they_need_to_pay_the_price.txt_1293,3,3,Vice President,Kamala,"Harris threatened to prosecute fossil fuel executives during her failed 2020 presidential campaign , according to newly surfaced remarks .",kamala
kamala_once_threatened_to_jail_oil_executives_they_need_to_pay_the_price.txt_1293,4,4,Vice President Kamala,Harris,"threatened to prosecute fossil fuel executives during her failed 2020 presidential campaign , according to newly surfaced remarks .",harris
kamala_once_threatened_to_jail_oil_executives_they_need_to_pay_the_price.txt_1294,4,4,CNN reported that,Harris,told voters at a November 2019 town hall in South Carolina that oil companies and fossil fuel companies “ should be really prepared to look at a serious fine or be charged with a crime ” for their role in what leftists claim is a “ climate crisis . ”,harris
kamala_once_threatened_to_jail_oil_executives_they_need_to_pay_the_price.txt_1295,31,31,"“ And , not unlike the tobacco companies , after years — ’ cause they’d done the research — they knew the harm that their product was causing , ”",Harris,continued . “ They were making so much money that they kept that secret — same thing with these big oil companies . And they need to pay the price . ”,harris
kamala_once_threatened_to_jail_oil_executives_they_need_to_pay_the_price.txt_1296,16,16,"NEW : Our report last night on OutFrontCNN – As a candidate in 2019 ,",Kamala,"Harris said she could criminally prosecute oil companies for climate change . Fast forward to 2024 , she and Walz are now touting those same companies record oil production under the Biden-Harris admin . pic.twitter.com / mygxdQNDXI",kamala
kamala_once_threatened_to_jail_oil_executives_they_need_to_pay_the_price.txt_1296,17,17,"NEW : Our report last night on OutFrontCNN – As a candidate in 2019 , Kamala",Harris,"said she could criminally prosecute oil companies for climate change . Fast forward to 2024 , she and Walz are now touting those same companies record oil production under the Biden-Harris admin . pic.twitter.com / mygxdQNDXI",harris
kamala_once_threatened_to_jail_oil_executives_they_need_to_pay_the_price.txt_1296,48,48,"NEW : Our report last night on OutFrontCNN – As a candidate in 2019 , Kamala Harris said she could criminally prosecute oil companies for climate change . Fast forward to 2024 , she and Walz are now touting those same companies record oil production under the",Biden-Harris,admin . pic.twitter.com / mygxdQNDXI,harris
kamala_once_threatened_to_jail_oil_executives_they_need_to_pay_the_price.txt_1298,4,4,CNN added that,Harris,made similar remarks at the time in an interview with leftist magazine Mother Jones .,harris
kamala_once_threatened_to_jail_oil_executives_they_need_to_pay_the_price.txt_1300,1,1,,Harris,"— now the Democrat Party’s presidential nominee , despite never earning a single vote from primary voters — is now trying to take credit for the U.S . ’ s oil and gas production .",harris
kamala_once_threatened_to_jail_oil_executives_they_need_to_pay_the_price.txt_1302,2,2,The,Biden-Harris,administration’s policies have caused the U.S . to fall well behind oil and gas production projections .,harris
kamala_once_threatened_to_jail_oil_executives_they_need_to_pay_the_price.txt_1303,4,4,"In 2019 ,",Harris,"led the charge with Rep . Alexandria Ocasio-Cortez ( D-NY ) in trying to ram the Green New Deal through Congress , an extreme far-Left climate initiative that would cost tens of trillions of dollars .",harris
kamala_once_threatened_to_jail_oil_executives_they_need_to_pay_the_price.txt_1304,1,1,,Harris,"also said at the time she would ban fracking , a claim that she has now walked back and continued to lie about when it comes to her past comments .",harris
kamala_once_threatened_to_jail_oil_executives_they_need_to_pay_the_price.txt_1304,31,31,"Harris also said at the time she would ban fracking , a claim that she has now walked back and continued to lie about when it comes to her past",comments,.,men
kamala_once_threatened_to_jail_oil_executives_they_need_to_pay_the_price.txt_1307,1,1,,Harris,was asked whether she still supported banning fracking during a softball CNN interview with Dana Bash several weeks ago .,harris
kamala_once_threatened_to_jail_oil_executives_they_need_to_pay_the_price.txt_1309,4,4,A review of,Harris,’ claims about what she said on the debate stage shows that she was lying .,harris
kamala_once_threatened_to_jail_oil_executives_they_need_to_pay_the_price.txt_1311,5,5,"During that debate ,",Harris,never stated that she would not ban fracking ; she said that Biden would not ban fracking .,harris
kamala_once_threatened_to_jail_oil_executives_they_need_to_pay_the_price.txt_1312,10,10,"“ Joe Biden will not end fracking , ”",Harris,said . “ He has been very clear about that . ”,harris
kamala_once_threatened_to_jail_oil_executives_they_need_to_pay_the_price.txt_1313,5,5,"Several minutes later ,",Harris,"said : “ Alright , so first of all , I will repeat , and the American people know , that Joe Biden will not ban fracking . That is a fact . ”",harris
kamala_on_why_she_cant_say_what_shed_do_differently_than_biden_vps_not_critical_of_their_presidents.txt_1318,1,1,,Kamala,On Why She Can’t Say What She’d Do Differently Than Biden : ‘ VPs Not Critical Of Their Presidents ’,kamala
kamala_on_why_she_cant_say_what_shed_do_differently_than_biden_vps_not_critical_of_their_presidents.txt_1324,1,1,,Harris,has failed to differentiate herself from Biden in any meaningful way .,harris
kamala_on_why_she_cant_say_what_shed_do_differently_than_biden_vps_not_critical_of_their_presidents.txt_1325,3,3,Vice President,Kamala,Harris was unable to name anything that she would do differently than President Joe Biden when again confronted about the matter this week .,kamala
kamala_on_why_she_cant_say_what_shed_do_differently_than_biden_vps_not_critical_of_their_presidents.txt_1325,4,4,Vice President Kamala,Harris,was unable to name anything that she would do differently than President Joe Biden when again confronted about the matter this week .,harris
kamala_on_why_she_cant_say_what_shed_do_differently_than_biden_vps_not_critical_of_their_presidents.txt_1326,1,1,,Harris,"made the remarks during a brief interview Friday afternoon with NBC News reporter Peter Alexander on the campaign trail in Grand Rapids , Michigan .",harris
kamala_on_why_she_cant_say_what_shed_do_differently_than_biden_vps_not_critical_of_their_presidents.txt_1332,1,1,,KAMALA,: “ Uhh … Vice presidents are not critical of their presidents . ” pic.twitter.com / DZUMwd0ex9,kamala
kamala_on_why_she_cant_say_what_shed_do_differently_than_biden_vps_not_critical_of_their_presidents.txt_1333,2,2,—,Trump,"War Room ( @TrumpWarRoom ) October 18 , 2024",trump
kamala_on_why_she_cant_say_what_shed_do_differently_than_biden_vps_not_critical_of_their_presidents.txt_1333,6,6,— Trump War Room (,@TrumpWarRoom,") October 18 , 2024",trump
kamala_on_why_she_cant_say_what_shed_do_differently_than_biden_vps_not_critical_of_their_presidents.txt_1334,1,1,,Harris,"has been unable to answer that question on the campaign trail , having told ABC News ’ “ The View ” last week that there was “ not a thing that comes to mind in terms of ” what she would do differently .",harris
kamala_on_why_she_cant_say_what_shed_do_differently_than_biden_vps_not_critical_of_their_presidents.txt_1337,12,12,"When asked about the matter by CBS ’ Stephen Colbert ,",Harris,"said , “ Well , I’m obviously not Joe Biden . So that would be one change in terms of … but also , I think it’s important to say with 28 days to go , I’m not Donald Trump . ”",harris
kamala_on_why_she_cant_say_what_shed_do_differently_than_biden_vps_not_critical_of_their_presidents.txt_1337,51,51,"When asked about the matter by CBS ’ Stephen Colbert , Harris said , “ Well , I’m obviously not Joe Biden . So that would be one change in terms of … but also , I think it’s important to say with 28 days to go , I’m not",Donald,Trump . ”,donald
kamala_on_why_she_cant_say_what_shed_do_differently_than_biden_vps_not_critical_of_their_presidents.txt_1337,52,52,"asked about the matter by CBS ’ Stephen Colbert , Harris said , “ Well , I’m obviously not Joe Biden . So that would be one change in terms of … but also , I think it’s important to say with 28 days to go , I’m not Donald",Trump,. ”,trump
kamala_on_why_she_cant_say_what_shed_do_differently_than_biden_vps_not_critical_of_their_presidents.txt_1338,1,1,,Harris,was again asked the same question during an interview with Bret Baier this week .,harris
kamala_on_why_she_cant_say_what_shed_do_differently_than_biden_vps_not_critical_of_their_presidents.txt_1340,3,3,Related :,Kamala,Signals She’s Open To Spending Trillions On Racial Reparations,kamala
kamala_refuses_to_say_how_she_voted_on_crime_fighting_measure_in_california.txt_1345,1,1,,Kamala,Refuses To Say How She Voted On Crime-Fighting Measure In California,kamala
kamala_refuses_to_say_how_she_voted_on_crime_fighting_measure_in_california.txt_1352,3,3,Vice President,Kamala,"Harris , the Democratic Party’s presidential nominee , refused to divulge whether she voted in favor of a proposal that aims to crack down on crime in her home state of California just a couple days out from Election Day .",kamala
kamala_refuses_to_say_how_she_voted_on_crime_fighting_measure_in_california.txt_1352,4,4,Vice President Kamala,Harris,", the Democratic Party’s presidential nominee , refused to divulge whether she voted in favor of a proposal that aims to crack down on crime in her home state of California just a couple days out from Election Day .",harris
kamala_refuses_to_say_how_she_voted_on_crime_fighting_measure_in_california.txt_1353,11,11,"During an exchange with reporters in Detroit on Sunday ,",Harris,"said she had just filled out her mail-in ballot . When asked how she voted on Proposition 36 , Harris ducked the question , saying : “ I am not gonna talk about the vote on that because , honestly , it’s the Sunday before the election and I don’t",harris
kamala_refuses_to_say_how_she_voted_on_crime_fighting_measure_in_california.txt_1353,31,31,"During an exchange with reporters in Detroit on Sunday , Harris said she had just filled out her mail-in ballot . When asked how she voted on Proposition 36 ,",Harris,"ducked the question , saying : “ I am not gonna talk about the vote on that because , honestly , it’s the Sunday before the election and I don’t intend to create an endorsement one way or another around it . ”",harris
kamala_refuses_to_say_how_she_voted_on_crime_fighting_measure_in_california.txt_1353,66,66,"filled out her mail-in ballot . When asked how she voted on Proposition 36 , Harris ducked the question , saying : “ I am not gonna talk about the vote on that because , honestly , it’s the Sunday before the election and I don’t intend to create an",endorsement,one way or another around it . ”,men
kamala_refuses_to_say_how_she_voted_on_crime_fighting_measure_in_california.txt_1355,1,1,,Kamala,"Harris : "" I'm not going to talk about the vote on that because honestly it's the Sunday before the election and I don't intend to create an endorsement one way or another around it . "" pic.twitter.com / PaOvZp0H1N",kamala
kamala_refuses_to_say_how_she_voted_on_crime_fighting_measure_in_california.txt_1355,2,2,Kamala,Harris,": "" I'm not going to talk about the vote on that because honestly it's the Sunday before the election and I don't intend to create an endorsement one way or another around it . "" pic.twitter.com / PaOvZp0H1N",harris
kamala_refuses_to_say_how_she_voted_on_crime_fighting_measure_in_california.txt_1355,30,30,"Kamala Harris : "" I'm not going to talk about the vote on that because honestly it's the Sunday before the election and I don't intend to create an",endorsement,"one way or another around it . "" pic.twitter.com / PaOvZp0H1N",men
kamala_refuses_to_say_how_she_voted_on_crime_fighting_measure_in_california.txt_1359,7,7,"Critics have knocked Democrats , including",Harris,", over Prop 47 while highlighting California’s struggles with retail theft , homelessness , drug use , and violent crime in recent years . However , Semafor reported Harris did not take a stance on Prop 47 a decade ago , noting how there were “ some procedural reasons ”",harris
kamala_refuses_to_say_how_she_voted_on_crime_fighting_measure_in_california.txt_1359,36,36,"Critics have knocked Democrats , including Harris , over Prop 47 while highlighting California’s struggles with retail theft , homelessness , drug use , and violent crime in recent years . However , Semafor reported",Harris,"did not take a stance on Prop 47 a decade ago , noting how there were “ some procedural reasons ” while she was serving as California’s attorney general .",harris
kamala_refuses_to_say_how_she_voted_on_crime_fighting_measure_in_california.txt_1360,1,1,,Harris,faced blowback on social media due to the VP staying mum on whether she voted for Prop 36 .,harris
kamala_refuses_to_say_how_she_voted_on_crime_fighting_measure_in_california.txt_1361,56,56,"the gaslighting faced by many who have chosen to vote Unity in 2024 , ” said Nicole Shanahan , a Bay Area lawyer who served as former independent candidate Robert F . Kennedy Jr . ’ s vice presidential running mate before they dropped out and rallied behind former President",Donald,"Trump . “ REAL science and REAL food , require REAL free speech and REAL debate . Anything else is propaganda . ”",donald
kamala_refuses_to_say_how_she_voted_on_crime_fighting_measure_in_california.txt_1361,57,57,"gaslighting faced by many who have chosen to vote Unity in 2024 , ” said Nicole Shanahan , a Bay Area lawyer who served as former independent candidate Robert F . Kennedy Jr . ’ s vice presidential running mate before they dropped out and rallied behind former President Donald",Trump,". “ REAL science and REAL food , require REAL free speech and REAL debate . Anything else is propaganda . ”",trump
kamala_refuses_to_say_how_she_voted_on_crime_fighting_measure_in_california.txt_1362,23,23,"Libs of TikTok , a popular account run by Chaya Raichik , posted a video of a smash-and-grab and said : “",Kamala,"won’t say if she supports penalties for these people or not . If she wanted to crack down on crime , why wouldn’t she say that ? She didn’t answer because we all know she supports this lawlessness . Soft-on-crime Kamala will destroy your city . ”",kamala
kamala_refuses_to_say_how_she_voted_on_crime_fighting_measure_in_california.txt_1362,64,64,"a video of a smash-and-grab and said : “ Kamala won’t say if she supports penalties for these people or not . If she wanted to crack down on crime , why wouldn’t she say that ? She didn’t answer because we all know she supports this lawlessness . Soft-on-crime",Kamala,will destroy your city . ”,kamala
kamala_refuses_to_say_how_she_voted_on_crime_fighting_measure_in_california.txt_1363,1,1,,Kamala,"won’t say if she supports penalties for these people or not . If she wanted to crack down on crime , why wouldn’t she say that ? She didn’t answer because we all know she supports this lawlessness .",kamala
kamala_refuses_to_say_how_she_voted_on_crime_fighting_measure_in_california.txt_1364,2,2,Soft-on-crime,Kamala,will destroy your city.pic.twitter.com / 2KPzGPAGyM : / / t.co / um2B8MbgTE,kamala
kamala_refuses_to_say_how_she_voted_on_crime_fighting_measure_in_california.txt_1367,8,8,The GOP’s X account said : “,Kamala,: I don’t intend to tell you where I stand on policy before an election . ”,kamala
kamala_ripped_for_agreeing_with_far_left_protester_about_genocide_in_gaza.txt_1372,1,1,,Kamala,Ripped For Agreeing With Far-Left Protester About ‘ Genocide ’ In Gaza,kamala
kamala_ripped_for_agreeing_with_far_left_protester_about_genocide_in_gaza.txt_1379,3,3,Vice President,Kamala,Harris agreed with a far-left protester late last week who falsely claimed that Israel’s war against Hamas in Gaza is a “ genocide . ”,kamala
kamala_ripped_for_agreeing_with_far_left_protester_about_genocide_in_gaza.txt_1379,4,4,Vice President Kamala,Harris,agreed with a far-left protester late last week who falsely claimed that Israel’s war against Hamas in Gaza is a “ genocide . ”,harris
kamala_ripped_for_agreeing_with_far_left_protester_about_genocide_in_gaza.txt_1380,2,2,The,moment,"came when Harris was speaking Thursday at the University of Wisconsin-Milwaukee when a student , identified by the New York Post as being “ pro-Hamas , ” interrupted her event .",men
kamala_ripped_for_agreeing_with_far_left_protester_about_genocide_in_gaza.txt_1380,5,5,The moment came when,Harris,"was speaking Thursday at the University of Wisconsin-Milwaukee when a student , identified by the New York Post as being “ pro-Hamas , ” interrupted her event .",harris
kamala_ripped_for_agreeing_with_far_left_protester_about_genocide_in_gaza.txt_1381,2,2,When,Harris,"said that she was invested in the students , the heckler fired back : “ And in genocide right ? Billions of dollars in genocide . Billions of dollars in genocide . ”",harris
kamala_ripped_for_agreeing_with_far_left_protester_about_genocide_in_gaza.txt_1382,8,8,"“ I’m speaking right now , ”",Harris,responded . “ I know what you’re speaking of . I want the ceasefire . I want the war to end . And I respect your right to speak but I am speaking right now . ”,harris
kamala_ripped_for_agreeing_with_far_left_protester_about_genocide_in_gaza.txt_1387,10,10,"After the protester was removed from the event ,",Harris,"responded : “ Listen , what he’s talking about , it’s real . That’s not the subject that I came to discuss today , but it’s real and I respect his voice . ”",harris
kamala_ripped_for_agreeing_with_far_left_protester_about_genocide_in_gaza.txt_1389,16,16,"David Friedman , a former U.S . ambassador to Israel , posted on X that",Harris,"’ “ validation of this ugly genocide charge is ignorant , malign and thoroughly disqualifying for any public office , let alone the presidency ! ”",harris
kamala_ripped_for_agreeing_with_far_left_protester_about_genocide_in_gaza.txt_1392,13,13,“ I was disturbed to view the video in which Vice President,Kamala,"Harris appears to confirm the charge that Israel is committing genocide in Gaza , ” he added . “ This is the first time that the White House has been linked to a libel which threatens Israel’s legitimacy and security . I call on the U.S . administration to issue",kamala
kamala_ripped_for_agreeing_with_far_left_protester_about_genocide_in_gaza.txt_1392,14,14,“ I was disturbed to view the video in which Vice President Kamala,Harris,"appears to confirm the charge that Israel is committing genocide in Gaza , ” he added . “ This is the first time that the White House has been linked to a libel which threatens Israel’s legitimacy and security . I call on the U.S . administration to issue an",harris
kamala_ripped_for_agreeing_with_far_left_protester_about_genocide_in_gaza.txt_1394,6,6,🚨 🚨 🚨 DISGUSTING :,KAMALA,AGREES WITH ANTISEMITE WHO SAYS ISRAEL IS COMMITTING GENOCIDE 🚨 🚨 🚨,kamala
kamala_ripped_for_agreeing_with_far_left_protester_about_genocide_in_gaza.txt_1396,6,6,"At an event Thursday ,",Kamala,agreed with an audience member who interrupted her to accuse Israel of committing “ genocide . ” : / / t.co / fkdt6mnbv3 pic.twitter.com / zxxAIWVXcO,kamala
kamala_running_pro_palestinian_ads_in_michigan_pro_israel_ads_in_pennsylvania.txt_1402,1,1,,Kamala,"Running Pro-Palestinian Ads In Michigan , Pro-Israel Ads In Pennsylvania",kamala
kamala_running_pro_palestinian_ads_in_michigan_pro_israel_ads_in_pennsylvania.txt_1408,7,7,The mixed messaging highlights the struggle,Harris,"and Dems have in attempting to court the pro-Palestinian , anti-Israel wing of their party",harris
kamala_running_pro_palestinian_ads_in_michigan_pro_israel_ads_in_pennsylvania.txt_1409,3,3,Vice President,Kamala,Harris ’ campaign is running two sets of ads on the Israel-Gaza conflict – and what ad voters see depends on where they live .,kamala
kamala_running_pro_palestinian_ads_in_michigan_pro_israel_ads_in_pennsylvania.txt_1409,4,4,Vice President Kamala,Harris,’ campaign is running two sets of ads on the Israel-Gaza conflict – and what ad voters see depends on where they live .,harris
kamala_running_pro_palestinian_ads_in_michigan_pro_israel_ads_in_pennsylvania.txt_1410,9,9,Jewish voters in Pennsylvania see an ad claiming,Harris,"will “ stand up for Israel’s right to defend itself , ” CNN reported , while Arab voters in Michigan will see an ad claiming Harris “ will not be silent about the human suffering occurring in Gaza . ”",harris
kamala_running_pro_palestinian_ads_in_michigan_pro_israel_ads_in_pennsylvania.txt_1410,35,35,"Jewish voters in Pennsylvania see an ad claiming Harris will “ stand up for Israel’s right to defend itself , ” CNN reported , while Arab voters in Michigan will see an ad claiming",Harris,“ will not be silent about the human suffering occurring in Gaza . ”,harris
kamala_running_pro_palestinian_ads_in_michigan_pro_israel_ads_in_pennsylvania.txt_1411,7,7,The mixed messaging highlights the struggle,Harris,"and Democrats have in attempting to court the pro-Palestinian , anti-Israel wing of their party – like the anti-Israel protesters on college campuses – and Jewish voters .",harris
kamala_running_pro_palestinian_ads_in_michigan_pro_israel_ads_in_pennsylvania.txt_1412,12,12,"In Facebook ads targeting voters in Pennsylvania , a clip of",Harris,’ speech at the Democratic National Committee is featured .,harris
kamala_running_pro_palestinian_ads_in_michigan_pro_israel_ads_in_pennsylvania.txt_1413,9,9,"“ And let me be clear , ”",Harris,"says . “ I will always stand up for Israel’s right to defend itself , and I will always ensure Israel has the ability to defend itself , because the people of Israel must never again face the horror that a terrorist organization called Hamas caused on October 7 ,",harris
kamala_running_pro_palestinian_ads_in_michigan_pro_israel_ads_in_pennsylvania.txt_1415,12,12,"As CNN noted , the ad doesn’t include two paragraphs from",Harris,’ speech – taken from between the two featured lines – where she calls the “ suffering ” in Gaza “ heartbreaking . ”,harris
kamala_running_pro_palestinian_ads_in_michigan_pro_israel_ads_in_pennsylvania.txt_1416,11,11,The ad ignores the belief held by many critics that,Harris,passed over Pennsylvania Democratic Gov . Josh Shapiro for her vice presidential nominee because he is Jewish and pro-Israel .,harris
kamala_running_pro_palestinian_ads_in_michigan_pro_israel_ads_in_pennsylvania.txt_1418,8,8,Facebook ads targeting voters in Michigan feature,Harris,"’ other speeches , where she had expressed sympathy for those in Gaza .",harris
kamala_running_pro_palestinian_ads_in_michigan_pro_israel_ads_in_pennsylvania.txt_1419,16,16,"“ What has happened in Gaza over the past nine months is devastating , ”",Harris,says in the ad .,harris
kamala_running_pro_palestinian_ads_in_michigan_pro_israel_ads_in_pennsylvania.txt_1421,1,1,,Harris,"is attempting to court a dangerous sect of left-wing protesters , hundreds of whom spent the past year on college campuses defending the terrorist groups Hamas and Hezbollah . As The Daily Wire previously reported , the Ivy League colleges that have coddled these students have seen sharp drops in",harris
kamala_running_pro_palestinian_ads_in_michigan_pro_israel_ads_in_pennsylvania.txt_1421,59,59,"of left-wing protesters , hundreds of whom spent the past year on college campuses defending the terrorist groups Hamas and Hezbollah . As The Daily Wire previously reported , the Ivy League colleges that have coddled these students have seen sharp drops in donations . At Harvard , the university’s",endowment,dropped by $ 151 million – 14 % – in fiscal year 2024 following ongoing anti-Israel protests that have turned off several billionaire donors .,men
kamala_says_shell_enforce_border_laws_her_admin_gave_1_2_million_to_group_that_wants_to_end_them.txt_1428,1,1,,Kamala,Says She’ll Enforce Border Laws . Her Admin Gave $ 1 Million To Group That Wants To End Them .,kamala
kamala_says_shell_enforce_border_laws_her_admin_gave_1_2_million_to_group_that_wants_to_end_them.txt_1434,5,5,The Coalition for Humane,Immigrant,Rights wants to ' dismantle the U.S . immigration enforcement system ' that funds it .,immigrant
kamala_says_shell_enforce_border_laws_her_admin_gave_1_2_million_to_group_that_wants_to_end_them.txt_1434,14,14,The Coalition for Humane Immigrant Rights wants to ' dismantle the U.S .,immigration,enforcement system ' that funds it .,immigration
kamala_says_shell_enforce_border_laws_her_admin_gave_1_2_million_to_group_that_wants_to_end_them.txt_1434,15,15,The Coalition for Humane Immigrant Rights wants to ' dismantle the U.S . immigration,enforcement,system ' that funds it .,men
kamala_says_shell_enforce_border_laws_her_admin_gave_1_2_million_to_group_that_wants_to_end_them.txt_1435,4,4,A far-left illegal,immigrant,advocacy organization has raked in over a million dollars from the Biden-Harris Department of Homeland Security while attempting to halt the deportation of illegal aliens and trying to “ dismantle the U.S . immigration enforcement system . ”,immigrant
kamala_says_shell_enforce_border_laws_her_admin_gave_1_2_million_to_group_that_wants_to_end_them.txt_1435,16,16,A far-left illegal immigrant advocacy organization has raked in over a million dollars from the,Biden-Harris,Department of Homeland Security while attempting to halt the deportation of illegal aliens and trying to “ dismantle the U.S . immigration enforcement system . ”,harris
kamala_says_shell_enforce_border_laws_her_admin_gave_1_2_million_to_group_that_wants_to_end_them.txt_1435,17,17,A far-left illegal immigrant advocacy organization has raked in over a million dollars from the Biden-Harris,Department,of Homeland Security while attempting to halt the deportation of illegal aliens and trying to “ dismantle the U.S . immigration enforcement system . ”,men
kamala_says_shell_enforce_border_laws_her_admin_gave_1_2_million_to_group_that_wants_to_end_them.txt_1435,38,38,A far-left illegal immigrant advocacy organization has raked in over a million dollars from the Biden-Harris Department of Homeland Security while attempting to halt the deportation of illegal aliens and trying to “ dismantle the U.S .,immigration,enforcement system . ”,immigration
kamala_says_shell_enforce_border_laws_her_admin_gave_1_2_million_to_group_that_wants_to_end_them.txt_1435,39,39,A far-left illegal immigrant advocacy organization has raked in over a million dollars from the Biden-Harris Department of Homeland Security while attempting to halt the deportation of illegal aliens and trying to “ dismantle the U.S . immigration,enforcement,system . ”,men
kamala_says_shell_enforce_border_laws_her_admin_gave_1_2_million_to_group_that_wants_to_end_them.txt_1436,7,7,The Los Angeles-based Coalition for Humane,Immigrant,"Rights ( CHIRLA ) advocates for illegal immigration , supports mass amnesty proposals , provides legal assistance to prevent deportations , and uses illegal immigrants in voter mobilization and turnout operations , all while raking in federal grants from the very same agency tasked with maintaining border security .",immigrant
kamala_says_shell_enforce_border_laws_her_admin_gave_1_2_million_to_group_that_wants_to_end_them.txt_1436,15,15,The Los Angeles-based Coalition for Humane Immigrant Rights ( CHIRLA ) advocates for illegal,immigration,", supports mass amnesty proposals , provides legal assistance to prevent deportations , and uses illegal immigrants in voter mobilization and turnout operations , all while raking in federal grants from the very same agency tasked with maintaining border security .",immigration
kamala_says_shell_enforce_border_laws_her_admin_gave_1_2_million_to_group_that_wants_to_end_them.txt_1436,32,32,"The Los Angeles-based Coalition for Humane Immigrant Rights ( CHIRLA ) advocates for illegal immigration , supports mass amnesty proposals , provides legal assistance to prevent deportations , and uses illegal",immigrants,"in voter mobilization and turnout operations , all while raking in federal grants from the very same agency tasked with maintaining border security .",immigrant
kamala_says_shell_enforce_border_laws_her_admin_gave_1_2_million_to_group_that_wants_to_end_them.txt_1437,9,9,“ CHIRLA works to dismantle the U.S .,immigration,"enforcement system that profits from tearing apart immigrant families , ” the organization explains , specifically naming DHS , Immigration and Customs Enforcement ( ICE ) , and Customs and Border Protection ( CBP ) as its targets . But while the far-left organization has maligned DHS and its immigration",immigration
kamala_says_shell_enforce_border_laws_her_admin_gave_1_2_million_to_group_that_wants_to_end_them.txt_1437,10,10,“ CHIRLA works to dismantle the U.S . immigration,enforcement,"system that profits from tearing apart immigrant families , ” the organization explains , specifically naming DHS , Immigration and Customs Enforcement ( ICE ) , and Customs and Border Protection ( CBP ) as its targets . But while the far-left organization has maligned DHS and its immigration enforcement",men
kamala_says_shell_enforce_border_laws_her_admin_gave_1_2_million_to_group_that_wants_to_end_them.txt_1437,17,17,“ CHIRLA works to dismantle the U.S . immigration enforcement system that profits from tearing apart,immigrant,"families , ” the organization explains , specifically naming DHS , Immigration and Customs Enforcement ( ICE ) , and Customs and Border Protection ( CBP ) as its targets . But while the far-left organization has maligned DHS and its immigration enforcement mechanisms as an instrument of oppression ,",immigrant
kamala_says_shell_enforce_border_laws_her_admin_gave_1_2_million_to_group_that_wants_to_end_them.txt_1437,29,29,"“ CHIRLA works to dismantle the U.S . immigration enforcement system that profits from tearing apart immigrant families , ” the organization explains , specifically naming DHS ,",Immigration,"and Customs Enforcement ( ICE ) , and Customs and Border Protection ( CBP ) as its targets . But while the far-left organization has maligned DHS and its immigration enforcement mechanisms as an instrument of oppression , CHIRLA is set to receive $ 1.2 million in taxpayer funded grants",immigration
kamala_says_shell_enforce_border_laws_her_admin_gave_1_2_million_to_group_that_wants_to_end_them.txt_1437,32,32,"“ CHIRLA works to dismantle the U.S . immigration enforcement system that profits from tearing apart immigrant families , ” the organization explains , specifically naming DHS , Immigration and Customs",Enforcement,"( ICE ) , and Customs and Border Protection ( CBP ) as its targets . But while the far-left organization has maligned DHS and its immigration enforcement mechanisms as an instrument of oppression , CHIRLA is set to receive $ 1.2 million in taxpayer funded grants from the federal",men
kamala_says_shell_enforce_border_laws_her_admin_gave_1_2_million_to_group_that_wants_to_end_them.txt_1437,59,59,"immigration enforcement system that profits from tearing apart immigrant families , ” the organization explains , specifically naming DHS , Immigration and Customs Enforcement ( ICE ) , and Customs and Border Protection ( CBP ) as its targets . But while the far-left organization has maligned DHS and its",immigration,"enforcement mechanisms as an instrument of oppression , CHIRLA is set to receive $ 1.2 million in taxpayer funded grants from the federal law enforcement agency .",immigration
kamala_says_shell_enforce_border_laws_her_admin_gave_1_2_million_to_group_that_wants_to_end_them.txt_1437,60,60,"enforcement system that profits from tearing apart immigrant families , ” the organization explains , specifically naming DHS , Immigration and Customs Enforcement ( ICE ) , and Customs and Border Protection ( CBP ) as its targets . But while the far-left organization has maligned DHS and its immigration",enforcement,"mechanisms as an instrument of oppression , CHIRLA is set to receive $ 1.2 million in taxpayer funded grants from the federal law enforcement agency .",men
kamala_says_shell_enforce_border_laws_her_admin_gave_1_2_million_to_group_that_wants_to_end_them.txt_1437,64,64,"from tearing apart immigrant families , ” the organization explains , specifically naming DHS , Immigration and Customs Enforcement ( ICE ) , and Customs and Border Protection ( CBP ) as its targets . But while the far-left organization has maligned DHS and its immigration enforcement mechanisms as an",instrument,"of oppression , CHIRLA is set to receive $ 1.2 million in taxpayer funded grants from the federal law enforcement agency .",men
kamala_says_shell_enforce_border_laws_her_admin_gave_1_2_million_to_group_that_wants_to_end_them.txt_1437,84,84,"ICE ) , and Customs and Border Protection ( CBP ) as its targets . But while the far-left organization has maligned DHS and its immigration enforcement mechanisms as an instrument of oppression , CHIRLA is set to receive $ 1.2 million in taxpayer funded grants from the federal law",enforcement,agency .,men
kamala_says_shell_enforce_border_laws_her_admin_gave_1_2_million_to_group_that_wants_to_end_them.txt_1438,8,8,CHIRLA’s federal grants could frustrate Vice President,Kamala,"Harris’s efforts to rebrand herself as a “ border state prosecutor ” ahead of the presidential election . Over 10 million people have crossed the border under the Biden-Harris administration , with an estimated 1.7 million illegal immigrant gotaways recorded since the pair took office . In the final days",kamala
kamala_says_shell_enforce_border_laws_her_admin_gave_1_2_million_to_group_that_wants_to_end_them.txt_1438,9,9,CHIRLA’s federal grants could frustrate Vice President Kamala,Harris’s,"efforts to rebrand herself as a “ border state prosecutor ” ahead of the presidential election . Over 10 million people have crossed the border under the Biden-Harris administration , with an estimated 1.7 million illegal immigrant gotaways recorded since the pair took office . In the final days of",harris
kamala_says_shell_enforce_border_laws_her_admin_gave_1_2_million_to_group_that_wants_to_end_them.txt_1438,37,37,CHIRLA’s federal grants could frustrate Vice President Kamala Harris’s efforts to rebrand herself as a “ border state prosecutor ” ahead of the presidential election . Over 10 million people have crossed the border under the,Biden-Harris,"administration , with an estimated 1.7 million illegal immigrant gotaways recorded since the pair took office . In the final days of the race , the Harris campaign has even run an advertisement that claims Democrats are the party of border security , featuring an image of former president Donald",harris
kamala_says_shell_enforce_border_laws_her_admin_gave_1_2_million_to_group_that_wants_to_end_them.txt_1438,46,46,"CHIRLA’s federal grants could frustrate Vice President Kamala Harris’s efforts to rebrand herself as a “ border state prosecutor ” ahead of the presidential election . Over 10 million people have crossed the border under the Biden-Harris administration , with an estimated 1.7 million illegal",immigrant,"gotaways recorded since the pair took office . In the final days of the race , the Harris campaign has even run an advertisement that claims Democrats are the party of border security , featuring an image of former president Donald Trump’s border wall",immigrant
kamala_says_shell_enforce_border_laws_her_admin_gave_1_2_million_to_group_that_wants_to_end_them.txt_1438,64,64,"as a “ border state prosecutor ” ahead of the presidential election . Over 10 million people have crossed the border under the Biden-Harris administration , with an estimated 1.7 million illegal immigrant gotaways recorded since the pair took office . In the final days of the race , the",Harris,"campaign has even run an advertisement that claims Democrats are the party of border security , featuring an image of former president Donald Trump’s border wall",harris
kamala_says_shell_enforce_border_laws_her_admin_gave_1_2_million_to_group_that_wants_to_end_them.txt_1438,70,70,"” ahead of the presidential election . Over 10 million people have crossed the border under the Biden-Harris administration , with an estimated 1.7 million illegal immigrant gotaways recorded since the pair took office . In the final days of the race , the Harris campaign has even run an",advertisement,"that claims Democrats are the party of border security , featuring an image of former president Donald Trump’s border wall",men
kamala_says_shell_enforce_border_laws_her_admin_gave_1_2_million_to_group_that_wants_to_end_them.txt_1438,87,87,"Biden-Harris administration , with an estimated 1.7 million illegal immigrant gotaways recorded since the pair took office . In the final days of the race , the Harris campaign has even run an advertisement that claims Democrats are the party of border security , featuring an image of former president",Donald,Trump’s border wall,donald
kamala_says_shell_enforce_border_laws_her_admin_gave_1_2_million_to_group_that_wants_to_end_them.txt_1438,88,88,"administration , with an estimated 1.7 million illegal immigrant gotaways recorded since the pair took office . In the final days of the race , the Harris campaign has even run an advertisement that claims Democrats are the party of border security , featuring an image of former president Donald",Trump’s,border wall,trump
kamala_says_shell_enforce_border_laws_her_admin_gave_1_2_million_to_group_that_wants_to_end_them.txt_1439,13,13,"Todd Bensman , a Senior National Security Fellow with the Center for",Immigration,"Studies , told The Daily Wire that CHIRLA could easily find common cause with the Biden-Harris administration , which is staffed with radical ideologues who likely agree with the group’s far-left positions .",immigration
kamala_says_shell_enforce_border_laws_her_admin_gave_1_2_million_to_group_that_wants_to_end_them.txt_1439,29,29,"Todd Bensman , a Senior National Security Fellow with the Center for Immigration Studies , told The Daily Wire that CHIRLA could easily find common cause with the",Biden-Harris,"administration , which is staffed with radical ideologues who likely agree with the group’s far-left positions .",harris
kamala_says_shell_enforce_border_laws_her_admin_gave_1_2_million_to_group_that_wants_to_end_them.txt_1440,48,48,"“ It’s perfectly in line with what they’ve been doing for three and a half years , ” Bensman said of the funding , adding that the administration is “ peopled with appointees who all share those ideologies , the same ideology , which is that border",enforcement,and immigration laws are immoral . ”,men
kamala_says_shell_enforce_border_laws_her_admin_gave_1_2_million_to_group_that_wants_to_end_them.txt_1440,50,50,"“ It’s perfectly in line with what they’ve been doing for three and a half years , ” Bensman said of the funding , adding that the administration is “ peopled with appointees who all share those ideologies , the same ideology , which is that border enforcement and",immigration,laws are immoral . ”,immigration
kamala_says_shell_enforce_border_laws_her_admin_gave_1_2_million_to_group_that_wants_to_end_them.txt_1441,11,11,"According to its IRS 990 form , CHIRLA teaches illegal",immigrants,"“ how to protect themselves against Immigration Customs Enforcement , ” which deports criminal illegal aliens , including those who’ve been charged with violent crimes .",immigrant
kamala_says_shell_enforce_border_laws_her_admin_gave_1_2_million_to_group_that_wants_to_end_them.txt_1441,18,18,"According to its IRS 990 form , CHIRLA teaches illegal immigrants “ how to protect themselves against",Immigration,"Customs Enforcement , ” which deports criminal illegal aliens , including those who’ve been charged with violent crimes .",immigration
kamala_says_shell_enforce_border_laws_her_admin_gave_1_2_million_to_group_that_wants_to_end_them.txt_1441,20,20,"According to its IRS 990 form , CHIRLA teaches illegal immigrants “ how to protect themselves against Immigration Customs",Enforcement,", ” which deports criminal illegal aliens , including those who’ve been charged with violent crimes .",men
kamala_says_shell_enforce_border_laws_her_admin_gave_1_2_million_to_group_that_wants_to_end_them.txt_1442,11,11,A 2023 grant from the DHS U.S . Citizenship and,Immigration,"Services in the amount of $ 450,000 went to the group for “ citizenship instruction and naturalization services . ” CHIRLA explains that it focuses on both naturalization and Deferred Action Childhood Arrival applications , the latter of which allows illegal immigrants to avoid deportations .",immigration
kamala_says_shell_enforce_border_laws_her_admin_gave_1_2_million_to_group_that_wants_to_end_them.txt_1442,53,53,"grant from the DHS U.S . Citizenship and Immigration Services in the amount of $ 450,000 went to the group for “ citizenship instruction and naturalization services . ” CHIRLA explains that it focuses on both naturalization and Deferred Action Childhood Arrival applications , the latter of which allows illegal",immigrants,to avoid deportations .,immigrant
kamala_says_shell_enforce_border_laws_her_admin_gave_1_2_million_to_group_that_wants_to_end_them.txt_1444,20,20,"CHIRLA told The Daily Wire that the funds come “ from the USCIS side of DHS , not the",enforcement,"side , ” referencing the United States Citizenship and Immigration Services .",men
kamala_says_shell_enforce_border_laws_her_admin_gave_1_2_million_to_group_that_wants_to_end_them.txt_1444,30,30,"CHIRLA told The Daily Wire that the funds come “ from the USCIS side of DHS , not the enforcement side , ” referencing the United States Citizenship and",Immigration,Services .,immigration
kamala_says_shell_enforce_border_laws_her_admin_gave_1_2_million_to_group_that_wants_to_end_them.txt_1447,10,10,The organization is open about its radical stances on,immigration,", boasting that it uses illegal immigrants to attempt to mobilize voters for leftwing causes . One of CHIRLA’s projects “ targets new citizens , Latinos , and English learners to build a voter base from scratch , with enough power to sway state politics . ”",immigration
kamala_says_shell_enforce_border_laws_her_admin_gave_1_2_million_to_group_that_wants_to_end_them.txt_1447,17,17,"The organization is open about its radical stances on immigration , boasting that it uses illegal",immigrants,"to attempt to mobilize voters for leftwing causes . One of CHIRLA’s projects “ targets new citizens , Latinos , and English learners to build a voter base from scratch , with enough power to sway state politics . ”",immigrant
kamala_says_shell_enforce_border_laws_her_admin_gave_1_2_million_to_group_that_wants_to_end_them.txt_1448,16,16,"“ Teams of paid / volunteer canvassers / phone bankers , ranging in status from",undocumented,"to legal permanent residents , work to build a constant culture of voting among these voters , ” CHIRLA explains .",men
kamala_says_shell_enforce_border_laws_her_admin_gave_1_2_million_to_group_that_wants_to_end_them.txt_1449,10,10,The radical organization advocates for amnesty for all illegal,immigrants,present in the United States and has called for “ immediate immigration reform that includes a pathway to citizenship for all undocumented people . ”,immigrant
kamala_says_shell_enforce_border_laws_her_admin_gave_1_2_million_to_group_that_wants_to_end_them.txt_1449,22,22,The radical organization advocates for amnesty for all illegal immigrants present in the United States and has called for “ immediate,immigration,reform that includes a pathway to citizenship for all undocumented people . ”,immigration
kamala_says_shell_enforce_border_laws_her_admin_gave_1_2_million_to_group_that_wants_to_end_them.txt_1449,32,32,The radical organization advocates for amnesty for all illegal immigrants present in the United States and has called for “ immediate immigration reform that includes a pathway to citizenship for all,undocumented,people . ”,men
kamala_says_shell_enforce_border_laws_her_admin_gave_1_2_million_to_group_that_wants_to_end_them.txt_1450,9,9,CHIRLA also raises money to give scholarships to,immigrant,"students , specifically saying they seek out those who are in the country illegally .",immigrant
kamala_says_shell_enforce_border_laws_her_admin_gave_1_2_million_to_group_that_wants_to_end_them.txt_1451,44,44,"There’s also the CHIRLA Action Fund , an associated organization that is allowed to support political candidates for office and favors Democrats . Salas also serves as the board president for the CHIRLA Action Fund . The CHIRLA Action Fund endorsed Vice President",Kamala,"Harris for president and Rep . Adam Schiff ( D-CA ) for Senate , as well as the Soros-backed Los Angeles District Attorney George Gascon .",kamala
kamala_says_shell_enforce_border_laws_her_admin_gave_1_2_million_to_group_that_wants_to_end_them.txt_1451,45,45,"There’s also the CHIRLA Action Fund , an associated organization that is allowed to support political candidates for office and favors Democrats . Salas also serves as the board president for the CHIRLA Action Fund . The CHIRLA Action Fund endorsed Vice President Kamala",Harris,"for president and Rep . Adam Schiff ( D-CA ) for Senate , as well as the Soros-backed Los Angeles District Attorney George Gascon .",harris
kamalas_campaign_is_flawless_media_to_blame_for_not_fawning_enough_sunny_hostin.txt_1456,1,1,,Kamala’s,"Campaign Is ‘ Flawless , ’ Media To Blame For Not Fawning Enough : Sunny Hostin",kamala
kamalas_campaign_is_flawless_media_to_blame_for_not_fawning_enough_sunny_hostin.txt_1463,9,9,Sunny Hostin claimed on Monday that Vice President,Kamala,Harris — who is steadily losing ground in most polls — has run a “ flawless ” campaign so far .,kamala
kamalas_campaign_is_flawless_media_to_blame_for_not_fawning_enough_sunny_hostin.txt_1463,10,10,Sunny Hostin claimed on Monday that Vice President Kamala,Harris,— who is steadily losing ground in most polls — has run a “ flawless ” campaign so far .,harris
kamalas_campaign_is_flawless_media_to_blame_for_not_fawning_enough_sunny_hostin.txt_1464,4,4,Hostin made the,comments,"during a Columbus Day broadcast of ABC’s “ The View , ” and she argued that if Harris was floundering in the polls , it was the media to blame for not taking up for her as much as they should .",men
kamalas_campaign_is_flawless_media_to_blame_for_not_fawning_enough_sunny_hostin.txt_1464,22,22,"Hostin made the comments during a Columbus Day broadcast of ABC’s “ The View , ” and she argued that if",Harris,"was floundering in the polls , it was the media to blame for not taking up for her as much as they should .",harris
kamalas_campaign_is_flawless_media_to_blame_for_not_fawning_enough_sunny_hostin.txt_1466,4,4,When answering why,Kamala,"Harris isn't winning in the polls , Sunny Hostin claims Harris is "" running a flawless campaign . "" Hostin insists "" the press to blame for "" Harris's polling problems . "" I think that the media has to do a much better job than what they're doing .",kamala
kamalas_campaign_is_flawless_media_to_blame_for_not_fawning_enough_sunny_hostin.txt_1466,5,5,When answering why Kamala,Harris,"isn't winning in the polls , Sunny Hostin claims Harris is "" running a flawless campaign . "" Hostin insists "" the press to blame for "" Harris's polling problems . "" I think that the media has to do a much better job than what they're doing . """,harris
kamalas_campaign_is_flawless_media_to_blame_for_not_fawning_enough_sunny_hostin.txt_1466,15,15,"When answering why Kamala Harris isn't winning in the polls , Sunny Hostin claims",Harris,"is "" running a flawless campaign . "" Hostin insists "" the press to blame for "" Harris's polling problems . "" I think that the media has to do a much better job than what they're doing . "" pic.twitter.com / wrwF43OZaX",harris
kamalas_campaign_is_flawless_media_to_blame_for_not_fawning_enough_sunny_hostin.txt_1466,33,33,"When answering why Kamala Harris isn't winning in the polls , Sunny Hostin claims Harris is "" running a flawless campaign . "" Hostin insists "" the press to blame for """,Harris's,"polling problems . "" I think that the media has to do a much better job than what they're doing . "" pic.twitter.com / wrwF43OZaX",harris
kamalas_campaign_is_flawless_media_to_blame_for_not_fawning_enough_sunny_hostin.txt_1469,12,12,"Hostin , responding to a series of polls that have shown",Harris,flagging with men — even black men — and the latest NBC poll showed that any lead the vice president had garnered from the September 10 debate has since evaporated .,harris
kamalas_campaign_is_flawless_media_to_blame_for_not_fawning_enough_sunny_hostin.txt_1469,15,15,"Hostin , responding to a series of polls that have shown Harris flagging with",men,— even black men — and the latest NBC poll showed that any lead the vice president had garnered from the September 10 debate has since evaporated .,men
kamalas_campaign_is_flawless_media_to_blame_for_not_fawning_enough_sunny_hostin.txt_1469,18,18,"Hostin , responding to a series of polls that have shown Harris flagging with men — even",black,men — and the latest NBC poll showed that any lead the vice president had garnered from the September 10 debate has since evaporated .,black
kamalas_campaign_is_flawless_media_to_blame_for_not_fawning_enough_sunny_hostin.txt_1469,19,19,"Hostin , responding to a series of polls that have shown Harris flagging with men — even black",men,— and the latest NBC poll showed that any lead the vice president had garnered from the September 10 debate has since evaporated .,men
kamalas_campaign_is_flawless_media_to_blame_for_not_fawning_enough_sunny_hostin.txt_1470,7,7,"“ Look , I think that",Kamala,"Harris has been running a flawless campaign , ” Hostin said , arguing that she would not have been able to raise $ 1 billion if there was no real momentum behind her . “ I think it’s because people believe in her , and I think people are showing",kamala
kamalas_campaign_is_flawless_media_to_blame_for_not_fawning_enough_sunny_hostin.txt_1470,8,8,"“ Look , I think that Kamala",Harris,"has been running a flawless campaign , ” Hostin said , arguing that she would not have been able to raise $ 1 billion if there was no real momentum behind her . “ I think it’s because people believe in her , and I think people are showing that",harris
kamalas_campaign_is_flawless_media_to_blame_for_not_fawning_enough_sunny_hostin.txt_1470,38,38,"“ Look , I think that Kamala Harris has been running a flawless campaign , ” Hostin said , arguing that she would not have been able to raise $ 1 billion if there was no real",momentum,"behind her . “ I think it’s because people believe in her , and I think people are showing that by the amount of money that they are willing to give to the campaign . ”",men
kamalas_campaign_is_flawless_media_to_blame_for_not_fawning_enough_sunny_hostin.txt_1471,49,49,"“ I think we have the press to blame for a lot of this , ” she added . “ Whoopi , you always say that you don’t believe in polls . I’m with you now , because I’m reading the press . First it was , ‘",Kamala’s,"not doing enough press . ’ Then she goes on this huge press tour , she was here , with us , I thought she was fantastic . ”",kamala
kamalas_campaign_is_flawless_media_to_blame_for_not_fawning_enough_sunny_hostin.txt_1472,7,7,Hostin left out the fact that,Harris,", during her appearance on “ The View , ” had flubbed even the softest of softball questions when she failed to answer how she would do anything differently than President Joe Biden had .",harris
kamalas_campaign_is_flawless_media_to_blame_for_not_fawning_enough_sunny_hostin.txt_1474,18,18,"Hostin went on to explain what she thought the press should be covering , beginning by echoing",Harris,’ recent speech verbatim and claiming that Trump was “ in hiding ” because he didn’t do the “ 60 Minutes ” interview . She made no mention of Harris ’ refusal to do the traditional candidate sit-down with TIME Magazine .,harris
kamalas_campaign_is_flawless_media_to_blame_for_not_fawning_enough_sunny_hostin.txt_1474,26,26,"Hostin went on to explain what she thought the press should be covering , beginning by echoing Harris ’ recent speech verbatim and claiming that",Trump,was “ in hiding ” because he didn’t do the “ 60 Minutes ” interview . She made no mention of Harris ’ refusal to do the traditional candidate sit-down with TIME Magazine .,trump
kamalas_campaign_is_flawless_media_to_blame_for_not_fawning_enough_sunny_hostin.txt_1474,46,46,"Hostin went on to explain what she thought the press should be covering , beginning by echoing Harris ’ recent speech verbatim and claiming that Trump was “ in hiding ” because he didn’t do the “ 60 Minutes ” interview . She made no",mention,of Harris ’ refusal to do the traditional candidate sit-down with TIME Magazine .,men
kamalas_campaign_is_flawless_media_to_blame_for_not_fawning_enough_sunny_hostin.txt_1474,48,48,"Hostin went on to explain what she thought the press should be covering , beginning by echoing Harris ’ recent speech verbatim and claiming that Trump was “ in hiding ” because he didn’t do the “ 60 Minutes ” interview . She made no mention of",Harris,’ refusal to do the traditional candidate sit-down with TIME Magazine .,harris
kamalas_campaign_is_flawless_media_to_blame_for_not_fawning_enough_sunny_hostin.txt_1475,16,16,She concluded by arguing that they were too focused on former President Barack Obama’s insulting,comments,"toward black men — namely that if they weren’t falling in line behind Harris , they were sexists — and not focused enough on his “ captivating ” formal speeches .",men
kamalas_campaign_is_flawless_media_to_blame_for_not_fawning_enough_sunny_hostin.txt_1475,18,18,She concluded by arguing that they were too focused on former President Barack Obama’s insulting comments toward,black,"men — namely that if they weren’t falling in line behind Harris , they were sexists — and not focused enough on his “ captivating ” formal speeches .",black
kamalas_campaign_is_flawless_media_to_blame_for_not_fawning_enough_sunny_hostin.txt_1475,19,19,She concluded by arguing that they were too focused on former President Barack Obama’s insulting comments toward black,men,"— namely that if they weren’t falling in line behind Harris , they were sexists — and not focused enough on his “ captivating ” formal speeches .",men
kamalas_campaign_is_flawless_media_to_blame_for_not_fawning_enough_sunny_hostin.txt_1475,30,30,She concluded by arguing that they were too focused on former President Barack Obama’s insulting comments toward black men — namely that if they weren’t falling in line behind,Harris,", they were sexists — and not focused enough on his “ captivating ” formal speeches .",harris
kamalas_campaign_outraised_team_trump_3_to_1_in_september.txt_1480,1,1,,Kamala’s,Campaign Outraised Team Trump 3-To-1 In September,kamala
kamalas_campaign_outraised_team_trump_3_to_1_in_september.txt_1480,5,5,Kamala’s Campaign Outraised Team,Trump,3-To-1 In September,trump
kamalas_campaign_outraised_team_trump_3_to_1_in_september.txt_1486,5,5,A large percentage of,Harris,' September haul came from glitzy fundraisers her campaign held with celebrities and politicians .,harris
kamalas_campaign_outraised_team_trump_3_to_1_in_september.txt_1487,3,3,Vice President,Kamala,"Harris ’ campaign boasted a nearly $ 222 million haul in September , more than three times the money raised by former President Donald Trump’s campaign last month .",kamala
kamalas_campaign_outraised_team_trump_3_to_1_in_september.txt_1487,4,4,Vice President Kamala,Harris,"’ campaign boasted a nearly $ 222 million haul in September , more than three times the money raised by former President Donald Trump’s campaign last month .",harris
kamalas_campaign_outraised_team_trump_3_to_1_in_september.txt_1487,27,27,"Vice President Kamala Harris ’ campaign boasted a nearly $ 222 million haul in September , more than three times the money raised by former President",Donald,Trump’s campaign last month .,donald
kamalas_campaign_outraised_team_trump_3_to_1_in_september.txt_1487,28,28,"Vice President Kamala Harris ’ campaign boasted a nearly $ 222 million haul in September , more than three times the money raised by former President Donald",Trump’s,campaign last month .,trump
kamalas_campaign_outraised_team_trump_3_to_1_in_september.txt_1488,8,8,FEC filings posted on Sunday night showed,Harris,"’ campaign raising $ 221.8 million in September to the Trump campaign’s $ 63 million , The Hill reported . The Harris campaign , combined with the Democratic National Committee and the state parties , raised nearly $ 360 million in September . The Republican National Committee and other Republican-affiliated",harris
kamalas_campaign_outraised_team_trump_3_to_1_in_september.txt_1488,19,19,FEC filings posted on Sunday night showed Harris ’ campaign raising $ 221.8 million in September to the,Trump,"campaign’s $ 63 million , The Hill reported . The Harris campaign , combined with the Democratic National Committee and the state parties , raised nearly $ 360 million in September . The Republican National Committee and other Republican-affiliated groups combined with the Trump campaign raised $ 160 million over",trump
kamalas_campaign_outraised_team_trump_3_to_1_in_september.txt_1488,30,30,"FEC filings posted on Sunday night showed Harris ’ campaign raising $ 221.8 million in September to the Trump campaign’s $ 63 million , The Hill reported . The",Harris,"campaign , combined with the Democratic National Committee and the state parties , raised nearly $ 360 million in September . The Republican National Committee and other Republican-affiliated groups combined with the Trump campaign raised $ 160 million over the same period , according to the Associated Press .",harris
kamalas_campaign_outraised_team_trump_3_to_1_in_september.txt_1488,63,63,"221.8 million in September to the Trump campaign’s $ 63 million , The Hill reported . The Harris campaign , combined with the Democratic National Committee and the state parties , raised nearly $ 360 million in September . The Republican National Committee and other Republican-affiliated groups combined with the",Trump,"campaign raised $ 160 million over the same period , according to the Associated Press .",trump
kamalas_campaign_outraised_team_trump_3_to_1_in_september.txt_1489,5,5,A large percentage of,Harris,"’ September haul — about $ 82 million — came from glitzy fundraisers her campaign held with celebrities and politicians in Los Angeles , San Francisco , and New York City . The fundraising numbers for the Harris campaign set a new record for the biggest fundraising quarter , as",harris
kamalas_campaign_outraised_team_trump_3_to_1_in_september.txt_1489,43,43,"A large percentage of Harris ’ September haul — about $ 82 million — came from glitzy fundraisers her campaign held with celebrities and politicians in Los Angeles , San Francisco , and New York City . The fundraising numbers for the",Harris,"campaign set a new record for the biggest fundraising quarter , as it received $ 1 billion in the three-month period that ended on September 30 . Some of that money , however , was part of President Joe Biden’s war chest before Harris became the de facto nominee in",harris
kamalas_campaign_outraised_team_trump_3_to_1_in_september.txt_1489,87,87,". The fundraising numbers for the Harris campaign set a new record for the biggest fundraising quarter , as it received $ 1 billion in the three-month period that ended on September 30 . Some of that money , however , was part of President Joe Biden’s war chest before",Harris,became the de facto nominee in July and inherited tens of millions of dollars from the Biden campaign .,harris
kamalas_campaign_outraised_team_trump_3_to_1_in_september.txt_1490,2,2,The,Harris,"campaign spent more than it took in last month , pouring $ 270 million into advertisements on TV , radio , billboards , and the internet , the AP reported . In September , the Trump campaign spent around $ 53 million on media , according to The New York",harris
kamalas_campaign_outraised_team_trump_3_to_1_in_september.txt_1490,18,18,"The Harris campaign spent more than it took in last month , pouring $ 270 million into",advertisements,"on TV , radio , billboards , and the internet , the AP reported . In September , the Trump campaign spent around $ 53 million on media , according to The New York Times .",men
kamalas_campaign_outraised_team_trump_3_to_1_in_september.txt_1490,38,38,"The Harris campaign spent more than it took in last month , pouring $ 270 million into advertisements on TV , radio , billboards , and the internet , the AP reported . In September , the",Trump,"campaign spent around $ 53 million on media , according to The New York Times .",trump
kamalas_campaign_outraised_team_trump_3_to_1_in_september.txt_1491,1,1,,Harris,"and the groups supporting her said they entered October with $ 348 million on hand , while Trump and his supporting groups entered the new month with $ 283 million .",harris
kamalas_campaign_outraised_team_trump_3_to_1_in_september.txt_1491,19,19,"Harris and the groups supporting her said they entered October with $ 348 million on hand , while",Trump,and his supporting groups entered the new month with $ 283 million .,trump
kamalas_campaign_outraised_team_trump_3_to_1_in_september.txt_1493,3,3,While the,Trump,"campaign lags far behind Harris and the Democrats ’ fundraising , the Republican nominee is benefitting from a campaign push by Tesla and SpaceX CEO Elon Musk and his pro-Trump America PAC . The billionaire appeared with Trump in the former president’s return to Butler , Pennsylvania , earlier this",trump
kamalas_campaign_outraised_team_trump_3_to_1_in_september.txt_1493,8,8,While the Trump campaign lags far behind,Harris,"and the Democrats ’ fundraising , the Republican nominee is benefitting from a campaign push by Tesla and SpaceX CEO Elon Musk and his pro-Trump America PAC . The billionaire appeared with Trump in the former president’s return to Butler , Pennsylvania , earlier this month and has held his",harris
kamalas_campaign_outraised_team_trump_3_to_1_in_september.txt_1493,33,33,"While the Trump campaign lags far behind Harris and the Democrats ’ fundraising , the Republican nominee is benefitting from a campaign push by Tesla and SpaceX CEO Elon Musk and his",pro-Trump,"America PAC . The billionaire appeared with Trump in the former president’s return to Butler , Pennsylvania , earlier this month and has held his own town hall events in support of Trump and Republicans .",trump
kamalas_campaign_outraised_team_trump_3_to_1_in_september.txt_1493,41,41,"While the Trump campaign lags far behind Harris and the Democrats ’ fundraising , the Republican nominee is benefitting from a campaign push by Tesla and SpaceX CEO Elon Musk and his pro-Trump America PAC . The billionaire appeared with",Trump,"in the former president’s return to Butler , Pennsylvania , earlier this month and has held his own town hall events in support of Trump and Republicans .",trump
kamalas_campaign_outraised_team_trump_3_to_1_in_september.txt_1493,66,66,"Republican nominee is benefitting from a campaign push by Tesla and SpaceX CEO Elon Musk and his pro-Trump America PAC . The billionaire appeared with Trump in the former president’s return to Butler , Pennsylvania , earlier this month and has held his own town hall events in support of",Trump,and Republicans .,trump
kamalas_campaign_outraised_team_trump_3_to_1_in_september.txt_1494,28,28,Musk’s America PAC is offering $ 47 a day to anyone who refers a registered swing state voter to sign a petition supporting the First and Second,Amendments,", and the billionaire announced during a town hall in Harrisburg , Pennsylvania , on Saturday that he will give away $ 1 million “ randomly to people who have signed the petition every day from now until the election . ”",men
kamalas_campaign_outraised_team_trump_3_to_1_in_september.txt_1494,39,39,"Musk’s America PAC is offering $ 47 a day to anyone who refers a registered swing state voter to sign a petition supporting the First and Second Amendments , and the billionaire announced during a town hall in",Harrisburg,", Pennsylvania , on Saturday that he will give away $ 1 million “ randomly to people who have signed the petition every day from now until the election . ”",harris
kamalas_desperate_final_plea_vote_for_me_or_youre_sexist.txt_1499,1,1,,Kamala’s,Desperate Final Plea : ‘ Vote For Me Or You’re Sexist ’,kamala
kamalas_desperate_final_plea_vote_for_me_or_youre_sexist.txt_1506,39,39,We all remember that Election Night four years ago actually lasted a lot longer than one night . It stretched on for several days . And with each hour that passed — particularly in the overnight hours —,Donald,"Trump’s lead slowly trickled away , until finally , the media declared Joe Biden had emerged victorious .",donald
kamalas_desperate_final_plea_vote_for_me_or_youre_sexist.txt_1506,40,40,We all remember that Election Night four years ago actually lasted a lot longer than one night . It stretched on for several days . And with each hour that passed — particularly in the overnight hours — Donald,Trump’s,"lead slowly trickled away , until finally , the media declared Joe Biden had emerged victorious .",trump
kamalas_desperate_final_plea_vote_for_me_or_youre_sexist.txt_1507,37,37,"What followed was widespread suspicion of election fraud , January 6 , a lot of lawsuits , and so on . Whatever you think of the results themselves , this was a clear failure of our",government,. Their job is to ensure that elections are beyond reproach . The appearance of fairness is almost as important as actual fairness and that clearly didn’t happen four years ago .,men
kamalas_desperate_final_plea_vote_for_me_or_youre_sexist.txt_1508,34,34,"To quell the outrage that unfolded after the race was called for Joe Biden , Democrats came up with an explanation for what had occurred . They stated it was completely foreseeable that",Donald,"Trump’s lead would dissipate , then vanish over several days . And the reason they said it made sense is that , in key states like Pennsylvania , all of the votes weren’t counted on Election Day . They told us that , as counties east of the Appalachian Mountains",donald
kamalas_desperate_final_plea_vote_for_me_or_youre_sexist.txt_1508,35,35,"To quell the outrage that unfolded after the race was called for Joe Biden , Democrats came up with an explanation for what had occurred . They stated it was completely foreseeable that Donald",Trump’s,"lead would dissipate , then vanish over several days . And the reason they said it made sense is that , in key states like Pennsylvania , all of the votes weren’t counted on Election Day . They told us that , as counties east of the Appalachian Mountains reported",trump
kamalas_desperate_final_plea_vote_for_me_or_youre_sexist.txt_1509,41,41,"Democrats said there was no cause for alarm here , because when you look at the demographics of the late-reporting counties , it all makes sense . Those counties included cities like Philadelphia and Atlanta , which have very large",black,"populations . And black voters , in every presidential election in memory , have always turned out in very large numbers for the Democrat .",black
kamalas_desperate_final_plea_vote_for_me_or_youre_sexist.txt_1509,45,45,"Democrats said there was no cause for alarm here , because when you look at the demographics of the late-reporting counties , it all makes sense . Those counties included cities like Philadelphia and Atlanta , which have very large black populations . And",black,"voters , in every presidential election in memory , have always turned out in very large numbers for the Democrat .",black
kamalas_desperate_final_plea_vote_for_me_or_youre_sexist.txt_1511,42,42,"As we head into the final days of the 2024 presidential election , it’s becoming clear this excuse probably won’t work this time around . They won’t be able to say , with a straight face , that late-reporting counties in",majority-black,"areas all broke for Kamala Harris by 90 % at the last minute . That’s because Kamala Harris ’ support among black voters , according to every major poll , is collapsing . Everyone admits this is happening — even CNN . Watch :",black
kamalas_desperate_final_plea_vote_for_me_or_youre_sexist.txt_1511,47,47,"As we head into the final days of the 2024 presidential election , it’s becoming clear this excuse probably won’t work this time around . They won’t be able to say , with a straight face , that late-reporting counties in majority-black areas all broke for",Kamala,"Harris by 90 % at the last minute . That’s because Kamala Harris ’ support among black voters , according to every major poll , is collapsing . Everyone admits this is happening — even CNN . Watch :",kamala
kamalas_desperate_final_plea_vote_for_me_or_youre_sexist.txt_1511,48,48,"As we head into the final days of the 2024 presidential election , it’s becoming clear this excuse probably won’t work this time around . They won’t be able to say , with a straight face , that late-reporting counties in majority-black areas all broke for Kamala",Harris,"by 90 % at the last minute . That’s because Kamala Harris ’ support among black voters , according to every major poll , is collapsing . Everyone admits this is happening — even CNN . Watch :",harris
kamalas_desperate_final_plea_vote_for_me_or_youre_sexist.txt_1511,59,59,"the 2024 presidential election , it’s becoming clear this excuse probably won’t work this time around . They won’t be able to say , with a straight face , that late-reporting counties in majority-black areas all broke for Kamala Harris by 90 % at the last minute . That’s because",Kamala,"Harris ’ support among black voters , according to every major poll , is collapsing . Everyone admits this is happening — even CNN . Watch :",kamala
kamalas_desperate_final_plea_vote_for_me_or_youre_sexist.txt_1511,60,60,"2024 presidential election , it’s becoming clear this excuse probably won’t work this time around . They won’t be able to say , with a straight face , that late-reporting counties in majority-black areas all broke for Kamala Harris by 90 % at the last minute . That’s because Kamala",Harris,"’ support among black voters , according to every major poll , is collapsing . Everyone admits this is happening — even CNN . Watch :",harris
kamalas_desperate_final_plea_vote_for_me_or_youre_sexist.txt_1511,64,64,"it’s becoming clear this excuse probably won’t work this time around . They won’t be able to say , with a straight face , that late-reporting counties in majority-black areas all broke for Kamala Harris by 90 % at the last minute . That’s because Kamala Harris ’ support among",black,"voters , according to every major poll , is collapsing . Everyone admits this is happening — even CNN . Watch :",black
kamalas_desperate_final_plea_vote_for_me_or_youre_sexist.txt_1513,8,8,To be as fair as possible to,Kamala,"Harris , her support is dropping among a lot of demographic groups . It’s not just black voters .",kamala
kamalas_desperate_final_plea_vote_for_me_or_youre_sexist.txt_1513,9,9,To be as fair as possible to Kamala,Harris,", her support is dropping among a lot of demographic groups . It’s not just black voters .",harris
kamalas_desperate_final_plea_vote_for_me_or_youre_sexist.txt_1513,25,25,"To be as fair as possible to Kamala Harris , her support is dropping among a lot of demographic groups . It’s not just",black,voters .,black
kamalas_desperate_final_plea_vote_for_me_or_youre_sexist.txt_1515,3,3,Vice President,Kamala,Harris’s support among Hispanic voters is in dangerously low territory for Democrats … More than one-third of Hispanic voters say they support both building a wall along the U.S . - Mexico border and deporting immigrants who are living in the United States illegally .,kamala
kamalas_desperate_final_plea_vote_for_me_or_youre_sexist.txt_1515,4,4,Vice President Kamala,Harris’s,support among Hispanic voters is in dangerously low territory for Democrats … More than one-third of Hispanic voters say they support both building a wall along the U.S . - Mexico border and deporting immigrants who are living in the United States illegally .,harris
kamalas_desperate_final_plea_vote_for_me_or_youre_sexist.txt_1515,39,39,Vice President Kamala Harris’s support among Hispanic voters is in dangerously low territory for Democrats … More than one-third of Hispanic voters say they support both building a wall along the U.S . - Mexico border and deporting,immigrants,who are living in the United States illegally .,immigrant
kamalas_desperate_final_plea_vote_for_me_or_youre_sexist.txt_1516,9,9,"But interestingly enough , you’ll notice that the",Harris,"campaign isn’t going on the offensive against Hispanics . They’re not lecturing Hispanics about how they’re racists and misogynists . CNN isn’t freaking out either . Instead , the Kamala Harris campaign , their surrogates , and their allies in the media , have all united to go after black",harris
kamalas_desperate_final_plea_vote_for_me_or_youre_sexist.txt_1516,39,39,"But interestingly enough , you’ll notice that the Harris campaign isn’t going on the offensive against Hispanics . They’re not lecturing Hispanics about how they’re racists and misogynists . CNN isn’t freaking out either . Instead , the",Kamala,"Harris campaign , their surrogates , and their allies in the media , have all united to go after black voters specifically .",kamala
kamalas_desperate_final_plea_vote_for_me_or_youre_sexist.txt_1516,40,40,"But interestingly enough , you’ll notice that the Harris campaign isn’t going on the offensive against Hispanics . They’re not lecturing Hispanics about how they’re racists and misogynists . CNN isn’t freaking out either . Instead , the Kamala",Harris,"campaign , their surrogates , and their allies in the media , have all united to go after black voters specifically .",harris
kamalas_desperate_final_plea_vote_for_me_or_youre_sexist.txt_1516,59,59,"Harris campaign isn’t going on the offensive against Hispanics . They’re not lecturing Hispanics about how they’re racists and misogynists . CNN isn’t freaking out either . Instead , the Kamala Harris campaign , their surrogates , and their allies in the media , have all united to go after",black,voters specifically .,black
kamalas_desperate_final_plea_vote_for_me_or_youre_sexist.txt_1517,24,24,"This has been going on for some time now . A few weeks ago , I talked about Barack Obama’s literal finger-wag at",black,"men . He showed up at Kamala Harris ’ campaign headquarters and told black voters that , if they’re hesitating about supporting Kamala Harris , then they probably hate women . Here’s part of what he said , one more time :",black
kamalas_desperate_final_plea_vote_for_me_or_youre_sexist.txt_1517,25,25,"This has been going on for some time now . A few weeks ago , I talked about Barack Obama’s literal finger-wag at black",men,". He showed up at Kamala Harris ’ campaign headquarters and told black voters that , if they’re hesitating about supporting Kamala Harris , then they probably hate women . Here’s part of what he said , one more time :",men
kamalas_desperate_final_plea_vote_for_me_or_youre_sexist.txt_1517,31,31,"This has been going on for some time now . A few weeks ago , I talked about Barack Obama’s literal finger-wag at black men . He showed up at",Kamala,"Harris ’ campaign headquarters and told black voters that , if they’re hesitating about supporting Kamala Harris , then they probably hate women . Here’s part of what he said , one more time :",kamala
kamalas_desperate_final_plea_vote_for_me_or_youre_sexist.txt_1517,32,32,"This has been going on for some time now . A few weeks ago , I talked about Barack Obama’s literal finger-wag at black men . He showed up at Kamala",Harris,"’ campaign headquarters and told black voters that , if they’re hesitating about supporting Kamala Harris , then they probably hate women . Here’s part of what he said , one more time :",harris
kamalas_desperate_final_plea_vote_for_me_or_youre_sexist.txt_1517,38,38,"This has been going on for some time now . A few weeks ago , I talked about Barack Obama’s literal finger-wag at black men . He showed up at Kamala Harris ’ campaign headquarters and told",black,"voters that , if they’re hesitating about supporting Kamala Harris , then they probably hate women . Here’s part of what he said , one more time :",black
kamalas_desperate_final_plea_vote_for_me_or_youre_sexist.txt_1517,47,47,"This has been going on for some time now . A few weeks ago , I talked about Barack Obama’s literal finger-wag at black men . He showed up at Kamala Harris ’ campaign headquarters and told black voters that , if they’re hesitating about supporting",Kamala,"Harris , then they probably hate women . Here’s part of what he said , one more time :",kamala
kamalas_desperate_final_plea_vote_for_me_or_youre_sexist.txt_1517,48,48,"This has been going on for some time now . A few weeks ago , I talked about Barack Obama’s literal finger-wag at black men . He showed up at Kamala Harris ’ campaign headquarters and told black voters that , if they’re hesitating about supporting Kamala",Harris,", then they probably hate women . Here’s part of what he said , one more time :",harris
kamalas_desperate_final_plea_vote_for_me_or_youre_sexist.txt_1517,54,54,"going on for some time now . A few weeks ago , I talked about Barack Obama’s literal finger-wag at black men . He showed up at Kamala Harris ’ campaign headquarters and told black voters that , if they’re hesitating about supporting Kamala Harris , then they probably hate",women,". Here’s part of what he said , one more time :",men
kamalas_desperate_final_plea_vote_for_me_or_youre_sexist.txt_1519,49,49,"This is the kind of outburst that , if you’re being charitable , you might chalk up to a bad day . Maybe the kite-surfing wasn’t great on Martha’s Vineyard that day , and so Barack Obama decided to go off-script and take out his frustrations on insolent",black,"voters who won’t do what he commands them to do . Certainly , if you’re a Kamala Harris supporter , that’s the best-case scenario .",black
kamalas_desperate_final_plea_vote_for_me_or_youre_sexist.txt_1519,66,66,"chalk up to a bad day . Maybe the kite-surfing wasn’t great on Martha’s Vineyard that day , and so Barack Obama decided to go off-script and take out his frustrations on insolent black voters who won’t do what he commands them to do . Certainly , if you’re a",Kamala,"Harris supporter , that’s the best-case scenario .",kamala
kamalas_desperate_final_plea_vote_for_me_or_youre_sexist.txt_1519,67,67,"up to a bad day . Maybe the kite-surfing wasn’t great on Martha’s Vineyard that day , and so Barack Obama decided to go off-script and take out his frustrations on insolent black voters who won’t do what he commands them to do . Certainly , if you’re a Kamala",Harris,"supporter , that’s the best-case scenario .",harris
kamalas_desperate_final_plea_vote_for_me_or_youre_sexist.txt_1520,16,16,"The worst-case scenario is that Barack Obama was delivering the campaign’s well-rehearsed , scripted closing",argument,"— which is that if you’re a black guy and you don’t vote for Kamala Harris , then you’re a horrible person who hates women . If that’s the campaign’s closing argument , then they’re obviously in a lot of trouble .",men
kamalas_desperate_final_plea_vote_for_me_or_youre_sexist.txt_1520,24,24,"The worst-case scenario is that Barack Obama was delivering the campaign’s well-rehearsed , scripted closing argument — which is that if you’re a",black,"guy and you don’t vote for Kamala Harris , then you’re a horrible person who hates women . If that’s the campaign’s closing argument , then they’re obviously in a lot of trouble .",black
kamalas_desperate_final_plea_vote_for_me_or_youre_sexist.txt_1520,31,31,"The worst-case scenario is that Barack Obama was delivering the campaign’s well-rehearsed , scripted closing argument — which is that if you’re a black guy and you don’t vote for",Kamala,"Harris , then you’re a horrible person who hates women . If that’s the campaign’s closing argument , then they’re obviously in a lot of trouble .",kamala
kamalas_desperate_final_plea_vote_for_me_or_youre_sexist.txt_1520,32,32,"The worst-case scenario is that Barack Obama was delivering the campaign’s well-rehearsed , scripted closing argument — which is that if you’re a black guy and you don’t vote for Kamala",Harris,", then you’re a horrible person who hates women . If that’s the campaign’s closing argument , then they’re obviously in a lot of trouble .",harris
kamalas_desperate_final_plea_vote_for_me_or_youre_sexist.txt_1520,41,41,"The worst-case scenario is that Barack Obama was delivering the campaign’s well-rehearsed , scripted closing argument — which is that if you’re a black guy and you don’t vote for Kamala Harris , then you’re a horrible person who hates",women,". If that’s the campaign’s closing argument , then they’re obviously in a lot of trouble .",men
kamalas_desperate_final_plea_vote_for_me_or_youre_sexist.txt_1520,48,48,"The worst-case scenario is that Barack Obama was delivering the campaign’s well-rehearsed , scripted closing argument — which is that if you’re a black guy and you don’t vote for Kamala Harris , then you’re a horrible person who hates women . If that’s the campaign’s closing",argument,", then they’re obviously in a lot of trouble .",men
kamalas_desperate_final_plea_vote_for_me_or_youre_sexist.txt_1521,7,7,Unfortunately for anyone who’s pulling for,Kamala,", it does appear that , indeed , this is the message they’re going with . You can tell because Barack Obama isn’t the only surrogate for Kamala Harris who’s talking like this .",kamala
kamalas_desperate_final_plea_vote_for_me_or_youre_sexist.txt_1521,35,35,"Unfortunately for anyone who’s pulling for Kamala , it does appear that , indeed , this is the message they’re going with . You can tell because Barack Obama isn’t the only surrogate for",Kamala,Harris who’s talking like this .,kamala
kamalas_desperate_final_plea_vote_for_me_or_youre_sexist.txt_1521,36,36,"Unfortunately for anyone who’s pulling for Kamala , it does appear that , indeed , this is the message they’re going with . You can tell because Barack Obama isn’t the only surrogate for Kamala",Harris,who’s talking like this .,harris
kamalas_desperate_final_plea_vote_for_me_or_youre_sexist.txt_1522,14,14,Here for example is a Georgia “ pastor ” named Jamal Bryant .,Kamala,Harris visited his church this weekend . Watch :,kamala
kamalas_desperate_final_plea_vote_for_me_or_youre_sexist.txt_1522,15,15,Here for example is a Georgia “ pastor ” named Jamal Bryant . Kamala,Harris,visited his church this weekend . Watch :,harris
kamalas_desperate_final_plea_vote_for_me_or_youre_sexist.txt_1524,4,4,He’s saying that,black,"men were misogynists because they didn’t support Stacey Abrams . And now they’re misogynists because they won’t support Kamala Harris . This is the pastor Kamala is trying to court . And just to be clear about who this pastor is and what he stands for , here’s the vision",black
kamalas_desperate_final_plea_vote_for_me_or_youre_sexist.txt_1524,5,5,He’s saying that black,men,"were misogynists because they didn’t support Stacey Abrams . And now they’re misogynists because they won’t support Kamala Harris . This is the pastor Kamala is trying to court . And just to be clear about who this pastor is and what he stands for , here’s the vision for",men
kamalas_desperate_final_plea_vote_for_me_or_youre_sexist.txt_1524,23,23,He’s saying that black men were misogynists because they didn’t support Stacey Abrams . And now they’re misogynists because they won’t support,Kamala,"Harris . This is the pastor Kamala is trying to court . And just to be clear about who this pastor is and what he stands for , here’s the vision for his church he laid out in a podcast last year :",kamala
kamalas_desperate_final_plea_vote_for_me_or_youre_sexist.txt_1524,24,24,He’s saying that black men were misogynists because they didn’t support Stacey Abrams . And now they’re misogynists because they won’t support Kamala,Harris,". This is the pastor Kamala is trying to court . And just to be clear about who this pastor is and what he stands for , here’s the vision for his church he laid out in a podcast last year :",harris
kamalas_desperate_final_plea_vote_for_me_or_youre_sexist.txt_1524,30,30,He’s saying that black men were misogynists because they didn’t support Stacey Abrams . And now they’re misogynists because they won’t support Kamala Harris . This is the pastor,Kamala,"is trying to court . And just to be clear about who this pastor is and what he stands for , here’s the vision for his church he laid out in a podcast last year :",kamala
kamalas_desperate_final_plea_vote_for_me_or_youre_sexist.txt_1526,5,5,This is the person,Kamala,"is relying on to scold black men : A pastor who wants to turn his churches into marijuana farms , where they talk about sex toys . This is the quality of surrogate that she now has .",kamala
kamalas_desperate_final_plea_vote_for_me_or_youre_sexist.txt_1526,11,11,This is the person Kamala is relying on to scold,black,"men : A pastor who wants to turn his churches into marijuana farms , where they talk about sex toys . This is the quality of surrogate that she now has .",black
kamalas_desperate_final_plea_vote_for_me_or_youre_sexist.txt_1526,12,12,This is the person Kamala is relying on to scold black,men,": A pastor who wants to turn his churches into marijuana farms , where they talk about sex toys . This is the quality of surrogate that she now has .",men
kamalas_desperate_final_plea_vote_for_me_or_youre_sexist.txt_1527,14,14,And it gets even worse . CNN asked Stacey Abrams about Jamal Bryant’s,comments,". You see , Stacey Abrams , unlike Donald Trump , is allowed to claim that all of her election losses are illegitimate , so CNN still pretends to take her seriously . And in this interview , Abrams basically agreed with what the pastor said . ( Well ,",men
kamalas_desperate_final_plea_vote_for_me_or_youre_sexist.txt_1527,23,23,"And it gets even worse . CNN asked Stacey Abrams about Jamal Bryant’s comments . You see , Stacey Abrams , unlike",Donald,"Trump , is allowed to claim that all of her election losses are illegitimate , so CNN still pretends to take her seriously . And in this interview , Abrams basically agreed with what the pastor said . ( Well , they didn’t bring up the sex toys and weed",donald
kamalas_desperate_final_plea_vote_for_me_or_youre_sexist.txt_1527,24,24,"And it gets even worse . CNN asked Stacey Abrams about Jamal Bryant’s comments . You see , Stacey Abrams , unlike Donald",Trump,", is allowed to claim that all of her election losses are illegitimate , so CNN still pretends to take her seriously . And in this interview , Abrams basically agreed with what the pastor said . ( Well , they didn’t bring up the sex toys and weed farms",trump
kamalas_desperate_final_plea_vote_for_me_or_youre_sexist.txt_1529,11,11,This is a refrain we’re hearing again and again from,Kamala’s,"defenders . They are lashing out at black men , and only black men , for failing to support Kamala Harris . They’re not going after Hispanics , or even white guys . This is maybe the first time in the history of the modern Democrat Party that they’re leaving",kamala
kamalas_desperate_final_plea_vote_for_me_or_youre_sexist.txt_1529,19,19,This is a refrain we’re hearing again and again from Kamala’s defenders . They are lashing out at,black,"men , and only black men , for failing to support Kamala Harris . They’re not going after Hispanics , or even white guys . This is maybe the first time in the history of the modern Democrat Party that they’re leaving all of those other demographic groups alone ,",black
kamalas_desperate_final_plea_vote_for_me_or_youre_sexist.txt_1529,20,20,This is a refrain we’re hearing again and again from Kamala’s defenders . They are lashing out at black,men,", and only black men , for failing to support Kamala Harris . They’re not going after Hispanics , or even white guys . This is maybe the first time in the history of the modern Democrat Party that they’re leaving all of those other demographic groups alone , so",men
kamalas_desperate_final_plea_vote_for_me_or_youre_sexist.txt_1529,24,24,"This is a refrain we’re hearing again and again from Kamala’s defenders . They are lashing out at black men , and only",black,"men , for failing to support Kamala Harris . They’re not going after Hispanics , or even white guys . This is maybe the first time in the history of the modern Democrat Party that they’re leaving all of those other demographic groups alone , so that they can harangue",black
kamalas_desperate_final_plea_vote_for_me_or_youre_sexist.txt_1529,25,25,"This is a refrain we’re hearing again and again from Kamala’s defenders . They are lashing out at black men , and only black",men,", for failing to support Kamala Harris . They’re not going after Hispanics , or even white guys . This is maybe the first time in the history of the modern Democrat Party that they’re leaving all of those other demographic groups alone , so that they can harangue black",men
kamalas_desperate_final_plea_vote_for_me_or_youre_sexist.txt_1529,31,31,"This is a refrain we’re hearing again and again from Kamala’s defenders . They are lashing out at black men , and only black men , for failing to support",Kamala,"Harris . They’re not going after Hispanics , or even white guys . This is maybe the first time in the history of the modern Democrat Party that they’re leaving all of those other demographic groups alone , so that they can harangue black men .",kamala
kamalas_desperate_final_plea_vote_for_me_or_youre_sexist.txt_1529,32,32,"This is a refrain we’re hearing again and again from Kamala’s defenders . They are lashing out at black men , and only black men , for failing to support Kamala",Harris,". They’re not going after Hispanics , or even white guys . This is maybe the first time in the history of the modern Democrat Party that they’re leaving all of those other demographic groups alone , so that they can harangue black men .",harris
kamalas_desperate_final_plea_vote_for_me_or_youre_sexist.txt_1529,75,75,"men , for failing to support Kamala Harris . They’re not going after Hispanics , or even white guys . This is maybe the first time in the history of the modern Democrat Party that they’re leaving all of those other demographic groups alone , so that they can harangue",black,men .,black
kamalas_desperate_final_plea_vote_for_me_or_youre_sexist.txt_1529,76,76,", for failing to support Kamala Harris . They’re not going after Hispanics , or even white guys . This is maybe the first time in the history of the modern Democrat Party that they’re leaving all of those other demographic groups alone , so that they can harangue black",men,.,men
kamalas_desperate_final_plea_vote_for_me_or_youre_sexist.txt_1530,36,36,"It’s hard to imagine a more counterproductive strategy , with under two weeks until the election . Let’s just assume that everything they’re saying is true , and that there’s an unusually large number of",black,"men out there who are skeptical of electing a female president , solely on the basis of the fact that she’s a woman . The way to convince those people that a woman can lead this country isn’t to badger them . It’s not to nag them . That’s what",black
kamalas_desperate_final_plea_vote_for_me_or_youre_sexist.txt_1530,37,37,"It’s hard to imagine a more counterproductive strategy , with under two weeks until the election . Let’s just assume that everything they’re saying is true , and that there’s an unusually large number of black",men,"out there who are skeptical of electing a female president , solely on the basis of the fact that she’s a woman . The way to convince those people that a woman can lead this country isn’t to badger them . It’s not to nag them . That’s what you’d",men
kamalas_desperate_final_plea_vote_for_me_or_youre_sexist.txt_1531,15,15,"What you should do , if you really think there’s a critical mass of",black,"men who are hesitant to vote for a woman , is to actually respond to their concerns . Explain to them why Kamala Harris is deserving of their respect , even though it’s true that various authoritarians and foreign adversaries probably won’t treat her with any kind of respect .",black
kamalas_desperate_final_plea_vote_for_me_or_youre_sexist.txt_1531,16,16,"What you should do , if you really think there’s a critical mass of black",men,"who are hesitant to vote for a woman , is to actually respond to their concerns . Explain to them why Kamala Harris is deserving of their respect , even though it’s true that various authoritarians and foreign adversaries probably won’t treat her with any kind of respect . Explain",men
kamalas_desperate_final_plea_vote_for_me_or_youre_sexist.txt_1531,38,38,"What you should do , if you really think there’s a critical mass of black men who are hesitant to vote for a woman , is to actually respond to their concerns . Explain to them why",Kamala,"Harris is deserving of their respect , even though it’s true that various authoritarians and foreign adversaries probably won’t treat her with any kind of respect . Explain all the ways that Kamala Harris has demonstrated leadership and projected toughness , so that these voters can rest assured that they’re",kamala
kamalas_desperate_final_plea_vote_for_me_or_youre_sexist.txt_1531,39,39,"What you should do , if you really think there’s a critical mass of black men who are hesitant to vote for a woman , is to actually respond to their concerns . Explain to them why Kamala",Harris,"is deserving of their respect , even though it’s true that various authoritarians and foreign adversaries probably won’t treat her with any kind of respect . Explain all the ways that Kamala Harris has demonstrated leadership and projected toughness , so that these voters can rest assured that they’re leaving",harris
kamalas_desperate_final_plea_vote_for_me_or_youre_sexist.txt_1531,71,71,"vote for a woman , is to actually respond to their concerns . Explain to them why Kamala Harris is deserving of their respect , even though it’s true that various authoritarians and foreign adversaries probably won’t treat her with any kind of respect . Explain all the ways that",Kamala,"Harris has demonstrated leadership and projected toughness , so that these voters can rest assured that they’re leaving the country in capable hands .",kamala
kamalas_desperate_final_plea_vote_for_me_or_youre_sexist.txt_1531,72,72,"for a woman , is to actually respond to their concerns . Explain to them why Kamala Harris is deserving of their respect , even though it’s true that various authoritarians and foreign adversaries probably won’t treat her with any kind of respect . Explain all the ways that Kamala",Harris,"has demonstrated leadership and projected toughness , so that these voters can rest assured that they’re leaving the country in capable hands .",harris
kamalas_desperate_final_plea_vote_for_me_or_youre_sexist.txt_1532,3,3,None of,Kamala’s,"surrogates can do that because they know that Kamala Harris isn’t capable of projecting toughness . She’s not capable of projecting a coherent thought , other than the idea that she grew up in a “ middle-class family ” and worked in a McDonald’s somewhere , even though there’s no",kamala
kamalas_desperate_final_plea_vote_for_me_or_youre_sexist.txt_1532,12,12,None of Kamala’s surrogates can do that because they know that,Kamala,"Harris isn’t capable of projecting toughness . She’s not capable of projecting a coherent thought , other than the idea that she grew up in a “ middle-class family ” and worked in a McDonald’s somewhere , even though there’s no record of either of those things occurring . So",kamala
kamalas_desperate_final_plea_vote_for_me_or_youre_sexist.txt_1532,13,13,None of Kamala’s surrogates can do that because they know that Kamala,Harris,"isn’t capable of projecting toughness . She’s not capable of projecting a coherent thought , other than the idea that she grew up in a “ middle-class family ” and worked in a McDonald’s somewhere , even though there’s no record of either of those things occurring . So we’re",harris
kamalas_desperate_final_plea_vote_for_me_or_youre_sexist.txt_1532,47,47,"None of Kamala’s surrogates can do that because they know that Kamala Harris isn’t capable of projecting toughness . She’s not capable of projecting a coherent thought , other than the idea that she grew up in a “ middle-class family ” and worked in a",McDonald’s,"somewhere , even though there’s no record of either of those things occurring . So we’re left with this . Here’s just one more example . This is Jenn Psaki , the former Biden spokeswoman :",donald
kamalas_desperate_final_plea_vote_for_me_or_youre_sexist.txt_1534,18,18,"If you do what none of these surrogates want to do , which is actually talk to",black,"people , you’ll find that they happen to have the same concerns that other demographic groups have . They’re worried that Kamala Harris is unqualified . And they think she’d be bad for the economy .",black
kamalas_desperate_final_plea_vote_for_me_or_youre_sexist.txt_1534,40,40,"If you do what none of these surrogates want to do , which is actually talk to black people , you’ll find that they happen to have the same concerns that other demographic groups have . They’re worried that",Kamala,Harris is unqualified . And they think she’d be bad for the economy .,kamala
kamalas_desperate_final_plea_vote_for_me_or_youre_sexist.txt_1534,41,41,"If you do what none of these surrogates want to do , which is actually talk to black people , you’ll find that they happen to have the same concerns that other demographic groups have . They’re worried that Kamala",Harris,is unqualified . And they think she’d be bad for the economy .,harris
kamalas_desperate_final_plea_vote_for_me_or_youre_sexist.txt_1538,7,7,Imagine that . All of these,black,"voters share some very fundamental concerns that millions of other people have , for good reasons . All of these concerns reflect very real problems with Kamala Harris . This is why Democrats probably shouldn’t have installed her in a coup . This is one of the benefits of actually",black
kamalas_desperate_final_plea_vote_for_me_or_youre_sexist.txt_1538,12,12,Imagine that . All of these black voters share some very,fundamental,"concerns that millions of other people have , for good reasons . All of these concerns reflect very real problems with Kamala Harris . This is why Democrats probably shouldn’t have installed her in a coup . This is one of the benefits of actually holding a primary .",men
kamalas_desperate_final_plea_vote_for_me_or_youre_sexist.txt_1538,34,34,"Imagine that . All of these black voters share some very fundamental concerns that millions of other people have , for good reasons . All of these concerns reflect very real problems with",Kamala,Harris . This is why Democrats probably shouldn’t have installed her in a coup . This is one of the benefits of actually holding a primary .,kamala
kamalas_desperate_final_plea_vote_for_me_or_youre_sexist.txt_1538,35,35,"Imagine that . All of these black voters share some very fundamental concerns that millions of other people have , for good reasons . All of these concerns reflect very real problems with Kamala",Harris,. This is why Democrats probably shouldn’t have installed her in a coup . This is one of the benefits of actually holding a primary .,harris
kamalas_desperate_final_plea_vote_for_me_or_youre_sexist.txt_1539,14,14,Nowhere in any of these clips do these voters say that they hate,women,", or that they don’t think a woman is capable of being president . They obviously aren’t faking their answers , either . These are clearly their actual beliefs . This is why black voters , and in particular black men , aren’t supporting Kamala Harris to the extent they",men
kamalas_desperate_final_plea_vote_for_me_or_youre_sexist.txt_1539,48,48,"Nowhere in any of these clips do these voters say that they hate women , or that they don’t think a woman is capable of being president . They obviously aren’t faking their answers , either . These are clearly their actual beliefs . This is why",black,"voters , and in particular black men , aren’t supporting Kamala Harris to the extent they supported other Democrats .",black
kamalas_desperate_final_plea_vote_for_me_or_youre_sexist.txt_1539,54,54,"of these clips do these voters say that they hate women , or that they don’t think a woman is capable of being president . They obviously aren’t faking their answers , either . These are clearly their actual beliefs . This is why black voters , and in particular",black,"men , aren’t supporting Kamala Harris to the extent they supported other Democrats .",black
kamalas_desperate_final_plea_vote_for_me_or_youre_sexist.txt_1539,55,55,"these clips do these voters say that they hate women , or that they don’t think a woman is capable of being president . They obviously aren’t faking their answers , either . These are clearly their actual beliefs . This is why black voters , and in particular black",men,", aren’t supporting Kamala Harris to the extent they supported other Democrats .",men
kamalas_desperate_final_plea_vote_for_me_or_youre_sexist.txt_1539,59,59,"voters say that they hate women , or that they don’t think a woman is capable of being president . They obviously aren’t faking their answers , either . These are clearly their actual beliefs . This is why black voters , and in particular black men , aren’t supporting",Kamala,Harris to the extent they supported other Democrats .,kamala
kamalas_desperate_final_plea_vote_for_me_or_youre_sexist.txt_1539,60,60,"say that they hate women , or that they don’t think a woman is capable of being president . They obviously aren’t faking their answers , either . These are clearly their actual beliefs . This is why black voters , and in particular black men , aren’t supporting Kamala",Harris,to the extent they supported other Democrats .,harris
kamalas_desperate_final_plea_vote_for_me_or_youre_sexist.txt_1540,10,10,You can draw your own conclusions about why the,Kamala,"Harris campaign is so irate about this . Maybe they’re realizing that the late-night vote counts from majority-black counties in eastern Pennsylvania aren’t going to swing their way this time around . ( Or if they do swing their way , it’ll look even more suspicious ) . Maybe that’s",kamala
kamalas_desperate_final_plea_vote_for_me_or_youre_sexist.txt_1540,11,11,You can draw your own conclusions about why the Kamala,Harris,"campaign is so irate about this . Maybe they’re realizing that the late-night vote counts from majority-black counties in eastern Pennsylvania aren’t going to swing their way this time around . ( Or if they do swing their way , it’ll look even more suspicious ) . Maybe that’s why",harris
kamalas_desperate_final_plea_vote_for_me_or_youre_sexist.txt_1540,28,28,You can draw your own conclusions about why the Kamala Harris campaign is so irate about this . Maybe they’re realizing that the late-night vote counts from,majority-black,"counties in eastern Pennsylvania aren’t going to swing their way this time around . ( Or if they do swing their way , it’ll look even more suspicious ) . Maybe that’s why they’re so upset about what black voters are doing , as opposed to other demographic groups .",black
kamalas_desperate_final_plea_vote_for_me_or_youre_sexist.txt_1540,67,67,"this . Maybe they’re realizing that the late-night vote counts from majority-black counties in eastern Pennsylvania aren’t going to swing their way this time around . ( Or if they do swing their way , it’ll look even more suspicious ) . Maybe that’s why they’re so upset about what",black,"voters are doing , as opposed to other demographic groups . Or maybe Democrats have so little respect for black people that they take their vote as a given , every single election cycle , regardless of the candidate they put forward . Maybe it’s all of the above .",black
kamalas_desperate_final_plea_vote_for_me_or_youre_sexist.txt_1540,87,87,"their way this time around . ( Or if they do swing their way , it’ll look even more suspicious ) . Maybe that’s why they’re so upset about what black voters are doing , as opposed to other demographic groups . Or maybe Democrats have so little respect for",black,"people that they take their vote as a given , every single election cycle , regardless of the candidate they put forward . Maybe it’s all of the above .",black
kamalas_desperate_final_plea_vote_for_me_or_youre_sexist.txt_1541,11,11,"Regardless of what exactly is going on here , the",Kamala,Harris campaign is making its desperation as transparent as possible . This is their closing argument of the 2024 election : Vote for Kamala Harris or you hate women . This is like a parody of how to finish a campaign when you’re trying to elect the first woman president,kamala
kamalas_desperate_final_plea_vote_for_me_or_youre_sexist.txt_1541,12,12,"Regardless of what exactly is going on here , the Kamala",Harris,campaign is making its desperation as transparent as possible . This is their closing argument of the 2024 election : Vote for Kamala Harris or you hate women . This is like a parody of how to finish a campaign when you’re trying to elect the first woman president .,harris
kamalas_desperate_final_plea_vote_for_me_or_youre_sexist.txt_1541,19,19,"Regardless of what exactly is going on here , the Kamala Harris campaign is making its desperation as",transparent,as possible . This is their closing argument of the 2024 election : Vote for Kamala Harris or you hate women . This is like a parody of how to finish a campaign when you’re trying to elect the first woman president . And the reason the Kamala Harris campaign,trans
kamalas_desperate_final_plea_vote_for_me_or_youre_sexist.txt_1541,27,27,"Regardless of what exactly is going on here , the Kamala Harris campaign is making its desperation as transparent as possible . This is their closing",argument,"of the 2024 election : Vote for Kamala Harris or you hate women . This is like a parody of how to finish a campaign when you’re trying to elect the first woman president . And the reason the Kamala Harris campaign is losing its mind is that , contrary",men
kamalas_desperate_final_plea_vote_for_me_or_youre_sexist.txt_1541,35,35,"Regardless of what exactly is going on here , the Kamala Harris campaign is making its desperation as transparent as possible . This is their closing argument of the 2024 election : Vote for",Kamala,"Harris or you hate women . This is like a parody of how to finish a campaign when you’re trying to elect the first woman president . And the reason the Kamala Harris campaign is losing its mind is that , contrary to all of their expectations , voters can",kamala
kamalas_desperate_final_plea_vote_for_me_or_youre_sexist.txt_1541,36,36,"Regardless of what exactly is going on here , the Kamala Harris campaign is making its desperation as transparent as possible . This is their closing argument of the 2024 election : Vote for Kamala",Harris,"or you hate women . This is like a parody of how to finish a campaign when you’re trying to elect the first woman president . And the reason the Kamala Harris campaign is losing its mind is that , contrary to all of their expectations , voters can see",harris
kamalas_desperate_final_plea_vote_for_me_or_youre_sexist.txt_1541,40,40,"Regardless of what exactly is going on here , the Kamala Harris campaign is making its desperation as transparent as possible . This is their closing argument of the 2024 election : Vote for Kamala Harris or you hate",women,". This is like a parody of how to finish a campaign when you’re trying to elect the first woman president . And the reason the Kamala Harris campaign is losing its mind is that , contrary to all of their expectations , voters can see right through it .",men
kamalas_desperate_final_plea_vote_for_me_or_youre_sexist.txt_1541,67,67,desperation as transparent as possible . This is their closing argument of the 2024 election : Vote for Kamala Harris or you hate women . This is like a parody of how to finish a campaign when you’re trying to elect the first woman president . And the reason the,Kamala,"Harris campaign is losing its mind is that , contrary to all of their expectations , voters can see right through it .",kamala
kamalas_desperate_final_plea_vote_for_me_or_youre_sexist.txt_1541,68,68,as transparent as possible . This is their closing argument of the 2024 election : Vote for Kamala Harris or you hate women . This is like a parody of how to finish a campaign when you’re trying to elect the first woman president . And the reason the Kamala,Harris,"campaign is losing its mind is that , contrary to all of their expectations , voters can see right through it .",harris
kamala_set_for_surprise_appearance_on_saturday_night_live.txt_1547,1,1,,Kamala,Set For Surprise Appearance On ‘ Saturday Night Live ’,kamala
kamala_set_for_surprise_appearance_on_saturday_night_live.txt_1553,2,2,The,Trump,campaign said the move showed Kamala was out of touch with the American people .,trump
kamala_set_for_surprise_appearance_on_saturday_night_live.txt_1553,8,8,The Trump campaign said the move showed,Kamala,was out of touch with the American people .,kamala
kamala_set_for_surprise_appearance_on_saturday_night_live.txt_1554,3,3,Vice President,Kamala,Harris will reportedly make an appearance on Saturday Night Live for the show’s final episode before Election Day .,kamala
kamala_set_for_surprise_appearance_on_saturday_night_live.txt_1554,4,4,Vice President Kamala,Harris,will reportedly make an appearance on Saturday Night Live for the show’s final episode before Election Day .,harris
kamala_set_for_surprise_appearance_on_saturday_night_live.txt_1555,1,1,,Harris,"was scheduled to fly to the battleground state of Michigan , but her flight apparently rerouted for New York earlier tonight . Sources told the New York Post that the Secret Service was already on site preparing for Harris ’ arrival .",harris
kamala_set_for_surprise_appearance_on_saturday_night_live.txt_1555,40,40,"Harris was scheduled to fly to the battleground state of Michigan , but her flight apparently rerouted for New York earlier tonight . Sources told the New York Post that the Secret Service was already on site preparing for",Harris,’ arrival .,harris
kamala_set_for_surprise_appearance_on_saturday_night_live.txt_1556,16,16,"“ It’s all been hush-hush , ” a source told the Post , adding that",Harris,was expected to appear during the cold open . The show will be hosted by comedian John Mulaney .,harris
kamala_set_for_surprise_appearance_on_saturday_night_live.txt_1557,7,7,The move was mocked by the,Trump,"campaign , who accused Harris of being out of touch with the American people .",trump
kamala_set_for_surprise_appearance_on_saturday_night_live.txt_1557,12,12,"The move was mocked by the Trump campaign , who accused",Harris,of being out of touch with the American people .,harris
kamala_set_for_surprise_appearance_on_saturday_night_live.txt_1558,2,2,“,Kamala,"Harris has nothing substantive to offer the American people , so that’s why she’s living out her warped fantasy cosplaying with her elitist friends on Saturday Night Leftists as her campaign spirals down the drain into obscurity , ” Trump campaign spokesman Steven Cheung told Fox News . “ For",kamala
kamala_set_for_surprise_appearance_on_saturday_night_live.txt_1558,3,3,“ Kamala,Harris,"has nothing substantive to offer the American people , so that’s why she’s living out her warped fantasy cosplaying with her elitist friends on Saturday Night Leftists as her campaign spirals down the drain into obscurity , ” Trump campaign spokesman Steven Cheung told Fox News . “ For the",harris
kamala_set_for_surprise_appearance_on_saturday_night_live.txt_1558,42,42,"“ Kamala Harris has nothing substantive to offer the American people , so that’s why she’s living out her warped fantasy cosplaying with her elitist friends on Saturday Night Leftists as her campaign spirals down the drain into obscurity , ”",Trump,"campaign spokesman Steven Cheung told Fox News . “ For the last four years , Kamala’s destructive policies have led to untold misery and hurt for all Americans . She broke it , and President Trump will fix it . ”",trump
kamala_set_for_surprise_appearance_on_saturday_night_live.txt_1558,58,58,"offer the American people , so that’s why she’s living out her warped fantasy cosplaying with her elitist friends on Saturday Night Leftists as her campaign spirals down the drain into obscurity , ” Trump campaign spokesman Steven Cheung told Fox News . “ For the last four years ,",Kamala’s,"destructive policies have led to untold misery and hurt for all Americans . She broke it , and President Trump will fix it . ”",kamala
kamala_set_for_surprise_appearance_on_saturday_night_live.txt_1558,78,78,"Saturday Night Leftists as her campaign spirals down the drain into obscurity , ” Trump campaign spokesman Steven Cheung told Fox News . “ For the last four years , Kamala’s destructive policies have led to untold misery and hurt for all Americans . She broke it , and President",Trump,will fix it . ”,trump
kamala_set_for_surprise_appearance_on_saturday_night_live.txt_1559,1,1,,Trump,"advisor Jason Miller also ripped into Harris over the apparent move , asking if Harris did “ not know SNL has been crushing her all season ? ”",trump
kamala_set_for_surprise_appearance_on_saturday_night_live.txt_1559,8,8,Trump advisor Jason Miller also ripped into,Harris,"over the apparent move , asking if Harris did “ not know SNL has been crushing her all season ? ”",harris
kamala_set_for_surprise_appearance_on_saturday_night_live.txt_1559,16,16,"Trump advisor Jason Miller also ripped into Harris over the apparent move , asking if",Harris,did “ not know SNL has been crushing her all season ? ”,harris
kamala_set_for_surprise_appearance_on_saturday_night_live.txt_1560,15,15,"“ First time she’s speaking directly to journalists this entire campaign , ” conservative",commentator,Stephen Miller posted on X .,men
kamala_set_for_surprise_appearance_on_saturday_night_live.txt_1561,14,14,SNL creator Lorne Michaels suggested in an interview earlier this year that neither,Trump,nor Harris would appear on the show .,trump
kamala_set_for_surprise_appearance_on_saturday_night_live.txt_1561,16,16,SNL creator Lorne Michaels suggested in an interview earlier this year that neither Trump nor,Harris,would appear on the show .,harris
kamala_set_for_surprise_appearance_on_saturday_night_live.txt_1564,3,3,SNL roasted,Harris,running mate and Minnesota Governor Tim Walz last month over his false claim that he was in Hong Kong during China’s Tiananmen Square massacre in the summer of 1989 .,harris
kamala_set_for_surprise_appearance_on_saturday_night_live.txt_1564,25,25,SNL roasted Harris running mate and Minnesota Governor Tim Walz last month over his false claim that he was in Hong Kong during China’s,Tiananmen,Square massacre in the summer of 1989 .,men
kamala_set_for_surprise_appearance_on_saturday_night_live.txt_1565,14,14,The appearance on SNL comes after a day full of campaigning from both,Trump,and Harris . Trump held two rallies in North Carolina and one in Virginia while Harris held events in both Georgia and North Carolina .,trump
kamala_set_for_surprise_appearance_on_saturday_night_live.txt_1565,16,16,The appearance on SNL comes after a day full of campaigning from both Trump and,Harris,. Trump held two rallies in North Carolina and one in Virginia while Harris held events in both Georgia and North Carolina .,harris
kamala_set_for_surprise_appearance_on_saturday_night_live.txt_1565,18,18,The appearance on SNL comes after a day full of campaigning from both Trump and Harris .,Trump,held two rallies in North Carolina and one in Virginia while Harris held events in both Georgia and North Carolina .,trump
kamala_set_for_surprise_appearance_on_saturday_night_live.txt_1565,30,30,The appearance on SNL comes after a day full of campaigning from both Trump and Harris . Trump held two rallies in North Carolina and one in Virginia while,Harris,held events in both Georgia and North Carolina .,harris
kamala_signals_shes_open_to_spending_trillions_on_racial_reparations.txt_1570,1,1,,Kamala,Signals She’s Open To Spending Trillions On Racial Reparations,kamala
kamala_signals_shes_open_to_spending_trillions_on_racial_reparations.txt_1576,5,5,The remarks come as,Harris,tries to shore up support from the black community .,harris
kamala_signals_shes_open_to_spending_trillions_on_racial_reparations.txt_1576,13,13,The remarks come as Harris tries to shore up support from the,black,community .,black
kamala_signals_shes_open_to_spending_trillions_on_racial_reparations.txt_1577,3,3,Vice President,Kamala,"Harris signaled during an interview on Tuesday that she was open to spending taxpayer money on racial reparations , which studies show would cost trillions of dollars .",kamala
kamala_signals_shes_open_to_spending_trillions_on_racial_reparations.txt_1577,4,4,Vice President Kamala,Harris,"signaled during an interview on Tuesday that she was open to spending taxpayer money on racial reparations , which studies show would cost trillions of dollars .",harris
kamala_signals_shes_open_to_spending_trillions_on_racial_reparations.txt_1578,15,15,"“ It has to be studied . There’s no question about that , ”",Harris,"said when asked about reparations , which numerous estimates pin well into the trillions of dollars . “ And I’ve been very clear about that position . ”",harris
kamala_signals_shes_open_to_spending_trillions_on_racial_reparations.txt_1579,1,1,,Harris,made the remarks during a radio interview with Charlamagne tha God where she fielded questions about her agenda .,harris
kamala_signals_shes_open_to_spending_trillions_on_racial_reparations.txt_1582,3,3,Vice President,Kamala,"Harris says she’s open to using taxpayer’s money to pay racial reparations : “ It has to be studied , there’s no question about that . ”",kamala
kamala_signals_shes_open_to_spending_trillions_on_racial_reparations.txt_1582,4,4,Vice President Kamala,Harris,"says she’s open to using taxpayer’s money to pay racial reparations : “ It has to be studied , there’s no question about that . ”",harris
kamala_signals_shes_open_to_spending_trillions_on_racial_reparations.txt_1585,1,1,,Harris,"said during her failed presidential campaign in 2019 that she supported “ some form ” of reparations , and voted in support of reparations legislation in Congress . She has not taken a position on the issue since joining the presidential ticket with Joe Biden in 2020 .",harris
kamala_signals_shes_open_to_spending_trillions_on_racial_reparations.txt_1586,1,1,,Harris,"’ remarks come as recent polling , including from CNN this week , has found that Trump is in position to have more support from the black community , including from black women , than any Republican since 1960 .",harris
kamala_signals_shes_open_to_spending_trillions_on_racial_reparations.txt_1586,18,18,"Harris ’ remarks come as recent polling , including from CNN this week , has found that",Trump,"is in position to have more support from the black community , including from black women , than any Republican since 1960 .",trump
kamala_signals_shes_open_to_spending_trillions_on_racial_reparations.txt_1586,28,28,"Harris ’ remarks come as recent polling , including from CNN this week , has found that Trump is in position to have more support from the",black,"community , including from black women , than any Republican since 1960 .",black
kamala_signals_shes_open_to_spending_trillions_on_racial_reparations.txt_1586,33,33,"Harris ’ remarks come as recent polling , including from CNN this week , has found that Trump is in position to have more support from the black community , including from",black,"women , than any Republican since 1960 .",black
kamala_signals_shes_open_to_spending_trillions_on_racial_reparations.txt_1586,34,34,"Harris ’ remarks come as recent polling , including from CNN this week , has found that Trump is in position to have more support from the black community , including from black",women,", than any Republican since 1960 .",men
kamala_signals_shes_open_to_spending_trillions_on_racial_reparations.txt_1588,9,9,"No matter how you splice the data ,",Trump,seems to be the strongest Republican with Black voters since 1960 . Young Black men in particular have trended right during Trump’s runs ( cutting the Dem margin by 40 pts from 2012 ) .,trump
kamala_signals_shes_open_to_spending_trillions_on_racial_reparations.txt_1588,17,17,"No matter how you splice the data , Trump seems to be the strongest Republican with",Black,voters since 1960 . Young Black men in particular have trended right during Trump’s runs ( cutting the Dem margin by 40 pts from 2012 ) .,black
kamala_signals_shes_open_to_spending_trillions_on_racial_reparations.txt_1588,23,23,"No matter how you splice the data , Trump seems to be the strongest Republican with Black voters since 1960 . Young",Black,men in particular have trended right during Trump’s runs ( cutting the Dem margin by 40 pts from 2012 ) .,black
kamala_signals_shes_open_to_spending_trillions_on_racial_reparations.txt_1588,24,24,"No matter how you splice the data , Trump seems to be the strongest Republican with Black voters since 1960 . Young Black",men,in particular have trended right during Trump’s runs ( cutting the Dem margin by 40 pts from 2012 ) .,men
kamala_signals_shes_open_to_spending_trillions_on_racial_reparations.txt_1588,31,31,"No matter how you splice the data , Trump seems to be the strongest Republican with Black voters since 1960 . Young Black men in particular have trended right during",Trump’s,runs ( cutting the Dem margin by 40 pts from 2012 ) .,trump
kamala_signals_shes_open_to_spending_trillions_on_racial_reparations.txt_1589,2,2,But,Trump’s,doing historically well with Black women too pic.twitter.com / FyUqqDKLjE,trump
kamala_signals_shes_open_to_spending_trillions_on_racial_reparations.txt_1589,7,7,But Trump’s doing historically well with,Black,women too pic.twitter.com / FyUqqDKLjE,black
kamala_signals_shes_open_to_spending_trillions_on_racial_reparations.txt_1589,8,8,But Trump’s doing historically well with Black,women,too pic.twitter.com / FyUqqDKLjE,men
kamala_signals_shes_open_to_spending_trillions_on_racial_reparations.txt_1591,14,14,"It is unclear who would be eligible for reparations , leading many like",Harris,to call for the issue to be studied further .,harris
kamala_signals_shes_open_to_spending_trillions_on_racial_reparations.txt_1592,11,11,A report from the Free Beacon in 2019 said that,Harris,"was the descendant of an Irishman who owned a slave plantation in Jamaica , according to a summary of the family’s ancestry posted by her father .",harris
kamala_signals_shes_open_to_spending_trillions_on_racial_reparations.txt_1593,44,44,"“ My roots go back , within my lifetime , to my paternal grandmother Miss Chrishy ( née Christiana Brown , descendant of Hamilton Brown who is on record as plantation and slave owner and founder of Brown’s Town ) , ” wrote",Harris,"’ father , Marxist economist Donald Harris . The report said that Jamaican records showed Hamilton Brown “ owned scores of slaves , ” the majority of whom was taken from Africa .",harris
kamala_signals_shes_open_to_spending_trillions_on_racial_reparations.txt_1593,50,50,"“ My roots go back , within my lifetime , to my paternal grandmother Miss Chrishy ( née Christiana Brown , descendant of Hamilton Brown who is on record as plantation and slave owner and founder of Brown’s Town ) , ” wrote Harris ’ father , Marxist economist",Donald,"Harris . The report said that Jamaican records showed Hamilton Brown “ owned scores of slaves , ” the majority of whom was taken from Africa .",donald
kamala_signals_shes_open_to_spending_trillions_on_racial_reparations.txt_1593,51,51,"“ My roots go back , within my lifetime , to my paternal grandmother Miss Chrishy ( née Christiana Brown , descendant of Hamilton Brown who is on record as plantation and slave owner and founder of Brown’s Town ) , ” wrote Harris ’ father , Marxist economist Donald",Harris,". The report said that Jamaican records showed Hamilton Brown “ owned scores of slaves , ” the majority of whom was taken from Africa .",harris
kamalas_pathetic_plan_to_bribe_black_voters_with_reparations_and_marijuana.txt_1598,1,1,,Kamala’s,Pathetic Plan To Bribe Black Voters With Reparations And Marijuana,kamala
kamalas_pathetic_plan_to_bribe_black_voters_with_reparations_and_marijuana.txt_1598,6,6,Kamala’s Pathetic Plan To Bribe,Black,Voters With Reparations And Marijuana,black
kamalas_pathetic_plan_to_bribe_black_voters_with_reparations_and_marijuana.txt_1604,1,1,,Kamala,Harris ' campaign is now so underwater among black voters that they're straight-up offering to hand them cash .,kamala
kamalas_pathetic_plan_to_bribe_black_voters_with_reparations_and_marijuana.txt_1604,2,2,Kamala,Harris,' campaign is now so underwater among black voters that they're straight-up offering to hand them cash .,harris
kamalas_pathetic_plan_to_bribe_black_voters_with_reparations_and_marijuana.txt_1604,10,10,Kamala Harris ' campaign is now so underwater among,black,voters that they're straight-up offering to hand them cash .,black
kamalas_pathetic_plan_to_bribe_black_voters_with_reparations_and_marijuana.txt_1605,7,7,There have been a lot of,moments,"in American politics when candidates realize they’re trailing badly in the polls , so they do something extreme in an effort to win some support . It usually doesn’t work out too well . Think of the “ Dean Scream ” back in 2004 , which was supposed to rally",men
kamalas_pathetic_plan_to_bribe_black_voters_with_reparations_and_marijuana.txt_1605,139,139,"if you want to go back further , think of George McGovern’s plan to shake up the race in 1972 by picking a totally unvetted running mate . That was exciting right up until it emerged that his running mate had received electro-shock therapy several times to treat his chronic",mental,illness . McGovern ended up losing 49 states .,men
kamalas_pathetic_plan_to_bribe_black_voters_with_reparations_and_marijuana.txt_1606,16,16,"As we enter the homestretch of the 2024 presidential election , it’s clear that the",Kamala,"Harris campaign now finds itself in a similar desperation mode . They’re trailing badly in pretty much every important poll and prediction market that matters . Kamala Harris and Tim Walz admit that they’re now the “ underdogs ” in the race . And so , inevitably , they’re feeling",kamala
kamalas_pathetic_plan_to_bribe_black_voters_with_reparations_and_marijuana.txt_1606,17,17,"As we enter the homestretch of the 2024 presidential election , it’s clear that the Kamala",Harris,"campaign now finds itself in a similar desperation mode . They’re trailing badly in pretty much every important poll and prediction market that matters . Kamala Harris and Tim Walz admit that they’re now the “ underdogs ” in the race . And so , inevitably , they’re feeling the",harris
kamalas_pathetic_plan_to_bribe_black_voters_with_reparations_and_marijuana.txt_1606,43,43,"As we enter the homestretch of the 2024 presidential election , it’s clear that the Kamala Harris campaign now finds itself in a similar desperation mode . They’re trailing badly in pretty much every important poll and prediction market that matters .",Kamala,"Harris and Tim Walz admit that they’re now the “ underdogs ” in the race . And so , inevitably , they’re feeling the pressure to do something unthinkable in a desperate attempt to win back votes . They have to throw out the playbook and try a new strategy",kamala
kamalas_pathetic_plan_to_bribe_black_voters_with_reparations_and_marijuana.txt_1606,44,44,"As we enter the homestretch of the 2024 presidential election , it’s clear that the Kamala Harris campaign now finds itself in a similar desperation mode . They’re trailing badly in pretty much every important poll and prediction market that matters . Kamala",Harris,"and Tim Walz admit that they’re now the “ underdogs ” in the race . And so , inevitably , they’re feeling the pressure to do something unthinkable in a desperate attempt to win back votes . They have to throw out the playbook and try a new strategy .",harris
kamalas_pathetic_plan_to_bribe_black_voters_with_reparations_and_marijuana.txt_1607,18,18,"In recent days , we’ve learned what this last-minute Hail Mary looks like . It means that",Harris,"will actually go out in public and speak without a script . This clearly wasn’t the plan when she first entered the race . For the first month of her candidacy , Kamala Harris was completely shut off from the media . It was one of the most surreal periods",harris
kamalas_pathetic_plan_to_bribe_black_voters_with_reparations_and_marijuana.txt_1607,51,51,"In recent days , we’ve learned what this last-minute Hail Mary looks like . It means that Harris will actually go out in public and speak without a script . This clearly wasn’t the plan when she first entered the race . For the first month of her candidacy ,",Kamala,Harris was completely shut off from the media . It was one of the most surreal periods in modern presidential politics . We had a presidential nominee who wouldn’t talk to any journalists at all — even journalists who are friendly to her campaign .,kamala
kamalas_pathetic_plan_to_bribe_black_voters_with_reparations_and_marijuana.txt_1607,52,52,"recent days , we’ve learned what this last-minute Hail Mary looks like . It means that Harris will actually go out in public and speak without a script . This clearly wasn’t the plan when she first entered the race . For the first month of her candidacy , Kamala",Harris,was completely shut off from the media . It was one of the most surreal periods in modern presidential politics . We had a presidential nominee who wouldn’t talk to any journalists at all — even journalists who are friendly to her campaign .,harris
kamalas_pathetic_plan_to_bribe_black_voters_with_reparations_and_marijuana.txt_1608,3,3,But now,Harris,"has no choice . She’s facing a blowout loss . So , now she has an interview with Fox News planned for tonight . She’s also participating in “ radio town halls ” with hosts like “ Charlamagne Tha God . ”",harris
kamalas_pathetic_plan_to_bribe_black_voters_with_reparations_and_marijuana.txt_1609,3,3,Unfortunately for,Harris,", already , this strategy isn’t going well . Like so many other Hail Mary’s in presidential politics , it’s backfiring . And it’s backfiring because every single time Harris opens her mouth , it becomes very clear why her campaign was hiding her away for so long .",harris
kamalas_pathetic_plan_to_bribe_black_voters_with_reparations_and_marijuana.txt_1609,33,33,"Unfortunately for Harris , already , this strategy isn’t going well . Like so many other Hail Mary’s in presidential politics , it’s backfiring . And it’s backfiring because every single time",Harris,"opens her mouth , it becomes very clear why her campaign was hiding her away for so long .",harris
kamalas_pathetic_plan_to_bribe_black_voters_with_reparations_and_marijuana.txt_1610,33,33,"Let’s start with one of the questions asked on “ Charlamagne tha God’s ” show , because the question raises a bunch of its own issues . It concerns taxpayer-funded reparations for",black,people . Watch :,black
kamalas_pathetic_plan_to_bribe_black_voters_with_reparations_and_marijuana.txt_1611,3,3,Vice President,Kamala,"Harris says she's open to using taxpayer's money to pay racial reparations : "" It has to be studied , there's no question about that . """,kamala
kamalas_pathetic_plan_to_bribe_black_voters_with_reparations_and_marijuana.txt_1611,4,4,Vice President Kamala,Harris,"says she's open to using taxpayer's money to pay racial reparations : "" It has to be studied , there's no question about that . """,harris
kamalas_pathetic_plan_to_bribe_black_voters_with_reparations_and_marijuana.txt_1615,21,21,"The first thing he says is , “ We all know that America became great on the backs of free",black,"labor . ” So , I guess we’re pretending that slaves didn’t cost anything , for starters . That’s being conflated here with the idea that “ black people weren’t paid . ” That might seem like an irrelevant distinction but actually , it matters quite a bit in relation",black
kamalas_pathetic_plan_to_bribe_black_voters_with_reparations_and_marijuana.txt_1615,49,49,"The first thing he says is , “ We all know that America became great on the backs of free black labor . ” So , I guess we’re pretending that slaves didn’t cost anything , for starters . That’s being conflated here with the idea that “",black,"people weren’t paid . ” That might seem like an irrelevant distinction but actually , it matters quite a bit in relation to the argument he’s making . As a factual matter , slavery involved massive investments that ultimately slowed the progress of this country dramatically . It turned out",black
kamalas_pathetic_plan_to_bribe_black_voters_with_reparations_and_marijuana.txt_1615,74,74,"” So , I guess we’re pretending that slaves didn’t cost anything , for starters . That’s being conflated here with the idea that “ black people weren’t paid . ” That might seem like an irrelevant distinction but actually , it matters quite a bit in relation to the",argument,"he’s making . As a factual matter , slavery involved massive investments that ultimately slowed the progress of this country dramatically . It turned out to be a much worse investment than the alternative .",men
kamalas_pathetic_plan_to_bribe_black_voters_with_reparations_and_marijuana.txt_1615,86,86,", for starters . That’s being conflated here with the idea that “ black people weren’t paid . ” That might seem like an irrelevant distinction but actually , it matters quite a bit in relation to the argument he’s making . As a factual matter , slavery involved massive",investments,that ultimately slowed the progress of this country dramatically . It turned out to be a much worse investment than the alternative .,men
kamalas_pathetic_plan_to_bribe_black_voters_with_reparations_and_marijuana.txt_1615,105,105,"That might seem like an irrelevant distinction but actually , it matters quite a bit in relation to the argument he’s making . As a factual matter , slavery involved massive investments that ultimately slowed the progress of this country dramatically . It turned out to be a much worse",investment,than the alternative .,men
kamalas_pathetic_plan_to_bribe_black_voters_with_reparations_and_marijuana.txt_1616,23,23,"A professor at Brown University named David Meyer has said that , in the South prior to the Civil War , “",investments,"were heavily concentrated in slaves , ” relative to the North . And that led to the South’s failure to , “ to build a deep and broad industrial infrastructure . ” That includes services like railroads and schools . Once slavery was abolished , that infrastructure is what led",men
kamalas_pathetic_plan_to_bribe_black_voters_with_reparations_and_marijuana.txt_1617,67,67,"slavery . The majority of slaves were involved in growing or picking cotton . But as the Foundation for Economic Education has reported , cotton didn’t account for a big portion of the overall U.S . economy . Economic historians , “ have observed that although cotton exports comprised a",tremendous,"share of total exports prior to the Civil War , they accounted for only around 5 percent of the nation’s overall gross domestic product , an important contribution but not the backbone of American economic development . ”",men
kamalas_pathetic_plan_to_bribe_black_voters_with_reparations_and_marijuana.txt_1617,103,103,"economy . Economic historians , “ have observed that although cotton exports comprised a tremendous share of total exports prior to the Civil War , they accounted for only around 5 percent of the nation’s overall gross domestic product , an important contribution but not the backbone of American economic",development,. ”,men
kamalas_pathetic_plan_to_bribe_black_voters_with_reparations_and_marijuana.txt_1618,9,9,"So , if you’re saying that slavery was",instrumental,"to this country’s success , you’re vastly overstating the case . And it’s an argument that applies to many other countries far more credibly than it applies to ours . Africa was the last continent to officially abolish slavery , and that didn’t happen until the 1980s . So ,",men
kamalas_pathetic_plan_to_bribe_black_voters_with_reparations_and_marijuana.txt_1618,24,24,"So , if you’re saying that slavery was instrumental to this country’s success , you’re vastly overstating the case . And it’s an",argument,"that applies to many other countries far more credibly than it applies to ours . Africa was the last continent to officially abolish slavery , and that didn’t happen until the 1980s . So , why exactly is this America’s burden to bear ? Why are we uniquely responsible for",men
kamalas_pathetic_plan_to_bribe_black_voters_with_reparations_and_marijuana.txt_1619,8,8,"And for that matter , when is",Kamala,"Harris going to pay her reparations ? The Washington Free Beacon has reported that Harris was the “ descendant of an Irishman who owned a slave plantation in Jamaica . ” So , why hasn’t she pulled a Robin DiAngelo and opened her purse to offer black Americans some of",kamala
kamalas_pathetic_plan_to_bribe_black_voters_with_reparations_and_marijuana.txt_1619,9,9,"And for that matter , when is Kamala",Harris,"going to pay her reparations ? The Washington Free Beacon has reported that Harris was the “ descendant of an Irishman who owned a slave plantation in Jamaica . ” So , why hasn’t she pulled a Robin DiAngelo and opened her purse to offer black Americans some of her",harris
kamalas_pathetic_plan_to_bribe_black_voters_with_reparations_and_marijuana.txt_1619,23,23,"And for that matter , when is Kamala Harris going to pay her reparations ? The Washington Free Beacon has reported that",Harris,"was the “ descendant of an Irishman who owned a slave plantation in Jamaica . ” So , why hasn’t she pulled a Robin DiAngelo and opened her purse to offer black Americans some of her own money ? She hasn’t even handed over a single dollar as far as",harris
kamalas_pathetic_plan_to_bribe_black_voters_with_reparations_and_marijuana.txt_1619,55,55,", when is Kamala Harris going to pay her reparations ? The Washington Free Beacon has reported that Harris was the “ descendant of an Irishman who owned a slave plantation in Jamaica . ” So , why hasn’t she pulled a Robin DiAngelo and opened her purse to offer",black,"Americans some of her own money ? She hasn’t even handed over a single dollar as far as I can tell , much less 20 dollars . It’s an outrage .",black
kamalas_pathetic_plan_to_bribe_black_voters_with_reparations_and_marijuana.txt_1620,6,6,But it’s not one that,Harris,has ever addressed . Maybe she’ll explain her reasoning in my next movie .,harris
kamalas_pathetic_plan_to_bribe_black_voters_with_reparations_and_marijuana.txt_1621,11,11,"Instead , in this “ radio town hall , ”",Harris,predictably chose to focus on the “ systemic ” ideal of reparations . And here’s her plan in that regard :,harris
kamalas_pathetic_plan_to_bribe_black_voters_with_reparations_and_marijuana.txt_1622,3,3,Vice President,Kamala,"Harris says she's open to using taxpayer's money to pay racial reparations : "" It has to be studied , there's no question about that . """,kamala
kamalas_pathetic_plan_to_bribe_black_voters_with_reparations_and_marijuana.txt_1622,4,4,Vice President Kamala,Harris,"says she's open to using taxpayer's money to pay racial reparations : "" It has to be studied , there's no question about that . """,harris
kamalas_pathetic_plan_to_bribe_black_voters_with_reparations_and_marijuana.txt_1626,57,57,"up in a middle-class family or whatever , even though she didn’t actually grow up in a middle-class family , and even though ( as always ) it’s completely irrelevant to what she’s talking about . But already — just from this short , 30-second answer — it’s clear that",Harris,"herself doesn’t even know what she’s saying . In response to that question about reparations , here’s what she just said : “ It has to be studied . I’ve been very clear about that position . ”",harris
kamalas_pathetic_plan_to_bribe_black_voters_with_reparations_and_marijuana.txt_1627,21,21,But she hasn’t been “ very clear ” about that position . In fact you can find multiple clips of,Harris,"stating that she supports reparations . She doesn’t support a “ study ” of reparations , she actually thinks they should be paid out , in some form . Watch :",harris
kamalas_pathetic_plan_to_bribe_black_voters_with_reparations_and_marijuana.txt_1628,1,1,,Kamala,says she’s in favor of reparations because America is racist and there are inequities including Black people not being able to vote pic.twitter.com / DFlafInsJd,kamala
kamalas_pathetic_plan_to_bribe_black_voters_with_reparations_and_marijuana.txt_1628,17,17,Kamala says she’s in favor of reparations because America is racist and there are inequities including,Black,people not being able to vote pic.twitter.com / DFlafInsJd,black
kamalas_pathetic_plan_to_bribe_black_voters_with_reparations_and_marijuana.txt_1632,2,2,–,Kamala,Harris,kamala
kamalas_pathetic_plan_to_bribe_black_voters_with_reparations_and_marijuana.txt_1632,3,3,– Kamala,Harris,,harris
kamalas_pathetic_plan_to_bribe_black_voters_with_reparations_and_marijuana.txt_1636,14,14,"So , this is , once again , a complete retreat from what",Kamala,"Harris previously claimed to believe . We can add it to the list of policies that she supported back in California , but disavows now . That’s a list that includes decriminalizing illegal immigration , providing free healthcare to illegals , abolishing private health insurance , banning gas-powered cars ,",kamala
kamalas_pathetic_plan_to_bribe_black_voters_with_reparations_and_marijuana.txt_1636,15,15,"So , this is , once again , a complete retreat from what Kamala",Harris,"previously claimed to believe . We can add it to the list of policies that she supported back in California , but disavows now . That’s a list that includes decriminalizing illegal immigration , providing free healthcare to illegals , abolishing private health insurance , banning gas-powered cars , banning",harris
kamalas_pathetic_plan_to_bribe_black_voters_with_reparations_and_marijuana.txt_1636,48,48,"So , this is , once again , a complete retreat from what Kamala Harris previously claimed to believe . We can add it to the list of policies that she supported back in California , but disavows now . That’s a list that includes decriminalizing illegal",immigration,", providing free healthcare to illegals , abolishing private health insurance , banning gas-powered cars , banning fracking , confiscating guns , and so on . Now “ taxpayer-funded reparations ” are on the chopping block , at least temporarily . Now Harris says that reparations must be “ studied",immigration
kamalas_pathetic_plan_to_bribe_black_voters_with_reparations_and_marijuana.txt_1636,91,91,"That’s a list that includes decriminalizing illegal immigration , providing free healthcare to illegals , abolishing private health insurance , banning gas-powered cars , banning fracking , confiscating guns , and so on . Now “ taxpayer-funded reparations ” are on the chopping block , at least temporarily . Now",Harris,says that reparations must be “ studied . ”,harris
kamalas_pathetic_plan_to_bribe_black_voters_with_reparations_and_marijuana.txt_1637,11,11,But that’s already happened too . And it happened in,Harris,"’ home state of California , as I discussed earlier this year , all the way back in February . California established a “ reparations task force . ” That task force suggested that it would be a good idea to pay more than a million dollars to every descendant",harris
kamalas_pathetic_plan_to_bribe_black_voters_with_reparations_and_marijuana.txt_1637,101,101,"idea to pay more than a million dollars to every descendant of a slave — which , altogether , would cost something like a trillion dollars . And then a bunch of lawmakers decided to reel that back in . They suggested that “ reparations ” shouldn’t consist of cash",payments,"after all , after Gavin Newsom pointed out that the state is broke and doesn’t have the ability to pay anything . This was a whole conversation that lasted for years , in Harris ’ home state . But apparently she’s not aware of this conversation . She wants to",men
kamalas_pathetic_plan_to_bribe_black_voters_with_reparations_and_marijuana.txt_1637,135,135,"to reel that back in . They suggested that “ reparations ” shouldn’t consist of cash payments after all , after Gavin Newsom pointed out that the state is broke and doesn’t have the ability to pay anything . This was a whole conversation that lasted for years , in",Harris,"’ home state . But apparently she’s not aware of this conversation . She wants to keep having it , again and again , for the rest of time .",harris
kamalas_pathetic_plan_to_bribe_black_voters_with_reparations_and_marijuana.txt_1638,13,13,This is a dodge that’s meant to hide the fact that the,Biden-Harris,"administration has already announced massive race-based reparations plans , and continues to do so . They started with billions of dollars in race-based aid to black farmers . They continued with various affirmative action programs in the government — which , as I outlined last week , now involves filing",harris
kamalas_pathetic_plan_to_bribe_black_voters_with_reparations_and_marijuana.txt_1638,39,39,"This is a dodge that’s meant to hide the fact that the Biden-Harris administration has already announced massive race-based reparations plans , and continues to do so . They started with billions of dollars in race-based aid to",black,"farmers . They continued with various affirmative action programs in the government — which , as I outlined last week , now involves filing a lawsuit against any fire department or police department that declines to hire black people , regardless of how unqualified they are . And just the",black
kamalas_pathetic_plan_to_bribe_black_voters_with_reparations_and_marijuana.txt_1638,51,51,"This is a dodge that’s meant to hide the fact that the Biden-Harris administration has already announced massive race-based reparations plans , and continues to do so . They started with billions of dollars in race-based aid to black farmers . They continued with various affirmative action programs in the",government,"— which , as I outlined last week , now involves filing a lawsuit against any fire department or police department that declines to hire black people , regardless of how unqualified they are . And just the other day , Kamala Harris herself personally announced an openly racist policy",men
kamalas_pathetic_plan_to_bribe_black_voters_with_reparations_and_marijuana.txt_1638,69,69,"race-based reparations plans , and continues to do so . They started with billions of dollars in race-based aid to black farmers . They continued with various affirmative action programs in the government — which , as I outlined last week , now involves filing a lawsuit against any fire",department,"or police department that declines to hire black people , regardless of how unqualified they are . And just the other day , Kamala Harris herself personally announced an openly racist policy to send money directly to black people , solely because they’re black . Here’s an image of the",men
kamalas_pathetic_plan_to_bribe_black_voters_with_reparations_and_marijuana.txt_1638,72,72,", and continues to do so . They started with billions of dollars in race-based aid to black farmers . They continued with various affirmative action programs in the government — which , as I outlined last week , now involves filing a lawsuit against any fire department or police",department,"that declines to hire black people , regardless of how unqualified they are . And just the other day , Kamala Harris herself personally announced an openly racist policy to send money directly to black people , solely because they’re black . Here’s an image of the plan Kamala Harris",men
kamalas_pathetic_plan_to_bribe_black_voters_with_reparations_and_marijuana.txt_1638,77,77,"so . They started with billions of dollars in race-based aid to black farmers . They continued with various affirmative action programs in the government — which , as I outlined last week , now involves filing a lawsuit against any fire department or police department that declines to hire",black,"people , regardless of how unqualified they are . And just the other day , Kamala Harris herself personally announced an openly racist policy to send money directly to black people , solely because they’re black . Here’s an image of the plan Kamala Harris ’ account posted on social",black
kamalas_pathetic_plan_to_bribe_black_voters_with_reparations_and_marijuana.txt_1638,93,93,"continued with various affirmative action programs in the government — which , as I outlined last week , now involves filing a lawsuit against any fire department or police department that declines to hire black people , regardless of how unqualified they are . And just the other day ,",Kamala,"Harris herself personally announced an openly racist policy to send money directly to black people , solely because they’re black . Here’s an image of the plan Kamala Harris ’ account posted on social media :",kamala
kamalas_pathetic_plan_to_bribe_black_voters_with_reparations_and_marijuana.txt_1638,94,94,"with various affirmative action programs in the government — which , as I outlined last week , now involves filing a lawsuit against any fire department or police department that declines to hire black people , regardless of how unqualified they are . And just the other day , Kamala",Harris,"herself personally announced an openly racist policy to send money directly to black people , solely because they’re black . Here’s an image of the plan Kamala Harris ’ account posted on social media :",harris
kamalas_pathetic_plan_to_bribe_black_voters_with_reparations_and_marijuana.txt_1638,107,107,"outlined last week , now involves filing a lawsuit against any fire department or police department that declines to hire black people , regardless of how unqualified they are . And just the other day , Kamala Harris herself personally announced an openly racist policy to send money directly to",black,"people , solely because they’re black . Here’s an image of the plan Kamala Harris ’ account posted on social media :",black
kamalas_pathetic_plan_to_bribe_black_voters_with_reparations_and_marijuana.txt_1638,113,113,"filing a lawsuit against any fire department or police department that declines to hire black people , regardless of how unqualified they are . And just the other day , Kamala Harris herself personally announced an openly racist policy to send money directly to black people , solely because they’re",black,. Here’s an image of the plan Kamala Harris ’ account posted on social media :,black
kamalas_pathetic_plan_to_bribe_black_voters_with_reparations_and_marijuana.txt_1638,121,121,"police department that declines to hire black people , regardless of how unqualified they are . And just the other day , Kamala Harris herself personally announced an openly racist policy to send money directly to black people , solely because they’re black . Here’s an image of the plan",Kamala,Harris ’ account posted on social media :,kamala
kamalas_pathetic_plan_to_bribe_black_voters_with_reparations_and_marijuana.txt_1638,122,122,"department that declines to hire black people , regardless of how unqualified they are . And just the other day , Kamala Harris herself personally announced an openly racist policy to send money directly to black people , solely because they’re black . Here’s an image of the plan Kamala",Harris,’ account posted on social media :,harris
kamalas_pathetic_plan_to_bribe_black_voters_with_reparations_and_marijuana.txt_1639,1,1,,Black,men deserve a president who cares about making their lives better . pic.twitter.com / cUCdsvvYZ6,black
kamalas_pathetic_plan_to_bribe_black_voters_with_reparations_and_marijuana.txt_1639,2,2,Black,men,deserve a president who cares about making their lives better . pic.twitter.com / cUCdsvvYZ6,men
kamalas_pathetic_plan_to_bribe_black_voters_with_reparations_and_marijuana.txt_1640,2,2,—,Kamala,"Harris ( @KamalaHarris ) October 15 , 2024",kamala
kamalas_pathetic_plan_to_bribe_black_voters_with_reparations_and_marijuana.txt_1640,3,3,— Kamala,Harris,"( @KamalaHarris ) October 15 , 2024",harris
kamalas_pathetic_plan_to_bribe_black_voters_with_reparations_and_marijuana.txt_1640,5,5,— Kamala Harris (,@KamalaHarris,") October 15 , 2024",kamala
kamalas_pathetic_plan_to_bribe_black_voters_with_reparations_and_marijuana.txt_1640,5,5,— Kamala Harris (,@KamalaHarris,") October 15 , 2024",harris
kamalas_pathetic_plan_to_bribe_black_voters_with_reparations_and_marijuana.txt_1642,22,22,Here are the key bullet points : “ Provide 1 million loans that are fully forgivable up to $ 20k for,Black,entrepreneurs and others to start a business . … Protect cryptocurrency investments so Black men who make them know their money is safe . … . Legalize recreational marijuana and create opportunities for Black Americans to succeed in this new industry . ”,black
kamalas_pathetic_plan_to_bribe_black_voters_with_reparations_and_marijuana.txt_1642,34,34,Here are the key bullet points : “ Provide 1 million loans that are fully forgivable up to $ 20k for Black entrepreneurs and others to start a business . … Protect cryptocurrency,investments,so Black men who make them know their money is safe . … . Legalize recreational marijuana and create opportunities for Black Americans to succeed in this new industry . ”,men
kamalas_pathetic_plan_to_bribe_black_voters_with_reparations_and_marijuana.txt_1642,36,36,Here are the key bullet points : “ Provide 1 million loans that are fully forgivable up to $ 20k for Black entrepreneurs and others to start a business . … Protect cryptocurrency investments so,Black,men who make them know their money is safe . … . Legalize recreational marijuana and create opportunities for Black Americans to succeed in this new industry . ”,black
kamalas_pathetic_plan_to_bribe_black_voters_with_reparations_and_marijuana.txt_1642,37,37,Here are the key bullet points : “ Provide 1 million loans that are fully forgivable up to $ 20k for Black entrepreneurs and others to start a business . … Protect cryptocurrency investments so Black,men,who make them know their money is safe . … . Legalize recreational marijuana and create opportunities for Black Americans to succeed in this new industry . ”,men
kamalas_pathetic_plan_to_bribe_black_voters_with_reparations_and_marijuana.txt_1642,56,56,points : “ Provide 1 million loans that are fully forgivable up to $ 20k for Black entrepreneurs and others to start a business . … Protect cryptocurrency investments so Black men who make them know their money is safe . … . Legalize recreational marijuana and create opportunities for,Black,Americans to succeed in this new industry . ”,black
kamalas_pathetic_plan_to_bribe_black_voters_with_reparations_and_marijuana.txt_1643,25,25,"So , first of all , a loan that’s “ fully forgivable ” isn’t actually a loan . It’s a cash payout . The",government,"is never going to see any of that money back . But even if this were just a loan , it’d still be a completely unconstitutional , overtly anti-white policy , to the point that it’s insane that any presidential candidate would ever put this in writing . This is",men
kamalas_pathetic_plan_to_bribe_black_voters_with_reparations_and_marijuana.txt_1643,88,88,"even if this were just a loan , it’d still be a completely unconstitutional , overtly anti-white policy , to the point that it’s insane that any presidential candidate would ever put this in writing . This is a stage of desperation that has no parallel in American politics .",Kamala,"Harris ’ campaign is now so underwater among black voters that they’re straight-up offering to hand them cash , and get them some weed .",kamala
kamalas_pathetic_plan_to_bribe_black_voters_with_reparations_and_marijuana.txt_1643,89,89,"if this were just a loan , it’d still be a completely unconstitutional , overtly anti-white policy , to the point that it’s insane that any presidential candidate would ever put this in writing . This is a stage of desperation that has no parallel in American politics . Kamala",Harris,"’ campaign is now so underwater among black voters that they’re straight-up offering to hand them cash , and get them some weed .",harris
kamalas_pathetic_plan_to_bribe_black_voters_with_reparations_and_marijuana.txt_1643,97,97,"still be a completely unconstitutional , overtly anti-white policy , to the point that it’s insane that any presidential candidate would ever put this in writing . This is a stage of desperation that has no parallel in American politics . Kamala Harris ’ campaign is now so underwater among",black,"voters that they’re straight-up offering to hand them cash , and get them some weed .",black
kamalas_pathetic_plan_to_bribe_black_voters_with_reparations_and_marijuana.txt_1644,10,10,"Oh , and they’re going to “ protect cryptocurrency",investments,"so black men know their money is safe . ” You can read that 20 times , and still have no idea what they’re talking about . Does Bitcoin work differently for black people ? And why wouldn’t we want to make sure that everyone — not just black people",men
kamalas_pathetic_plan_to_bribe_black_voters_with_reparations_and_marijuana.txt_1644,12,12,"Oh , and they’re going to “ protect cryptocurrency investments so",black,"men know their money is safe . ” You can read that 20 times , and still have no idea what they’re talking about . Does Bitcoin work differently for black people ? And why wouldn’t we want to make sure that everyone — not just black people — feel",black
kamalas_pathetic_plan_to_bribe_black_voters_with_reparations_and_marijuana.txt_1644,13,13,"Oh , and they’re going to “ protect cryptocurrency investments so black",men,"know their money is safe . ” You can read that 20 times , and still have no idea what they’re talking about . Does Bitcoin work differently for black people ? And why wouldn’t we want to make sure that everyone — not just black people — feel that",men
kamalas_pathetic_plan_to_bribe_black_voters_with_reparations_and_marijuana.txt_1644,43,43,"Oh , and they’re going to “ protect cryptocurrency investments so black men know their money is safe . ” You can read that 20 times , and still have no idea what they’re talking about . Does Bitcoin work differently for",black,people ? And why wouldn’t we want to make sure that everyone — not just black people — feel that their crypto is “ safe ” ? No one knows . Kamala Harris doesn’t know . Imagine asking her to explain what that line means . She probably has no,black
kamalas_pathetic_plan_to_bribe_black_voters_with_reparations_and_marijuana.txt_1644,59,59,"cryptocurrency investments so black men know their money is safe . ” You can read that 20 times , and still have no idea what they’re talking about . Does Bitcoin work differently for black people ? And why wouldn’t we want to make sure that everyone — not just",black,people — feel that their crypto is “ safe ” ? No one knows . Kamala Harris doesn’t know . Imagine asking her to explain what that line means . She probably has no idea someone wrote that and posted it to her account .,black
kamalas_pathetic_plan_to_bribe_black_voters_with_reparations_and_marijuana.txt_1644,75,75,"20 times , and still have no idea what they’re talking about . Does Bitcoin work differently for black people ? And why wouldn’t we want to make sure that everyone — not just black people — feel that their crypto is “ safe ” ? No one knows .",Kamala,Harris doesn’t know . Imagine asking her to explain what that line means . She probably has no idea someone wrote that and posted it to her account .,kamala
kamalas_pathetic_plan_to_bribe_black_voters_with_reparations_and_marijuana.txt_1644,76,76,"times , and still have no idea what they’re talking about . Does Bitcoin work differently for black people ? And why wouldn’t we want to make sure that everyone — not just black people — feel that their crypto is “ safe ” ? No one knows . Kamala",Harris,doesn’t know . Imagine asking her to explain what that line means . She probably has no idea someone wrote that and posted it to her account .,harris
kamalas_pathetic_plan_to_bribe_black_voters_with_reparations_and_marijuana.txt_1645,24,24,"What’s underlying all of these proposals isn’t just anti-white racism , although that’s a big part of it . This is also about",Kamala,"Harris ’ deep and abiding disdain for America and its history . This alone makes her unqualified for the position she’s seeking . It’s the same reason she posted on social media the other day about “ Indigenous People’s Day , ” instead of Columbus Day . She’s previously gone",kamala
kamalas_pathetic_plan_to_bribe_black_voters_with_reparations_and_marijuana.txt_1645,25,25,"What’s underlying all of these proposals isn’t just anti-white racism , although that’s a big part of it . This is also about Kamala",Harris,"’ deep and abiding disdain for America and its history . This alone makes her unqualified for the position she’s seeking . It’s the same reason she posted on social media the other day about “ Indigenous People’s Day , ” instead of Columbus Day . She’s previously gone on",harris
kamalas_pathetic_plan_to_bribe_black_voters_with_reparations_and_marijuana.txt_1646,1,1,,Kamala,"Harris : I'll eliminate Columbus Day , make it Indigenous People's Day pic.twitter.com / sM2Um8YrFF",kamala
kamalas_pathetic_plan_to_bribe_black_voters_with_reparations_and_marijuana.txt_1646,2,2,Kamala,Harris,": I'll eliminate Columbus Day , make it Indigenous People's Day pic.twitter.com / sM2Um8YrFF",harris
kamalas_pathetic_plan_to_bribe_black_voters_with_reparations_and_marijuana.txt_1649,28,28,We’re at a point in this country where the political Left and Right celebrate different national holidays . And we’re in this position because of politicians like,Kamala,"Harris , who have nothing to offer . So , in the absence of any substance , she’s trying to destroy anything Americans have in common . She’s trying to revise America’s history , which is the go-to move for communist dictators throughout the ages . And for good measure",kamala
kamalas_pathetic_plan_to_bribe_black_voters_with_reparations_and_marijuana.txt_1649,29,29,We’re at a point in this country where the political Left and Right celebrate different national holidays . And we’re in this position because of politicians like Kamala,Harris,", who have nothing to offer . So , in the absence of any substance , she’s trying to destroy anything Americans have in common . She’s trying to revise America’s history , which is the go-to move for communist dictators throughout the ages . And for good measure ,",harris
kamalas_pathetic_plan_to_bribe_black_voters_with_reparations_and_marijuana.txt_1650,4,4,Fortunately for the,Trump,"campaign , Kamala Harris isn’t capable of hiding any of this . Every time she sits down for an interview , Kamala Harris makes it very clear she doesn’t know anything . She also doesn’t have any idea what she’s saying . She wants to simultaneously signal that she’s backing",trump
kamalas_pathetic_plan_to_bribe_black_voters_with_reparations_and_marijuana.txt_1650,7,7,"Fortunately for the Trump campaign ,",Kamala,"Harris isn’t capable of hiding any of this . Every time she sits down for an interview , Kamala Harris makes it very clear she doesn’t know anything . She also doesn’t have any idea what she’s saying . She wants to simultaneously signal that she’s backing off reparations ,",kamala
kamalas_pathetic_plan_to_bribe_black_voters_with_reparations_and_marijuana.txt_1650,8,8,"Fortunately for the Trump campaign , Kamala",Harris,"isn’t capable of hiding any of this . Every time she sits down for an interview , Kamala Harris makes it very clear she doesn’t know anything . She also doesn’t have any idea what she’s saying . She wants to simultaneously signal that she’s backing off reparations , even",harris
kamalas_pathetic_plan_to_bribe_black_voters_with_reparations_and_marijuana.txt_1650,26,26,"Fortunately for the Trump campaign , Kamala Harris isn’t capable of hiding any of this . Every time she sits down for an interview ,",Kamala,"Harris makes it very clear she doesn’t know anything . She also doesn’t have any idea what she’s saying . She wants to simultaneously signal that she’s backing off reparations , even as she proposes explicit payments to Americans on the basis of their skin color . This is the",kamala
kamalas_pathetic_plan_to_bribe_black_voters_with_reparations_and_marijuana.txt_1650,27,27,"Fortunately for the Trump campaign , Kamala Harris isn’t capable of hiding any of this . Every time she sits down for an interview , Kamala",Harris,"makes it very clear she doesn’t know anything . She also doesn’t have any idea what she’s saying . She wants to simultaneously signal that she’s backing off reparations , even as she proposes explicit payments to Americans on the basis of their skin color . This is the kind",harris
kamalas_pathetic_plan_to_bribe_black_voters_with_reparations_and_marijuana.txt_1650,63,63,"any of this . Every time she sits down for an interview , Kamala Harris makes it very clear she doesn’t know anything . She also doesn’t have any idea what she’s saying . She wants to simultaneously signal that she’s backing off reparations , even as she proposes explicit",payments,to Americans on the basis of their skin color . This is the kind of incoherence that defines the last days of a desperate campaign . And it’s a sign that Kamala Harris ’ campaign — like so many other transparent train wrecks in modern politics — is on a,men
kamalas_pathetic_plan_to_bribe_black_voters_with_reparations_and_marijuana.txt_1650,95,95,"saying . She wants to simultaneously signal that she’s backing off reparations , even as she proposes explicit payments to Americans on the basis of their skin color . This is the kind of incoherence that defines the last days of a desperate campaign . And it’s a sign that",Kamala,Harris ’ campaign — like so many other transparent train wrecks in modern politics — is on a path to a very public implosion in just a couple of weeks .,kamala
kamalas_pathetic_plan_to_bribe_black_voters_with_reparations_and_marijuana.txt_1650,96,96,". She wants to simultaneously signal that she’s backing off reparations , even as she proposes explicit payments to Americans on the basis of their skin color . This is the kind of incoherence that defines the last days of a desperate campaign . And it’s a sign that Kamala",Harris,’ campaign — like so many other transparent train wrecks in modern politics — is on a path to a very public implosion in just a couple of weeks .,harris
kamalas_pathetic_plan_to_bribe_black_voters_with_reparations_and_marijuana.txt_1650,104,104,"backing off reparations , even as she proposes explicit payments to Americans on the basis of their skin color . This is the kind of incoherence that defines the last days of a desperate campaign . And it’s a sign that Kamala Harris ’ campaign — like so many other",transparent,train wrecks in modern politics — is on a path to a very public implosion in just a couple of weeks .,trans
kamalas_staged_hurricane_call_to_florida_mayor_was_edited_to_remove_self_praise_report.txt_1656,1,1,,Kamala’s,Staged Hurricane Call To Florida Mayor Was Edited To Remove Self-Praise : Report,kamala
kamalas_staged_hurricane_call_to_florida_mayor_was_edited_to_remove_self_praise_report.txt_1662,1,1,,Harris,"called herself a "" devout public servant , "" bemoaned "" bureaucracy "" in deleted section",harris
kamalas_staged_hurricane_call_to_florida_mayor_was_edited_to_remove_self_praise_report.txt_1663,10,10,"As Hurricane Milton was approaching Florida , Vice President",Kamala,"Harris posted a video of herself on a phone call with St . Petersburg , Florida , Mayor Ken Welch pretending to have some role in hurricane preparedness .",kamala
kamalas_staged_hurricane_call_to_florida_mayor_was_edited_to_remove_self_praise_report.txt_1663,11,11,"As Hurricane Milton was approaching Florida , Vice President Kamala",Harris,"posted a video of herself on a phone call with St . Petersburg , Florida , Mayor Ken Welch pretending to have some role in hurricane preparedness .",harris
kamalas_staged_hurricane_call_to_florida_mayor_was_edited_to_remove_self_praise_report.txt_1665,32,32,"“ I am a devout public servant , but I know how bureaucracy and red tape can get in the way of getting stuff done in a timely manner , ”",Harris,"said in the removed section , according to a copy of a more complete recording obtained by the Post .",harris
kamalas_staged_hurricane_call_to_florida_mayor_was_edited_to_remove_self_praise_report.txt_1666,5,5,Another revision removed a,comment,"from Harris coaching Welch , a fellow Democrat , on how to stand tall for his constituents .",men
kamalas_staged_hurricane_call_to_florida_mayor_was_edited_to_remove_self_praise_report.txt_1666,7,7,Another revision removed a comment from,Harris,"coaching Welch , a fellow Democrat , on how to stand tall for his constituents .",harris
kamalas_staged_hurricane_call_to_florida_mayor_was_edited_to_remove_self_praise_report.txt_1667,42,42,"“ Your folks are looking in your eyes to make sure and see something in you that lets them know everything’s going to be OK , and sometimes you know everything’s going to be OK , sometimes you don’t , ”",Harris,said in the original version of the conversation .,harris
kamalas_staged_hurricane_call_to_florida_mayor_was_edited_to_remove_self_praise_report.txt_1670,16,16,"There were other minor revisions , according to the Post , including one instance of",Harris,saying “ you know ” as a filler phrase .,harris
kamalas_staged_hurricane_call_to_florida_mayor_was_edited_to_remove_self_praise_report.txt_1671,1,1,,Harris,posted the Welch conversation as she was trying to claim Florida Gov . Ron DeSantis ( R ) refused to take her phone call . Harris had called DeSantis “ utterly irresponsible ” and “ selfish ” even though disaster had just struck Florida and the vice president had no,harris
kamalas_staged_hurricane_call_to_florida_mayor_was_edited_to_remove_self_praise_report.txt_1671,27,27,Harris posted the Welch conversation as she was trying to claim Florida Gov . Ron DeSantis ( R ) refused to take her phone call .,Harris,"had called DeSantis “ utterly irresponsible ” and “ selfish ” even though disaster had just struck Florida and the vice president had no role in disaster relief , The Daily Wire reported at the time .",harris
kamalas_staged_hurricane_call_to_florida_mayor_was_edited_to_remove_self_praise_report.txt_1674,6,6,DeSantis also pushed back on,Harris,"’ claims about a phone call , saying he had never received calls from her before and she had never been involved in any of his administration’s disaster response efforts previously . He added that she had “ no role ” in the process and wasn’t even in the chain",harris
kamalas_staged_hurricane_call_to_florida_mayor_was_edited_to_remove_self_praise_report.txt_1675,4,4,The revelation that,Harris,"had to edit her phone conversation with Welch comes as CBS News faces its own editing scandal involving Harris . CBS edited one of Harris ’ “ 60 Minutes ” answers , and now U.S . Senators are calling for the network to release the full transcript of Harris ’",harris
kamalas_staged_hurricane_call_to_florida_mayor_was_edited_to_remove_self_praise_report.txt_1675,23,23,The revelation that Harris had to edit her phone conversation with Welch comes as CBS News faces its own editing scandal involving,Harris,". CBS edited one of Harris ’ “ 60 Minutes ” answers , and now U.S . Senators are calling for the network to release the full transcript of Harris ’ interview , The Daily Wire reported .",harris
kamalas_staged_hurricane_call_to_florida_mayor_was_edited_to_remove_self_praise_report.txt_1675,29,29,The revelation that Harris had to edit her phone conversation with Welch comes as CBS News faces its own editing scandal involving Harris . CBS edited one of,Harris,"’ “ 60 Minutes ” answers , and now U.S . Senators are calling for the network to release the full transcript of Harris ’ interview , The Daily Wire reported .",harris
kamalas_staged_hurricane_call_to_florida_mayor_was_edited_to_remove_self_praise_report.txt_1675,51,51,"The revelation that Harris had to edit her phone conversation with Welch comes as CBS News faces its own editing scandal involving Harris . CBS edited one of Harris ’ “ 60 Minutes ” answers , and now U.S . Senators are calling for the network to release the full",transcript,"of Harris ’ interview , The Daily Wire reported .",trans
kamalas_staged_hurricane_call_to_florida_mayor_was_edited_to_remove_self_praise_report.txt_1675,53,53,"that Harris had to edit her phone conversation with Welch comes as CBS News faces its own editing scandal involving Harris . CBS edited one of Harris ’ “ 60 Minutes ” answers , and now U.S . Senators are calling for the network to release the full transcript of",Harris,"’ interview , The Daily Wire reported .",harris
kamalas_staged_hurricane_call_to_florida_mayor_was_edited_to_remove_self_praise_report.txt_1676,4,4,CBS initially posted,Harris,’ response to a question about Israel that did not match the version of her answer that aired on TV .,harris
kamalas_staged_hurricane_call_to_florida_mayor_was_edited_to_remove_self_praise_report.txt_1677,9,9,"In the original clip posted by CBS ,",Harris,"said : “ The work that we have done has resulted in a number of movements in that region by Israel that were very much prompted by or a result of many things , including our advocacy for what needs to happen in the region . ”",harris
kamalas_staged_hurricane_call_to_florida_mayor_was_edited_to_remove_self_praise_report.txt_1677,25,25,"In the original clip posted by CBS , Harris said : “ The work that we have done has resulted in a number of",movements,"in that region by Israel that were very much prompted by or a result of many things , including our advocacy for what needs to happen in the region . ”",men
kamalas_staged_hurricane_call_to_florida_mayor_was_edited_to_remove_self_praise_report.txt_1678,13,13,But the full interview edited out that answer and replaced it with,Harris,saying something from a completely different question .,harris
kamalas_wins_viral_source_of_pro_kamala_misinformation_was_launched_by_biden_admin_employee.txt_1683,4,4,Viral Account Pushing,Pro-Kamala,Misinformation Was Launched By Biden Admin Employee,kamala
kamalas_wins_viral_source_of_pro_kamala_misinformation_was_launched_by_biden_admin_employee.txt_1689,4,4,Founder of ‘,Kamala's,"Wins ’ account is working in Biden-Harris admin , earning taxpayer-funded salary",kamala
kamalas_wins_viral_source_of_pro_kamala_misinformation_was_launched_by_biden_admin_employee.txt_1689,11,11,Founder of ‘ Kamala's Wins ’ account is working in,Biden-Harris,"admin , earning taxpayer-funded salary",harris
kamalas_wins_viral_source_of_pro_kamala_misinformation_was_launched_by_biden_admin_employee.txt_1690,2,2,When,Kamala,"Harris took Joe Biden’s spot at the top of the Democratic presidential ticket , she also replaced him as the focus of Democrats ’ favorite X account .",kamala
kamalas_wins_viral_source_of_pro_kamala_misinformation_was_launched_by_biden_admin_employee.txt_1690,3,3,When Kamala,Harris,"took Joe Biden’s spot at the top of the Democratic presidential ticket , she also replaced him as the focus of Democrats ’ favorite X account .",harris
kamalas_wins_viral_source_of_pro_kamala_misinformation_was_launched_by_biden_admin_employee.txt_1691,15,15,"In July , the popular “ Biden’s Wins ” account rebranded itself to “",Kamala’s,"Wins , ” and now boasts that it’s the “ largest online community supporting soon to be President Kamala Harris . ” With over 765,000 followers , the account sits at the center of a Democratic influence operation , pushing false narratives to millions of potential voters . And its",kamala
kamalas_wins_viral_source_of_pro_kamala_misinformation_was_launched_by_biden_admin_employee.txt_1691,34,34,"In July , the popular “ Biden’s Wins ” account rebranded itself to “ Kamala’s Wins , ” and now boasts that it’s the “ largest online community supporting soon to be President",Kamala,"Harris . ” With over 765,000 followers , the account sits at the center of a Democratic influence operation , pushing false narratives to millions of potential voters . And its founder , a Biden-Harris administration staffer , may be violating federal law by running it .",kamala
kamalas_wins_viral_source_of_pro_kamala_misinformation_was_launched_by_biden_admin_employee.txt_1691,35,35,"In July , the popular “ Biden’s Wins ” account rebranded itself to “ Kamala’s Wins , ” and now boasts that it’s the “ largest online community supporting soon to be President Kamala",Harris,". ” With over 765,000 followers , the account sits at the center of a Democratic influence operation , pushing false narratives to millions of potential voters . And its founder , a Biden-Harris administration staffer , may be violating federal law by running it .",harris
kamalas_wins_viral_source_of_pro_kamala_misinformation_was_launched_by_biden_admin_employee.txt_1691,69,69,"and now boasts that it’s the “ largest online community supporting soon to be President Kamala Harris . ” With over 765,000 followers , the account sits at the center of a Democratic influence operation , pushing false narratives to millions of potential voters . And its founder , a",Biden-Harris,"administration staffer , may be violating federal law by running it .",harris
kamalas_wins_viral_source_of_pro_kamala_misinformation_was_launched_by_biden_admin_employee.txt_1696,39,39,"Just over a year after launching the account praising Biden , Wolf had earned himself a job in the administration . In June 2023 , Wolf was hired as a “ communications specialist ” in the U.S .",Department,"of Commerce’s International Trade Administration , where he makes $ 94,000 a year , according to disclosure forms .",men
kamalas_wins_viral_source_of_pro_kamala_misinformation_was_launched_by_biden_admin_employee.txt_1697,10,10,The timing of these events raises questions about the,Biden-Harris,"administration’s relationship with Wolf . The Harris campaign , responding to one of the many viral lies that originated with his account , told PolitiFact it is not affiliated with Kamala’s Wins , though it seems that Harris and the administration have worked closely with Wolf from the beginning of",harris
kamalas_wins_viral_source_of_pro_kamala_misinformation_was_launched_by_biden_admin_employee.txt_1697,17,17,The timing of these events raises questions about the Biden-Harris administration’s relationship with Wolf . The,Harris,"campaign , responding to one of the many viral lies that originated with his account , told PolitiFact it is not affiliated with Kamala’s Wins , though it seems that Harris and the administration have worked closely with Wolf from the beginning of his career , when he was fresh",harris
kamalas_wins_viral_source_of_pro_kamala_misinformation_was_launched_by_biden_admin_employee.txt_1697,41,41,"The timing of these events raises questions about the Biden-Harris administration’s relationship with Wolf . The Harris campaign , responding to one of the many viral lies that originated with his account , told PolitiFact it is not affiliated with",Kamala’s,"Wins , though it seems that Harris and the administration have worked closely with Wolf from the beginning of his career , when he was fresh out of Ohio State University .",kamala
kamalas_wins_viral_source_of_pro_kamala_misinformation_was_launched_by_biden_admin_employee.txt_1697,48,48,"The timing of these events raises questions about the Biden-Harris administration’s relationship with Wolf . The Harris campaign , responding to one of the many viral lies that originated with his account , told PolitiFact it is not affiliated with Kamala’s Wins , though it seems that",Harris,"and the administration have worked closely with Wolf from the beginning of his career , when he was fresh out of Ohio State University .",harris
kamalas_wins_viral_source_of_pro_kamala_misinformation_was_launched_by_biden_admin_employee.txt_1698,7,7,An administration official posting from the,Kamala’s,"Wins account while working at the Commerce Department would be an apparent violation of the Hatch Act , which bars federal employees from engaging in political activity while on duty or in a federal building .",kamala
kamalas_wins_viral_source_of_pro_kamala_misinformation_was_launched_by_biden_admin_employee.txt_1698,15,15,An administration official posting from the Kamala’s Wins account while working at the Commerce,Department,"would be an apparent violation of the Hatch Act , which bars federal employees from engaging in political activity while on duty or in a federal building .",men
kamalas_wins_viral_source_of_pro_kamala_misinformation_was_launched_by_biden_admin_employee.txt_1699,4,4,Asked about Wolf’s,employment,"and political activity , a Commerce Department spokesman told The Daily Wire : “ All Department of Commerce employees are subject to the Hatch Act , which is the law that governs political activities for federal employees . ”",men
kamalas_wins_viral_source_of_pro_kamala_misinformation_was_launched_by_biden_admin_employee.txt_1699,11,11,"Asked about Wolf’s employment and political activity , a Commerce",Department,"spokesman told The Daily Wire : “ All Department of Commerce employees are subject to the Hatch Act , which is the law that governs political activities for federal employees . ”",men
kamalas_wins_viral_source_of_pro_kamala_misinformation_was_launched_by_biden_admin_employee.txt_1699,20,20,"Asked about Wolf’s employment and political activity , a Commerce Department spokesman told The Daily Wire : “ All",Department,"of Commerce employees are subject to the Hatch Act , which is the law that governs political activities for federal employees . ”",men
kamalas_wins_viral_source_of_pro_kamala_misinformation_was_launched_by_biden_admin_employee.txt_1700,9,9,"Wolf , who could not be reached for",comment,", would not be the first member of the Biden-Harris administration to violate the Hatch Act . In October 2022 , Klain was found to have violated the Hatch Act with a post from that previous May . Health and Human Services Secretary Xavier Becerra was charged with a violation",men
kamalas_wins_viral_source_of_pro_kamala_misinformation_was_launched_by_biden_admin_employee.txt_1700,19,19,"Wolf , who could not be reached for comment , would not be the first member of the",Biden-Harris,"administration to violate the Hatch Act . In October 2022 , Klain was found to have violated the Hatch Act with a post from that previous May . Health and Human Services Secretary Xavier Becerra was charged with a violation in April 2023 , and White House Press Secretary Karine",harris
kamalas_wins_viral_source_of_pro_kamala_misinformation_was_launched_by_biden_admin_employee.txt_1701,3,3,Nor would,Kamala’s,"Wins be the only thing that potentially put Wolf on the wrong side of the Hatch Act . He has repeatedly shared political content from his personal X account during work hours , as recently as September 25 .",kamala
kamalas_wins_viral_source_of_pro_kamala_misinformation_was_launched_by_biden_admin_employee.txt_1705,2,2,Since,transforming,"into Kamala’s Wins , the account has been a major source of false information . The account was widely fact checked after it erroneously claimed that a number of NFL quarterbacks , including Joe Burrow , were part of a “ White Dudes for Harris ” fundraising call .",trans
kamalas_wins_viral_source_of_pro_kamala_misinformation_was_launched_by_biden_admin_employee.txt_1705,4,4,Since transforming into,Kamala’s,"Wins , the account has been a major source of false information . The account was widely fact checked after it erroneously claimed that a number of NFL quarterbacks , including Joe Burrow , were part of a “ White Dudes for Harris ” fundraising call .",kamala
kamalas_wins_viral_source_of_pro_kamala_misinformation_was_launched_by_biden_admin_employee.txt_1705,47,47,"Since transforming into Kamala’s Wins , the account has been a major source of false information . The account was widely fact checked after it erroneously claimed that a number of NFL quarterbacks , including Joe Burrow , were part of a “ White Dudes for",Harris,” fundraising call .,harris
kamalas_wins_viral_source_of_pro_kamala_misinformation_was_launched_by_biden_admin_employee.txt_1706,11,11,The account has promoted the false claim that former President,Donald,"Trump is attached to Project 2025 , and repeated frequently debunked claims about Trump’s 2017 remarks in Charlottesville , Virginia .",donald
kamalas_wins_viral_source_of_pro_kamala_misinformation_was_launched_by_biden_admin_employee.txt_1706,12,12,The account has promoted the false claim that former President Donald,Trump,"is attached to Project 2025 , and repeated frequently debunked claims about Trump’s 2017 remarks in Charlottesville , Virginia .",trump
kamalas_wins_viral_source_of_pro_kamala_misinformation_was_launched_by_biden_admin_employee.txt_1706,25,25,"The account has promoted the false claim that former President Donald Trump is attached to Project 2025 , and repeated frequently debunked claims about",Trump’s,"2017 remarks in Charlottesville , Virginia .",trump
kamalas_wins_viral_source_of_pro_kamala_misinformation_was_launched_by_biden_admin_employee.txt_1707,9,9,The account has frequently misconstrued facts to present,Harris,"’ record in a positive light , falsely claiming that Biden-Harris administration policies have caused inflation and grocery prices to plummet , and led to a reduction in violent crime .",harris
kamalas_wins_viral_source_of_pro_kamala_misinformation_was_launched_by_biden_admin_employee.txt_1707,20,20,"The account has frequently misconstrued facts to present Harris ’ record in a positive light , falsely claiming that",Biden-Harris,"administration policies have caused inflation and grocery prices to plummet , and led to a reduction in violent crime .",harris
kamalas_wins_viral_source_of_pro_kamala_misinformation_was_launched_by_biden_admin_employee.txt_1708,7,7,Wolf’s political work for Biden and,Harris,"began as a 20-year-old Ohio State University student in 2020 , when he launched “ Jews 4 Joe ” to help elect Biden . He told POLITICO that his work was what initially put him on the White House’s radar .",harris
kamalas_wins_viral_source_of_pro_kamala_misinformation_was_launched_by_biden_admin_employee.txt_1713,3,3,Posts from,Kamala’s,"Wins account continue to reach millions of people a day in the final stretch of the campaign . Over the past weekend , the account posted repeatedly that Trump is “ senile . ”",kamala
kamalas_wins_viral_source_of_pro_kamala_misinformation_was_launched_by_biden_admin_employee.txt_1713,32,32,"Posts from Kamala’s Wins account continue to reach millions of people a day in the final stretch of the campaign . Over the past weekend , the account posted repeatedly that",Trump,is “ senile . ”,trump
kamalas_wins_viral_source_of_pro_kamala_misinformation_was_launched_by_biden_admin_employee.txt_1714,14,14,"In his personal capacity , Wolf insisted in February 2024 that Biden was",mentally,"competent , just five months before a series of embarrassing mental gaffes forced Biden to suspend his presidential campaign .",men
kamalas_wins_viral_source_of_pro_kamala_misinformation_was_launched_by_biden_admin_employee.txt_1714,25,25,"In his personal capacity , Wolf insisted in February 2024 that Biden was mentally competent , just five months before a series of embarrassing",mental,gaffes forced Biden to suspend his presidential campaign .,men
kamala_town_hall_attendees_barred_from_asking_questions_all_pre_determined.txt_1719,1,1,,Kamala,Town Hall Attendees Barred From Asking Questions : ‘ All Pre-Determined ’,kamala
kamala_town_hall_attendees_barred_from_asking_questions_all_pre_determined.txt_1726,3,3,Vice President,Kamala,"Harris held an event in Michigan on Monday that was billed as a “ town hall ” — but when attendees asked if their questions were going to be answered , host Maria Shriver admitted that all of the questions had already been pre-determined .",kamala
kamala_town_hall_attendees_barred_from_asking_questions_all_pre_determined.txt_1726,4,4,Vice President Kamala,Harris,"held an event in Michigan on Monday that was billed as a “ town hall ” — but when attendees asked if their questions were going to be answered , host Maria Shriver admitted that all of the questions had already been pre-determined .",harris
kamala_town_hall_attendees_barred_from_asking_questions_all_pre_determined.txt_1727,2,2,The,Trump,"War Room posted a clip of Shriver’s embarrassing concession , adding the caption , “ The host admits the audience can’t actually ask questions at Kamala’s fake ‘ town hall ’ with Loser War Hawk Liz Cheney because the questions are ‘ pre-determined . ' ”",trump
kamala_town_hall_attendees_barred_from_asking_questions_all_pre_determined.txt_1727,28,28,"The Trump War Room posted a clip of Shriver’s embarrassing concession , adding the caption , “ The host admits the audience can’t actually ask questions at",Kamala’s,fake ‘ town hall ’ with Loser War Hawk Liz Cheney because the questions are ‘ pre-determined . ' ”,kamala
kamala_town_hall_attendees_barred_from_asking_questions_all_pre_determined.txt_1728,12,12,🚨 The host admits the audience can't actually ask questions at,Kamala's,"fake "" town hall "" with Loser War Hawk Liz Cheney because the questions are "" pre-determined "" pic.twitter.com / kccAaN1D5M",kamala
kamala_town_hall_attendees_barred_from_asking_questions_all_pre_determined.txt_1729,2,2,—,Trump,"War Room ( @TrumpWarRoom ) October 21 , 2024",trump
kamala_town_hall_attendees_barred_from_asking_questions_all_pre_determined.txt_1729,6,6,— Trump War Room (,@TrumpWarRoom,") October 21 , 2024",trump
kamala_town_hall_attendees_barred_from_asking_questions_all_pre_determined.txt_1741,12,12,“ There are two principal reasons why voters object to scripted,@KamalaHarris,", ” Bill Ackman explained . “ ( 1 ) They want to know what she really thinks . With the questions given in advance , her team prepares answers that she simply parrots . There is no opportunity to learn who Harris really is and what she truly believes",kamala
kamala_town_hall_attendees_barred_from_asking_questions_all_pre_determined.txt_1741,12,12,“ There are two principal reasons why voters object to scripted,@KamalaHarris,", ” Bill Ackman explained . “ ( 1 ) They want to know what she really thinks . With the questions given in advance , her team prepares answers that she simply parrots . There is no opportunity to learn who Harris really is and what she truly believes",harris
kamala_town_hall_attendees_barred_from_asking_questions_all_pre_determined.txt_1741,55,55,"principal reasons why voters object to scripted @KamalaHarris , ” Bill Ackman explained . “ ( 1 ) They want to know what she really thinks . With the questions given in advance , her team prepares answers that she simply parrots . There is no opportunity to learn who",Harris,really is and what she truly believes . ( 2 ) The president typically doesn’t receive the hard questions in advance and must be ready to respond at a moment’s notice to new situations that could determine the fate of the country . The script for reality is not given,harris
kamala_town_hall_attendees_barred_from_asking_questions_all_pre_determined.txt_1741,85,85,"given in advance , her team prepares answers that she simply parrots . There is no opportunity to learn who Harris really is and what she truly believes . ( 2 ) The president typically doesn’t receive the hard questions in advance and must be ready to respond at a",moment’s,notice to new situations that could determine the fate of the country . The script for reality is not given in advance and America needs a leader that knows what to do as reality unfolds rather than one who requires a teleprompter to govern . ”,men
kamala_town_hall_attendees_barred_from_asking_questions_all_pre_determined.txt_1742,11,11,There are two principal reasons why voters object to scripted,@KamalaHarris,:,kamala
kamala_town_hall_attendees_barred_from_asking_questions_all_pre_determined.txt_1742,11,11,There are two principal reasons why voters object to scripted,@KamalaHarris,:,harris
kamala_town_hall_attendees_barred_from_asking_questions_all_pre_determined.txt_1743,36,36,"( 1 ) They want to know what she really thinks . With the questions given in advance , her team prepares answers that she simply parrots . There is no opportunity to learn who",Harris,really is and what she … : / / t.co / cByzpscSzS,harris
kamala_town_hall_attendees_barred_from_asking_questions_all_pre_determined.txt_1746,16,16,"A number also argued that if the questions were pre-determined , it was likely that",Harris,"and her campaign team had access to them and had prepared their responses prior to the event . Still more noted that , after nearly 48 hours of Democrats and media complaining about how “ scripted ” former President Donald Trump’s visit to McDonald’s had been , it seemed a",harris
kamala_town_hall_attendees_barred_from_asking_questions_all_pre_determined.txt_1746,56,56,"if the questions were pre-determined , it was likely that Harris and her campaign team had access to them and had prepared their responses prior to the event . Still more noted that , after nearly 48 hours of Democrats and media complaining about how “ scripted ” former President",Donald,"Trump’s visit to McDonald’s had been , it seemed a little on the nose for Harris to do a “ town hall ” without a single surprise question .",donald
kamala_town_hall_attendees_barred_from_asking_questions_all_pre_determined.txt_1746,57,57,"the questions were pre-determined , it was likely that Harris and her campaign team had access to them and had prepared their responses prior to the event . Still more noted that , after nearly 48 hours of Democrats and media complaining about how “ scripted ” former President Donald",Trump’s,"visit to McDonald’s had been , it seemed a little on the nose for Harris to do a “ town hall ” without a single surprise question .",trump
kamala_town_hall_attendees_barred_from_asking_questions_all_pre_determined.txt_1746,60,60,"pre-determined , it was likely that Harris and her campaign team had access to them and had prepared their responses prior to the event . Still more noted that , after nearly 48 hours of Democrats and media complaining about how “ scripted ” former President Donald Trump’s visit to",McDonald’s,"had been , it seemed a little on the nose for Harris to do a “ town hall ” without a single surprise question .",donald
kamala_town_hall_attendees_barred_from_asking_questions_all_pre_determined.txt_1746,72,72,"access to them and had prepared their responses prior to the event . Still more noted that , after nearly 48 hours of Democrats and media complaining about how “ scripted ” former President Donald Trump’s visit to McDonald’s had been , it seemed a little on the nose for",Harris,to do a “ town hall ” without a single surprise question .,harris
kamala_voter_made_really_important_point_that_trump_may_put_minorities_in_camps.txt_1751,1,1,,Kamala,: Voter Made ‘ Really Important Point ’ That Trump May Put Minorities ‘ In Camps ’,kamala
kamala_voter_made_really_important_point_that_trump_may_put_minorities_in_camps.txt_1751,11,11,Kamala : Voter Made ‘ Really Important Point ’ That,Trump,May Put Minorities ‘ In Camps ’,trump
kamala_voter_made_really_important_point_that_trump_may_put_minorities_in_camps.txt_1758,3,3,Vice President,Kamala,Harris said during an interview this week that a voter who was panicked that former President Donald Trump may put non-whites “ in camps ” made a “ really important point . ”,kamala
kamala_voter_made_really_important_point_that_trump_may_put_minorities_in_camps.txt_1758,4,4,Vice President Kamala,Harris,said during an interview this week that a voter who was panicked that former President Donald Trump may put non-whites “ in camps ” made a “ really important point . ”,harris
kamala_voter_made_really_important_point_that_trump_may_put_minorities_in_camps.txt_1758,20,20,Vice President Kamala Harris said during an interview this week that a voter who was panicked that former President,Donald,Trump may put non-whites “ in camps ” made a “ really important point . ”,donald
kamala_voter_made_really_important_point_that_trump_may_put_minorities_in_camps.txt_1758,21,21,Vice President Kamala Harris said during an interview this week that a voter who was panicked that former President Donald,Trump,may put non-whites “ in camps ” made a “ really important point . ”,trump
kamala_voter_made_really_important_point_that_trump_may_put_minorities_in_camps.txt_1759,10,10,The remarks were made during a radio interview that,Harris,had with Charlamagne tha God where she answered questions about her agenda .,harris
kamala_voter_made_really_important_point_that_trump_may_put_minorities_in_camps.txt_1760,7,7,“ Could you please respond to,Trump’s,claim that he’s going to use the Alien Enemies Act of 1798 to round up immigrants if he wins the election ? ” a person who identified themselves as “ Bobby from Georgia ” asked Harris .,trump
kamala_voter_made_really_important_point_that_trump_may_put_minorities_in_camps.txt_1760,23,23,“ Could you please respond to Trump’s claim that he’s going to use the Alien Enemies Act of 1798 to round up,immigrants,if he wins the election ? ” a person who identified themselves as “ Bobby from Georgia ” asked Harris .,immigrant
kamala_voter_made_really_important_point_that_trump_may_put_minorities_in_camps.txt_1760,43,43,“ Could you please respond to Trump’s claim that he’s going to use the Alien Enemies Act of 1798 to round up immigrants if he wins the election ? ” a person who identified themselves as “ Bobby from Georgia ” asked,Harris,.,harris
kamala_voter_made_really_important_point_that_trump_may_put_minorities_in_camps.txt_1761,12,12,“ This law was last used to put Asian Americans in,internment,"camps during World War II , and I have a sneaking suspicion that if Trump wins , he’s going to use this law to put anyone that doesn’t look white in camps , and I’m scared , ” the person claimed .",men
kamala_voter_made_really_important_point_that_trump_may_put_minorities_in_camps.txt_1761,27,27,"“ This law was last used to put Asian Americans in internment camps during World War II , and I have a sneaking suspicion that if",Trump,"wins , he’s going to use this law to put anyone that doesn’t look white in camps , and I’m scared , ” the person claimed .",trump
kamala_voter_made_really_important_point_that_trump_may_put_minorities_in_camps.txt_1762,5,5,"“ Yeah , ”",Harris,"responded . “ So you’ve hit on a really important point and expressed it , I think , so well , which is he is achieving his intended effect to make you scared . ”",harris
kamala_voter_made_really_important_point_that_trump_may_put_minorities_in_camps.txt_1765,2,2,The,Trump,"campaign responded to the remarks , which were broadcast on CNN , by posting on X : “ Unless you are an illegal alien gang member , you have nothing to worry about . 😂 ”",trump
kamala_voter_made_really_important_point_that_trump_may_put_minorities_in_camps.txt_1767,4,4,A caller asks,Kamala,Harris “ Please respond to Trump’s claim that he’s going to use the Illegal Alien Act of 1798 to round up immigrants … He’s going to use this law to put anyone who doesn’t look white in camps and I’m scared . ”,kamala
kamala_voter_made_really_important_point_that_trump_may_put_minorities_in_camps.txt_1767,5,5,A caller asks Kamala,Harris,“ Please respond to Trump’s claim that he’s going to use the Illegal Alien Act of 1798 to round up immigrants … He’s going to use this law to put anyone who doesn’t look white in camps and I’m scared . ”,harris
kamala_voter_made_really_important_point_that_trump_may_put_minorities_in_camps.txt_1767,10,10,A caller asks Kamala Harris “ Please respond to,Trump’s,claim that he’s going to use the Illegal Alien Act of 1798 to round up immigrants … He’s going to use this law to put anyone who doesn’t look white in camps and I’m scared . ”,trump
kamala_voter_made_really_important_point_that_trump_may_put_minorities_in_camps.txt_1767,26,26,A caller asks Kamala Harris “ Please respond to Trump’s claim that he’s going to use the Illegal Alien Act of 1798 to round up,immigrants,… He’s going to use this law to put anyone who doesn’t look white in camps and I’m scared . ”,immigrant
kamala_voter_made_really_important_point_that_trump_may_put_minorities_in_camps.txt_1769,2,2,—,Trump,"War Room ( @TrumpWarRoom ) October 15 , 2024",trump
kamala_voter_made_really_important_point_that_trump_may_put_minorities_in_camps.txt_1769,6,6,— Trump War Room (,@TrumpWarRoom,") October 15 , 2024",trump
kamala_voter_made_really_important_point_that_trump_may_put_minorities_in_camps.txt_1770,3,3,Related :,Kamala,Signals She’s Open To Spending Trillions On Racial Reparations,kamala
kamala_was_the_chief_cheerleader_cnn_pundit_torches_veep_for_her_role_in_biden_cover_up.txt_1775,1,1,,Kamala,Was ‘ The Chief Cheerleader ’ : CNN Pundit Torches Veep For Her Role In Biden Cover-Up,kamala
kamala_was_the_chief_cheerleader_cnn_pundit_torches_veep_for_her_role_in_biden_cover_up.txt_1782,3,3,CNN Republican,commentator,"Scott Jennings mocked Vice President Kamala Harris for her sudden interest in former President Donald Trump’s health and advanced age , noting the irony after she’d spent most of the last four years covering for President Joe Biden’s obvious decline .",men
kamala_was_the_chief_cheerleader_cnn_pundit_torches_veep_for_her_role_in_biden_cover_up.txt_1782,9,9,CNN Republican commentator Scott Jennings mocked Vice President,Kamala,"Harris for her sudden interest in former President Donald Trump’s health and advanced age , noting the irony after she’d spent most of the last four years covering for President Joe Biden’s obvious decline .",kamala
kamala_was_the_chief_cheerleader_cnn_pundit_torches_veep_for_her_role_in_biden_cover_up.txt_1782,10,10,CNN Republican commentator Scott Jennings mocked Vice President Kamala,Harris,"for her sudden interest in former President Donald Trump’s health and advanced age , noting the irony after she’d spent most of the last four years covering for President Joe Biden’s obvious decline .",harris
kamala_was_the_chief_cheerleader_cnn_pundit_torches_veep_for_her_role_in_biden_cover_up.txt_1782,18,18,CNN Republican commentator Scott Jennings mocked Vice President Kamala Harris for her sudden interest in former President,Donald,"Trump’s health and advanced age , noting the irony after she’d spent most of the last four years covering for President Joe Biden’s obvious decline .",donald
kamala_was_the_chief_cheerleader_cnn_pundit_torches_veep_for_her_role_in_biden_cover_up.txt_1782,19,19,CNN Republican commentator Scott Jennings mocked Vice President Kamala Harris for her sudden interest in former President Donald,Trump’s,"health and advanced age , noting the irony after she’d spent most of the last four years covering for President Joe Biden’s obvious decline .",trump
kamala_was_the_chief_cheerleader_cnn_pundit_torches_veep_for_her_role_in_biden_cover_up.txt_1783,4,4,Jennings made the,comments,"during a Monday evening panel discussion , where he argued that Harris ’ argument — that Trump should make all of his medical records public — was likely to fall flat .",men
kamala_was_the_chief_cheerleader_cnn_pundit_torches_veep_for_her_role_in_biden_cover_up.txt_1783,16,16,"Jennings made the comments during a Monday evening panel discussion , where he argued that",Harris,’ argument — that Trump should make all of his medical records public — was likely to fall flat .,harris
kamala_was_the_chief_cheerleader_cnn_pundit_torches_veep_for_her_role_in_biden_cover_up.txt_1783,18,18,"Jennings made the comments during a Monday evening panel discussion , where he argued that Harris ’",argument,— that Trump should make all of his medical records public — was likely to fall flat .,men
kamala_was_the_chief_cheerleader_cnn_pundit_torches_veep_for_her_role_in_biden_cover_up.txt_1783,21,21,"Jennings made the comments during a Monday evening panel discussion , where he argued that Harris ’ argument — that",Trump,should make all of his medical records public — was likely to fall flat .,trump
kamala_was_the_chief_cheerleader_cnn_pundit_torches_veep_for_her_role_in_biden_cover_up.txt_1785,2,2,Watching,Harris,"lean into attacks on Trump “ mental acuity ” is just rich , given her role in the Biden coverup . Some pushback to the Dem lectures on @cnn last night . pic.twitter.com / 5zGkHb1t4j",harris
kamala_was_the_chief_cheerleader_cnn_pundit_torches_veep_for_her_role_in_biden_cover_up.txt_1785,7,7,Watching Harris lean into attacks on,Trump,"“ mental acuity ” is just rich , given her role in the Biden coverup . Some pushback to the Dem lectures on @cnn last night . pic.twitter.com / 5zGkHb1t4j",trump
kamala_was_the_chief_cheerleader_cnn_pundit_torches_veep_for_her_role_in_biden_cover_up.txt_1785,9,9,Watching Harris lean into attacks on Trump “,mental,"acuity ” is just rich , given her role in the Biden coverup . Some pushback to the Dem lectures on @cnn last night . pic.twitter.com / 5zGkHb1t4j",men
kamala_was_the_chief_cheerleader_cnn_pundit_torches_veep_for_her_role_in_biden_cover_up.txt_1788,10,10,Jennings started off with a little free advice for,Harris,"and her campaign , arguing that it was not a great look for her to push that line of attack .",harris
kamala_was_the_chief_cheerleader_cnn_pundit_torches_veep_for_her_role_in_biden_cover_up.txt_1789,5,5,“ If I were,Harris,", I wouldn’t be leaning too heavily into who’s hiding what kind of medical conditions of people who are or want to be the president given her role in lying about the condition of Joe Biden for the last four years , ” he said . “ That’s number one",harris
kamala_was_the_chief_cheerleader_cnn_pundit_torches_veep_for_her_role_in_biden_cover_up.txt_1790,40,40,"“ Number two , I don’t think this works for her , ” he continued . “ I think — I’m back in the same bucket I was earlier . You’re not selling your own candidacy , you’re punching",Donald,"Trump in the same way every other Democrat we’ve ever heard from for the last eight , nine years has punched this guy . That’s not the problem with your campaign . We’ve heard all the attacks on Trump . If she can’t sell her own candidacy any better than",donald
kamala_was_the_chief_cheerleader_cnn_pundit_torches_veep_for_her_role_in_biden_cover_up.txt_1790,41,41,"“ Number two , I don’t think this works for her , ” he continued . “ I think — I’m back in the same bucket I was earlier . You’re not selling your own candidacy , you’re punching Donald",Trump,"in the same way every other Democrat we’ve ever heard from for the last eight , nine years has punched this guy . That’s not the problem with your campaign . We’ve heard all the attacks on Trump . If she can’t sell her own candidacy any better than just",trump
kamala_was_the_chief_cheerleader_cnn_pundit_torches_veep_for_her_role_in_biden_cover_up.txt_1790,79,79,"earlier . You’re not selling your own candidacy , you’re punching Donald Trump in the same way every other Democrat we’ve ever heard from for the last eight , nine years has punched this guy . That’s not the problem with your campaign . We’ve heard all the attacks on",Trump,". If she can’t sell her own candidacy any better than just punching on him , for her , if I were in her camp — I just don’t know if it’s going to be enough . ”",trump
kamala_was_the_chief_cheerleader_cnn_pundit_torches_veep_for_her_role_in_biden_cover_up.txt_1792,9,9,Another panelist suggested it was good for the,Harris,"campaign to remind people of Trump’s age and mental acuity , and Jennings cut back in .",harris
kamala_was_the_chief_cheerleader_cnn_pundit_torches_veep_for_her_role_in_biden_cover_up.txt_1792,15,15,Another panelist suggested it was good for the Harris campaign to remind people of,Trump’s,"age and mental acuity , and Jennings cut back in .",trump
kamala_was_the_chief_cheerleader_cnn_pundit_torches_veep_for_her_role_in_biden_cover_up.txt_1792,18,18,Another panelist suggested it was good for the Harris campaign to remind people of Trump’s age and,mental,"acuity , and Jennings cut back in .",men
kamala_was_the_chief_cheerleader_cnn_pundit_torches_veep_for_her_role_in_biden_cover_up.txt_1793,17,17,"“ Honestly , just to be lectured by Democrats about , ‘ You have to have",mental,"acuity to be the President of the United States , ' ” Jennings added in mocking tones . “ After what we just lived through for the last four years ? Come on ! Don’t lecture me about mental acuity and the presidency … Democrats , who all — you",men
kamala_was_the_chief_cheerleader_cnn_pundit_torches_veep_for_her_role_in_biden_cover_up.txt_1793,56,56,"be lectured by Democrats about , ‘ You have to have mental acuity to be the President of the United States , ' ” Jennings added in mocking tones . “ After what we just lived through for the last four years ? Come on ! Don’t lecture me about",mental,"acuity and the presidency … Democrats , who all — you included — who all assured us that Joe Biden was riding unicycles and juggling knives in the Oval Office . ”",men
kamala_was_the_chief_cheerleader_cnn_pundit_torches_veep_for_her_role_in_biden_cover_up.txt_1794,10,10,"“ We all know that wasn’t true , and",Harris,"was the chief cheerleader for that — the lectures about the mental acuity , come on , ” he concluded .",harris
kamala_was_the_chief_cheerleader_cnn_pundit_torches_veep_for_her_role_in_biden_cover_up.txt_1794,22,22,"“ We all know that wasn’t true , and Harris was the chief cheerleader for that — the lectures about the",mental,"acuity , come on , ” he concluded .",men
liberals_are_exploiting_this_loophole_to_flood_swing_states_with_dark_money.txt_1808,27,27,"Because the ballot initiatives tend to be on liberal issues , the voters they draw to the polls are also likely to vote for Vice President",Kamala,Harris while they’re at it .,kamala
liberals_are_exploiting_this_loophole_to_flood_swing_states_with_dark_money.txt_1808,28,28,"Because the ballot initiatives tend to be on liberal issues , the voters they draw to the polls are also likely to vote for Vice President Kamala",Harris,while they’re at it .,harris
liberal_super_pac_warns_kamala_calling_trump_a_fascist_isnt_persuasive.txt_1827,5,5,Liberal Super PAC Warns,Kamala,: Calling Trump A ‘ Fascist ’ Isn’t Persuasive,kamala
liberal_super_pac_warns_kamala_calling_trump_a_fascist_isnt_persuasive.txt_1827,8,8,Liberal Super PAC Warns Kamala : Calling,Trump,A ‘ Fascist ’ Isn’t Persuasive,trump
liberal_super_pac_warns_kamala_calling_trump_a_fascist_isnt_persuasive.txt_1833,6,6,“ Purely negative attacks on,Trump’s,"character are less effective . . . """,trump
liberal_super_pac_warns_kamala_calling_trump_a_fascist_isnt_persuasive.txt_1834,3,3,A leading,pro-Kamala,Harris super PAC has told the vice president that attacking former President Donald Trump as a fascist “ is not that persuasive . ”,kamala
liberal_super_pac_warns_kamala_calling_trump_a_fascist_isnt_persuasive.txt_1834,4,4,A leading pro-Kamala,Harris,super PAC has told the vice president that attacking former President Donald Trump as a fascist “ is not that persuasive . ”,harris
liberal_super_pac_warns_kamala_calling_trump_a_fascist_isnt_persuasive.txt_1834,16,16,A leading pro-Kamala Harris super PAC has told the vice president that attacking former President,Donald,Trump as a fascist “ is not that persuasive . ”,donald
liberal_super_pac_warns_kamala_calling_trump_a_fascist_isnt_persuasive.txt_1834,17,17,A leading pro-Kamala Harris super PAC has told the vice president that attacking former President Donald,Trump,as a fascist “ is not that persuasive . ”,trump
liberal_super_pac_warns_kamala_calling_trump_a_fascist_isnt_persuasive.txt_1835,23,23,"With just one week left until the election , the super PAC Future Forward sent an email to Democrats saying that attacking",Trump’s,"character by calling him a fascist isn’t working , The New York Times reported . The committee also warned that claiming Trump was “ exhausted ” didn’t work either .",trump
liberal_super_pac_warns_kamala_calling_trump_a_fascist_isnt_persuasive.txt_1835,45,45,"With just one week left until the election , the super PAC Future Forward sent an email to Democrats saying that attacking Trump’s character by calling him a fascist isn’t working , The New York Times reported . The committee also warned that claiming",Trump,was “ exhausted ” didn’t work either .,trump
liberal_super_pac_warns_kamala_calling_trump_a_fascist_isnt_persuasive.txt_1836,56,56,"regularly for months , the Times reported , but have arrived more frequently as the election draws near . The messages are meant to guide Democrats on messaging and are based on Future Forward’s analysis of clips and social media posts . The email sent Friday suggested Democrats focus on",Harris,"’ policies , especially her economic proposals and stance on abortion .",harris
liberal_super_pac_warns_kamala_calling_trump_a_fascist_isnt_persuasive.txt_1838,6,6,“ Purely negative attacks on,Trump’s,"character are less effective than contrast messages that include positive details about Kamala Harris’s plans to address the needs of everyday Americans , ” the email said , according to the Times .",trump
liberal_super_pac_warns_kamala_calling_trump_a_fascist_isnt_persuasive.txt_1838,19,19,“ Purely negative attacks on Trump’s character are less effective than contrast messages that include positive details about,Kamala,"Harris’s plans to address the needs of everyday Americans , ” the email said , according to the Times .",kamala
liberal_super_pac_warns_kamala_calling_trump_a_fascist_isnt_persuasive.txt_1838,20,20,“ Purely negative attacks on Trump’s character are less effective than contrast messages that include positive details about Kamala,Harris’s,"plans to address the needs of everyday Americans , ” the email said , according to the Times .",harris
liberal_super_pac_warns_kamala_calling_trump_a_fascist_isnt_persuasive.txt_1839,9,9,The email from Future Forward also said that,Harris,"’ comments about former Trump chief of staff John Kelly’s dubious claims that Trump praised Adolf Hitler’s generals didn’t move the needle as much as other messages . Specifically , Harris ’ comments about Kelly’s claim at a CNN town hall were much less persuasive than her appearance on Howard",harris
liberal_super_pac_warns_kamala_calling_trump_a_fascist_isnt_persuasive.txt_1839,11,11,The email from Future Forward also said that Harris ’,comments,"about former Trump chief of staff John Kelly’s dubious claims that Trump praised Adolf Hitler’s generals didn’t move the needle as much as other messages . Specifically , Harris ’ comments about Kelly’s claim at a CNN town hall were much less persuasive than her appearance on Howard Stern ,",men
liberal_super_pac_warns_kamala_calling_trump_a_fascist_isnt_persuasive.txt_1839,14,14,The email from Future Forward also said that Harris ’ comments about former,Trump,"chief of staff John Kelly’s dubious claims that Trump praised Adolf Hitler’s generals didn’t move the needle as much as other messages . Specifically , Harris ’ comments about Kelly’s claim at a CNN town hall were much less persuasive than her appearance on Howard Stern , where she promised",trump
liberal_super_pac_warns_kamala_calling_trump_a_fascist_isnt_persuasive.txt_1839,23,23,The email from Future Forward also said that Harris ’ comments about former Trump chief of staff John Kelly’s dubious claims that,Trump,"praised Adolf Hitler’s generals didn’t move the needle as much as other messages . Specifically , Harris ’ comments about Kelly’s claim at a CNN town hall were much less persuasive than her appearance on Howard Stern , where she promised to expand Medicare . The Biden-Harris administration , however",trump
liberal_super_pac_warns_kamala_calling_trump_a_fascist_isnt_persuasive.txt_1839,40,40,"The email from Future Forward also said that Harris ’ comments about former Trump chief of staff John Kelly’s dubious claims that Trump praised Adolf Hitler’s generals didn’t move the needle as much as other messages . Specifically ,",Harris,"’ comments about Kelly’s claim at a CNN town hall were much less persuasive than her appearance on Howard Stern , where she promised to expand Medicare . The Biden-Harris administration , however , implemented a plan through the falsely titled Inflation Reduction Act that would significantly increase Medicare premiums",harris
liberal_super_pac_warns_kamala_calling_trump_a_fascist_isnt_persuasive.txt_1839,42,42,"The email from Future Forward also said that Harris ’ comments about former Trump chief of staff John Kelly’s dubious claims that Trump praised Adolf Hitler’s generals didn’t move the needle as much as other messages . Specifically , Harris ’",comments,"about Kelly’s claim at a CNN town hall were much less persuasive than her appearance on Howard Stern , where she promised to expand Medicare . The Biden-Harris administration , however , implemented a plan through the falsely titled Inflation Reduction Act that would significantly increase Medicare premiums . In",men
liberal_super_pac_warns_kamala_calling_trump_a_fascist_isnt_persuasive.txt_1839,70,70,"dubious claims that Trump praised Adolf Hitler’s generals didn’t move the needle as much as other messages . Specifically , Harris ’ comments about Kelly’s claim at a CNN town hall were much less persuasive than her appearance on Howard Stern , where she promised to expand Medicare . The",Biden-Harris,"administration , however , implemented a plan through the falsely titled Inflation Reduction Act that would significantly increase Medicare premiums . In order to cover this up , the administration plans to give billions of dollars to private insurance companies to keep the premiums down until after the election ,",harris
liberal_super_pac_warns_kamala_calling_trump_a_fascist_isnt_persuasive.txt_1839,75,75,"Adolf Hitler’s generals didn’t move the needle as much as other messages . Specifically , Harris ’ comments about Kelly’s claim at a CNN town hall were much less persuasive than her appearance on Howard Stern , where she promised to expand Medicare . The Biden-Harris administration , however ,",implemented,"a plan through the falsely titled Inflation Reduction Act that would significantly increase Medicare premiums . In order to cover this up , the administration plans to give billions of dollars to private insurance companies to keep the premiums down until after the election , POLITICO reported .",men
liberal_super_pac_warns_kamala_calling_trump_a_fascist_isnt_persuasive.txt_1840,28,28,"While the email appeared damaging enough for the Times to cover it , the president of Future Forward , Chauncey McLean , dismissed the warning in a",statement,to the outlet .,men
liberal_super_pac_warns_kamala_calling_trump_a_fascist_isnt_persuasive.txt_1841,45,45,"“ Don’t over-read this , ” McLean told the Times . “ This is just one of our regular emails sharing testing results from thousands of pieces of earned and social media content . It shows people that the most effective way of using",Trump’s,"words and behavior is tying them to consequences in voters ’ lives . That’s what Kamala Harris does every day by comparing her to-do list with his enemies list , for example . ”",trump
liberal_super_pac_warns_kamala_calling_trump_a_fascist_isnt_persuasive.txt_1841,61,61,. “ This is just one of our regular emails sharing testing results from thousands of pieces of earned and social media content . It shows people that the most effective way of using Trump’s words and behavior is tying them to consequences in voters ’ lives . That’s what,Kamala,"Harris does every day by comparing her to-do list with his enemies list , for example . ”",kamala
liberal_super_pac_warns_kamala_calling_trump_a_fascist_isnt_persuasive.txt_1841,62,62,“ This is just one of our regular emails sharing testing results from thousands of pieces of earned and social media content . It shows people that the most effective way of using Trump’s words and behavior is tying them to consequences in voters ’ lives . That’s what Kamala,Harris,"does every day by comparing her to-do list with his enemies list , for example . ”",harris
liberal_super_pac_warns_kamala_calling_trump_a_fascist_isnt_persuasive.txt_1842,1,1,,Harris,"currently leads Trump by less than one percentage point , according to a Daily Wire average of 305 polls . At this point in 2020 , President Joe Biden had a 4.5-point lead over Trump , according to the Real Clear Politics polling average at the time . Polymarket ,",harris
liberal_super_pac_warns_kamala_calling_trump_a_fascist_isnt_persuasive.txt_1842,4,4,Harris currently leads,Trump,"by less than one percentage point , according to a Daily Wire average of 305 polls . At this point in 2020 , President Joe Biden had a 4.5-point lead over Trump , according to the Real Clear Politics polling average at the time . Polymarket , the world’s largest",trump
liberal_super_pac_warns_kamala_calling_trump_a_fascist_isnt_persuasive.txt_1842,36,36,"Harris currently leads Trump by less than one percentage point , according to a Daily Wire average of 305 polls . At this point in 2020 , President Joe Biden had a 4.5-point lead over",Trump,", according to the Real Clear Politics polling average at the time . Polymarket , the world’s largest prediction market , gives Trump a 66.6 % chance of winning the election .",trump
liberal_super_pac_warns_kamala_calling_trump_a_fascist_isnt_persuasive.txt_1842,59,59,"percentage point , according to a Daily Wire average of 305 polls . At this point in 2020 , President Joe Biden had a 4.5-point lead over Trump , according to the Real Clear Politics polling average at the time . Polymarket , the world’s largest prediction market , gives",Trump,a 66.6 % chance of winning the election .,trump
los_angeles_times_snubs_kamala_wont_endorse_in_2024_white_house_race.txt_1847,5,5,Los Angeles Times Snubs,Kamala,", Won’t Endorse In 2024 White House Race",kamala
los_angeles_times_snubs_kamala_wont_endorse_in_2024_white_house_race.txt_1854,17,17,"The Los Angeles Times , which is California’s largest newspaper , reportedly will not make an",endorsement,in the 2024 presidential race — a blow to Vice President Kamala Harris as the outlet has backed a Democrat in every White House race since 2008 .,men
los_angeles_times_snubs_kamala_wont_endorse_in_2024_white_house_race.txt_1854,29,29,"The Los Angeles Times , which is California’s largest newspaper , reportedly will not make an endorsement in the 2024 presidential race — a blow to Vice President",Kamala,Harris as the outlet has backed a Democrat in every White House race since 2008 .,kamala
los_angeles_times_snubs_kamala_wont_endorse_in_2024_white_house_race.txt_1854,30,30,"The Los Angeles Times , which is California’s largest newspaper , reportedly will not make an endorsement in the 2024 presidential race — a blow to Vice President Kamala",Harris,as the outlet has backed a Democrat in every White House race since 2008 .,harris
los_angeles_times_snubs_kamala_wont_endorse_in_2024_white_house_race.txt_1856,18,18,"A Los Angeles Times spokesperson did not deny the report , saying , “ We do not",comment,on internal discussions or decisions about editorials or endorsements . ”,men
los_angeles_times_snubs_kamala_wont_endorse_in_2024_white_house_race.txt_1856,27,27,"A Los Angeles Times spokesperson did not deny the report , saying , “ We do not comment on internal discussions or decisions about editorials or",endorsements,. ”,men
los_angeles_times_snubs_kamala_wont_endorse_in_2024_white_house_race.txt_1857,12,12,The news comes exactly two weeks before Election Day in which,Harris,"is facing former President Donald Trump in the White House race . Although national polls on average show Harris with a slight edge , betting markets and polls indicate Trump is gaining momentum and leading in key battleground states .",harris
los_angeles_times_snubs_kamala_wont_endorse_in_2024_white_house_race.txt_1857,17,17,The news comes exactly two weeks before Election Day in which Harris is facing former President,Donald,"Trump in the White House race . Although national polls on average show Harris with a slight edge , betting markets and polls indicate Trump is gaining momentum and leading in key battleground states .",donald
los_angeles_times_snubs_kamala_wont_endorse_in_2024_white_house_race.txt_1857,18,18,The news comes exactly two weeks before Election Day in which Harris is facing former President Donald,Trump,"in the White House race . Although national polls on average show Harris with a slight edge , betting markets and polls indicate Trump is gaining momentum and leading in key battleground states .",trump
los_angeles_times_snubs_kamala_wont_endorse_in_2024_white_house_race.txt_1857,31,31,The news comes exactly two weeks before Election Day in which Harris is facing former President Donald Trump in the White House race . Although national polls on average show,Harris,"with a slight edge , betting markets and polls indicate Trump is gaining momentum and leading in key battleground states .",harris
los_angeles_times_snubs_kamala_wont_endorse_in_2024_white_house_race.txt_1857,42,42,"The news comes exactly two weeks before Election Day in which Harris is facing former President Donald Trump in the White House race . Although national polls on average show Harris with a slight edge , betting markets and polls indicate",Trump,is gaining momentum and leading in key battleground states .,trump
los_angeles_times_snubs_kamala_wont_endorse_in_2024_white_house_race.txt_1857,45,45,"The news comes exactly two weeks before Election Day in which Harris is facing former President Donald Trump in the White House race . Although national polls on average show Harris with a slight edge , betting markets and polls indicate Trump is gaining",momentum,and leading in key battleground states .,men
los_angeles_times_snubs_kamala_wont_endorse_in_2024_white_house_race.txt_1858,1,1,,Harris,"has received support from the Los Angeles Times in prior contests , including her 2010 and 2014 runs for California attorney general and her 2016 U.S . Senate campaign . The newspaper also endorsed Harris as the running mate to now-President Joe Biden in their successful 2020 campaign against Trump",harris
los_angeles_times_snubs_kamala_wont_endorse_in_2024_white_house_race.txt_1858,36,36,"Harris has received support from the Los Angeles Times in prior contests , including her 2010 and 2014 runs for California attorney general and her 2016 U.S . Senate campaign . The newspaper also endorsed",Harris,as the running mate to now-President Joe Biden in their successful 2020 campaign against Trump .,harris
los_angeles_times_snubs_kamala_wont_endorse_in_2024_white_house_race.txt_1858,51,51,"Harris has received support from the Los Angeles Times in prior contests , including her 2010 and 2014 runs for California attorney general and her 2016 U.S . Senate campaign . The newspaper also endorsed Harris as the running mate to now-President Joe Biden in their successful 2020 campaign against",Trump,.,trump
los_angeles_times_snubs_kamala_wont_endorse_in_2024_white_house_race.txt_1860,43,43,"During primary season , Biden locked in the Democratic Party’s 2024 nomination with the support of more than 14 million primary voters . However , Biden dropped out amid pressure from allies following a shaky debate performance in late June , and",Harris,took his place atop the ticket .,harris
los_angeles_times_snubs_kamala_wont_endorse_in_2024_white_house_race.txt_1861,19,19,A couple of labor unions that endorsed Biden for president in 2020 refused to do the same for,Harris,"this year , instead opting not to back any candidate . One of them , the Teamsters , chose to sit out this year’s contest even though internal polling data found Trump got more support from its members than Harris .",harris
los_angeles_times_snubs_kamala_wont_endorse_in_2024_white_house_race.txt_1861,51,51,"A couple of labor unions that endorsed Biden for president in 2020 refused to do the same for Harris this year , instead opting not to back any candidate . One of them , the Teamsters , chose to sit out this year’s contest even though internal polling data found",Trump,got more support from its members than Harris .,trump
los_angeles_times_snubs_kamala_wont_endorse_in_2024_white_house_race.txt_1861,59,59,"for president in 2020 refused to do the same for Harris this year , instead opting not to back any candidate . One of them , the Teamsters , chose to sit out this year’s contest even though internal polling data found Trump got more support from its members than",Harris,.,harris
los_angeles_times_snubs_kamala_wont_endorse_in_2024_white_house_race.txt_1862,22,22,Social media was abuzz with reactions after the report on Tuesday stating the Los Angeles Times would not be making an,endorsement,in the 2024 presidential race .,men
los_angeles_times_snubs_kamala_wont_endorse_in_2024_white_house_race.txt_1863,24,24,"“ This is actually kind of surprising , ” filmmaker and activist Robby Starbuck said on X . “ I don’t think newspaper",endorsements,matter anymore from major papers ( local papers still matter ) but LATimes is one of the furthest left papers in the country yet they’re not going to endorse Kamala . A very interesting development … ”,men
los_angeles_times_snubs_kamala_wont_endorse_in_2024_white_house_race.txt_1863,54,54,"actually kind of surprising , ” filmmaker and activist Robby Starbuck said on X . “ I don’t think newspaper endorsements matter anymore from major papers ( local papers still matter ) but LATimes is one of the furthest left papers in the country yet they’re not going to endorse",Kamala,. A very interesting development … ”,kamala
los_angeles_times_snubs_kamala_wont_endorse_in_2024_white_house_race.txt_1863,59,59,” filmmaker and activist Robby Starbuck said on X . “ I don’t think newspaper endorsements matter anymore from major papers ( local papers still matter ) but LATimes is one of the furthest left papers in the country yet they’re not going to endorse Kamala . A very interesting,development,… ”,men
majority_of_americans_say_kamala_harris_hasnt_clearly_explained_immigration_stance.txt_1868,5,5,Majority Of Americans Say,Kamala,Harris Hasn’t ‘ Clearly Explained ’ Immigration Stance,kamala
majority_of_americans_say_kamala_harris_hasnt_clearly_explained_immigration_stance.txt_1868,6,6,Majority Of Americans Say Kamala,Harris,Hasn’t ‘ Clearly Explained ’ Immigration Stance,harris
majority_of_americans_say_kamala_harris_hasnt_clearly_explained_immigration_stance.txt_1868,12,12,Majority Of Americans Say Kamala Harris Hasn’t ‘ Clearly Explained ’,Immigration,Stance,immigration
majority_of_americans_say_kamala_harris_hasnt_clearly_explained_immigration_stance.txt_1874,15,15,The poll comes as the Democratic candidate has pivoted her messaging amid record-breaking illegal,immigration,,immigration
majority_of_americans_say_kamala_harris_hasnt_clearly_explained_immigration_stance.txt_1875,12,12,A majority of Americans say that Vice President and Democratic nominee,Kamala,"Harris has not “ clearly explained ” her stance on illegal immigration even as it has become one of the top issues for voters , a new poll from Pew found .",kamala
majority_of_americans_say_kamala_harris_hasnt_clearly_explained_immigration_stance.txt_1875,13,13,A majority of Americans say that Vice President and Democratic nominee Kamala,Harris,"has not “ clearly explained ” her stance on illegal immigration even as it has become one of the top issues for voters , a new poll from Pew found .",harris
majority_of_americans_say_kamala_harris_hasnt_clearly_explained_immigration_stance.txt_1875,24,24,A majority of Americans say that Vice President and Democratic nominee Kamala Harris has not “ clearly explained ” her stance on illegal,immigration,"even as it has become one of the top issues for voters , a new poll from Pew found .",immigration
majority_of_americans_say_kamala_harris_hasnt_clearly_explained_immigration_stance.txt_1876,29,29,"The poll of Americans from Pew Research , conducted from September 30th to October 6th , found that more than 60 percent say that Democratic candidate for president",Kamala,Harris has not “ clearly explained her policies ” regarding illegal immigration .,kamala
majority_of_americans_say_kamala_harris_hasnt_clearly_explained_immigration_stance.txt_1876,30,30,"The poll of Americans from Pew Research , conducted from September 30th to October 6th , found that more than 60 percent say that Democratic candidate for president Kamala",Harris,has not “ clearly explained her policies ” regarding illegal immigration .,harris
majority_of_americans_say_kamala_harris_hasnt_clearly_explained_immigration_stance.txt_1876,41,41,"The poll of Americans from Pew Research , conducted from September 30th to October 6th , found that more than 60 percent say that Democratic candidate for president Kamala Harris has not “ clearly explained her policies ” regarding illegal",immigration,.,immigration
majority_of_americans_say_kamala_harris_hasnt_clearly_explained_immigration_stance.txt_1877,9,9,Multiple public opinion surveys have found that illegal,immigration,is one of the top issues on the minds of voters as the November election draws near .,immigration
majority_of_americans_say_kamala_harris_hasnt_clearly_explained_immigration_stance.txt_1878,18,18,"A sizable majority of respondents in the Pew poll , 70 percent , say that former President",Donald,"Trump has clearly articulated his plan to address illegal immigration . The poll , which had 5,110 respondents , also found that majorities also believe that Harris has not clearly explained her positions on strengthening the economy , foreign policy , the wars between Russia and Ukraine or Israel and",donald
majority_of_americans_say_kamala_harris_hasnt_clearly_explained_immigration_stance.txt_1878,19,19,"A sizable majority of respondents in the Pew poll , 70 percent , say that former President Donald",Trump,"has clearly articulated his plan to address illegal immigration . The poll , which had 5,110 respondents , also found that majorities also believe that Harris has not clearly explained her positions on strengthening the economy , foreign policy , the wars between Russia and Ukraine or Israel and Hamas",trump
majority_of_americans_say_kamala_harris_hasnt_clearly_explained_immigration_stance.txt_1878,28,28,"A sizable majority of respondents in the Pew poll , 70 percent , say that former President Donald Trump has clearly articulated his plan to address illegal",immigration,". The poll , which had 5,110 respondents , also found that majorities also believe that Harris has not clearly explained her positions on strengthening the economy , foreign policy , the wars between Russia and Ukraine or Israel and Hamas , or healthcare . Abortion was the only issue",immigration
majority_of_americans_say_kamala_harris_hasnt_clearly_explained_immigration_stance.txt_1878,45,45,"A sizable majority of respondents in the Pew poll , 70 percent , say that former President Donald Trump has clearly articulated his plan to address illegal immigration . The poll , which had 5,110 respondents , also found that majorities also believe that",Harris,"has not clearly explained her positions on strengthening the economy , foreign policy , the wars between Russia and Ukraine or Israel and Hamas , or healthcare . Abortion was the only issue from the list of seven that respondents say Harris has adequately explained her stance on .",harris
majority_of_americans_say_kamala_harris_hasnt_clearly_explained_immigration_stance.txt_1878,87,87,", also found that majorities also believe that Harris has not clearly explained her positions on strengthening the economy , foreign policy , the wars between Russia and Ukraine or Israel and Hamas , or healthcare . Abortion was the only issue from the list of seven that respondents say",Harris,has adequately explained her stance on .,harris
majority_of_americans_say_kamala_harris_hasnt_clearly_explained_immigration_stance.txt_1879,7,7,A majority of voters said that,Trump,"has clearly explained his stances on abortion , strengthening the economy , and foreign policy in addition to illegal immigration .",trump
majority_of_americans_say_kamala_harris_hasnt_clearly_explained_immigration_stance.txt_1879,27,27,"A majority of voters said that Trump has clearly explained his stances on abortion , strengthening the economy , and foreign policy in addition to illegal",immigration,.,immigration
majority_of_americans_say_kamala_harris_hasnt_clearly_explained_immigration_stance.txt_1880,15,15,The Pew poll results come as the Democratic candidate has attempted to pivot on,immigration,", marketing herself as a “ border state prosecutor ” despite the Biden-Harris administration presiding over unprecedented surges in illegal immigration on both the southern and northern borders . One recent advertisement from Harris , which implied that the Democrat was in favor of securing the border , even included",immigration
majority_of_americans_say_kamala_harris_hasnt_clearly_explained_immigration_stance.txt_1880,28,28,"The Pew poll results come as the Democratic candidate has attempted to pivot on immigration , marketing herself as a “ border state prosecutor ” despite the",Biden-Harris,"administration presiding over unprecedented surges in illegal immigration on both the southern and northern borders . One recent advertisement from Harris , which implied that the Democrat was in favor of securing the border , even included a shot of Trump’s border wall .",harris
majority_of_americans_say_kamala_harris_hasnt_clearly_explained_immigration_stance.txt_1880,36,36,"The Pew poll results come as the Democratic candidate has attempted to pivot on immigration , marketing herself as a “ border state prosecutor ” despite the Biden-Harris administration presiding over unprecedented surges in illegal",immigration,"on both the southern and northern borders . One recent advertisement from Harris , which implied that the Democrat was in favor of securing the border , even included a shot of Trump’s border wall .",immigration
majority_of_americans_say_kamala_harris_hasnt_clearly_explained_immigration_stance.txt_1880,47,47,"The Pew poll results come as the Democratic candidate has attempted to pivot on immigration , marketing herself as a “ border state prosecutor ” despite the Biden-Harris administration presiding over unprecedented surges in illegal immigration on both the southern and northern borders . One recent",advertisement,"from Harris , which implied that the Democrat was in favor of securing the border , even included a shot of Trump’s border wall .",men
majority_of_americans_say_kamala_harris_hasnt_clearly_explained_immigration_stance.txt_1880,49,49,"The Pew poll results come as the Democratic candidate has attempted to pivot on immigration , marketing herself as a “ border state prosecutor ” despite the Biden-Harris administration presiding over unprecedented surges in illegal immigration on both the southern and northern borders . One recent advertisement from",Harris,", which implied that the Democrat was in favor of securing the border , even included a shot of Trump’s border wall .",harris
majority_of_americans_say_kamala_harris_hasnt_clearly_explained_immigration_stance.txt_1880,69,69,"as a “ border state prosecutor ” despite the Biden-Harris administration presiding over unprecedented surges in illegal immigration on both the southern and northern borders . One recent advertisement from Harris , which implied that the Democrat was in favor of securing the border , even included a shot of",Trump’s,border wall .,trump
majority_of_americans_say_kamala_harris_hasnt_clearly_explained_immigration_stance.txt_1881,11,11,Over 10 million people have crossed the border under the,Biden-Harris,"administration , with an estimated 1.7 million illegal immigrant gotaways recorded since he was inaugurated in 2021 . The figures present a stark contrast from the Trump administration , when there were 415,000 total reported gotaways for 2018 , 2019 , and 2020 .",harris
majority_of_americans_say_kamala_harris_hasnt_clearly_explained_immigration_stance.txt_1881,20,20,"Over 10 million people have crossed the border under the Biden-Harris administration , with an estimated 1.7 million illegal",immigrant,"gotaways recorded since he was inaugurated in 2021 . The figures present a stark contrast from the Trump administration , when there were 415,000 total reported gotaways for 2018 , 2019 , and 2020 .",immigrant
majority_of_americans_say_kamala_harris_hasnt_clearly_explained_immigration_stance.txt_1881,38,38,"Over 10 million people have crossed the border under the Biden-Harris administration , with an estimated 1.7 million illegal immigrant gotaways recorded since he was inaugurated in 2021 . The figures present a stark contrast from the",Trump,"administration , when there were 415,000 total reported gotaways for 2018 , 2019 , and 2020 .",trump
msnbc_anchor_shocked_by_brutal_responses_from_black_voters_in_philadelphia_about_kamala.txt_1886,8,8,MSNBC Anchor Shocked By Brutal Responses From,Black,Voters In Philadelphia About Kamala,black
msnbc_anchor_shocked_by_brutal_responses_from_black_voters_in_philadelphia_about_kamala.txt_1886,13,13,MSNBC Anchor Shocked By Brutal Responses From Black Voters In Philadelphia About,Kamala,,kamala
msnbc_anchor_shocked_by_brutal_responses_from_black_voters_in_philadelphia_about_kamala.txt_1893,13,13,MSNBC anchor Alex Wagner was clearly shocked by the brutal responses from,black,voters in Philadelphia when it came to why they were supporting former President Donald Trump instead of Vice President Kamala Harris .,black
msnbc_anchor_shocked_by_brutal_responses_from_black_voters_in_philadelphia_about_kamala.txt_1893,27,27,MSNBC anchor Alex Wagner was clearly shocked by the brutal responses from black voters in Philadelphia when it came to why they were supporting former President,Donald,Trump instead of Vice President Kamala Harris .,donald
msnbc_anchor_shocked_by_brutal_responses_from_black_voters_in_philadelphia_about_kamala.txt_1893,28,28,MSNBC anchor Alex Wagner was clearly shocked by the brutal responses from black voters in Philadelphia when it came to why they were supporting former President Donald,Trump,instead of Vice President Kamala Harris .,trump
msnbc_anchor_shocked_by_brutal_responses_from_black_voters_in_philadelphia_about_kamala.txt_1893,33,33,MSNBC anchor Alex Wagner was clearly shocked by the brutal responses from black voters in Philadelphia when it came to why they were supporting former President Donald Trump instead of Vice President,Kamala,Harris .,kamala
msnbc_anchor_shocked_by_brutal_responses_from_black_voters_in_philadelphia_about_kamala.txt_1893,34,34,MSNBC anchor Alex Wagner was clearly shocked by the brutal responses from black voters in Philadelphia when it came to why they were supporting former President Donald Trump instead of Vice President Kamala,Harris,.,harris
msnbc_anchor_shocked_by_brutal_responses_from_black_voters_in_philadelphia_about_kamala.txt_1895,46,46,"“ She’s a woman of color . I’m not putting her down because of that , ” one woman said . “ I’m not putting her down because she’s a woman … but at the end of the day , I don’t think that [",Kamala,] has the personality . ”,kamala
msnbc_anchor_shocked_by_brutal_responses_from_black_voters_in_philadelphia_about_kamala.txt_1896,7,7,“ We all know she’s not,black,” – Surprised MSNBC aired this one . pic.twitter.com / U7mK7lofUO,black
msnbc_anchor_shocked_by_brutal_responses_from_black_voters_in_philadelphia_about_kamala.txt_1899,7,7,When asked if it was because,Harris,"is a woman that she wasn’t supporting her , another woman said no — she just doesn’t “ have the qualification or the education to really run America . Because she don’t have the experience . She don’t understand our struggles . And for me to believe you for another",harris
msnbc_anchor_shocked_by_brutal_responses_from_black_voters_in_philadelphia_about_kamala.txt_1900,14,14,"A third woman said , “ The first time I heard the name",Kamala,"Harris , it was in association to locking up parents for truancy … I really didn’t understand how this person claims to be a black woman , but yet she’s locking up black women and black men and separating families . ”",kamala
msnbc_anchor_shocked_by_brutal_responses_from_black_voters_in_philadelphia_about_kamala.txt_1900,15,15,"A third woman said , “ The first time I heard the name Kamala",Harris,", it was in association to locking up parents for truancy … I really didn’t understand how this person claims to be a black woman , but yet she’s locking up black women and black men and separating families . ”",harris
msnbc_anchor_shocked_by_brutal_responses_from_black_voters_in_philadelphia_about_kamala.txt_1900,39,39,"A third woman said , “ The first time I heard the name Kamala Harris , it was in association to locking up parents for truancy … I really didn’t understand how this person claims to be a",black,"woman , but yet she’s locking up black women and black men and separating families . ”",black
msnbc_anchor_shocked_by_brutal_responses_from_black_voters_in_philadelphia_about_kamala.txt_1900,47,47,"A third woman said , “ The first time I heard the name Kamala Harris , it was in association to locking up parents for truancy … I really didn’t understand how this person claims to be a black woman , but yet she’s locking up",black,women and black men and separating families . ”,black
msnbc_anchor_shocked_by_brutal_responses_from_black_voters_in_philadelphia_about_kamala.txt_1900,48,48,"A third woman said , “ The first time I heard the name Kamala Harris , it was in association to locking up parents for truancy … I really didn’t understand how this person claims to be a black woman , but yet she’s locking up black",women,and black men and separating families . ”,men
msnbc_anchor_shocked_by_brutal_responses_from_black_voters_in_philadelphia_about_kamala.txt_1900,50,50,"A third woman said , “ The first time I heard the name Kamala Harris , it was in association to locking up parents for truancy … I really didn’t understand how this person claims to be a black woman , but yet she’s locking up black women and",black,men and separating families . ”,black
msnbc_anchor_shocked_by_brutal_responses_from_black_voters_in_philadelphia_about_kamala.txt_1900,51,51,"A third woman said , “ The first time I heard the name Kamala Harris , it was in association to locking up parents for truancy … I really didn’t understand how this person claims to be a black woman , but yet she’s locking up black women and black",men,and separating families . ”,men
msnbc_anchor_shocked_by_brutal_responses_from_black_voters_in_philadelphia_about_kamala.txt_1902,6,6,Another voter was asked about,Trump’s,comments earlier in the campaign about how Harris previously embraced her Indian heritage before she embraced being black .,trump
msnbc_anchor_shocked_by_brutal_responses_from_black_voters_in_philadelphia_about_kamala.txt_1902,7,7,Another voter was asked about Trump’s,comments,earlier in the campaign about how Harris previously embraced her Indian heritage before she embraced being black .,men
msnbc_anchor_shocked_by_brutal_responses_from_black_voters_in_philadelphia_about_kamala.txt_1902,14,14,Another voter was asked about Trump’s comments earlier in the campaign about how,Harris,previously embraced her Indian heritage before she embraced being black .,harris
msnbc_anchor_shocked_by_brutal_responses_from_black_voters_in_philadelphia_about_kamala.txt_1902,24,24,Another voter was asked about Trump’s comments earlier in the campaign about how Harris previously embraced her Indian heritage before she embraced being,black,.,black
msnbc_anchor_shocked_by_brutal_responses_from_black_voters_in_philadelphia_about_kamala.txt_1904,12,12,"Another woman interjected , “ We all know that she’s not",black,", let’s understand that . … But my point of view is , she’s already been there . She’s in office right now . ”",black
msnbc_anchor_shocked_by_brutal_responses_from_black_voters_in_philadelphia_about_kamala.txt_1905,15,15,"Later , a group voters explained why they were definitely pulling the lever for",Trump,.,trump
msnbc_anchor_shocked_by_brutal_responses_from_black_voters_in_philadelphia_about_kamala.txt_1906,6,6,"“ For me , it’s",immigration,". I myself come from an immigrant family . I’m Guatemalan , ” one person said . “ And for us , seeing the new immigrants come in , they’re more violent , it’s more chaos . ”",immigration
msnbc_anchor_shocked_by_brutal_responses_from_black_voters_in_philadelphia_about_kamala.txt_1906,13,13,"“ For me , it’s immigration . I myself come from an",immigrant,"family . I’m Guatemalan , ” one person said . “ And for us , seeing the new immigrants come in , they’re more violent , it’s more chaos . ”",immigrant
msnbc_anchor_shocked_by_brutal_responses_from_black_voters_in_philadelphia_about_kamala.txt_1906,32,32,"“ For me , it’s immigration . I myself come from an immigrant family . I’m Guatemalan , ” one person said . “ And for us , seeing the new",immigrants,"come in , they’re more violent , it’s more chaos . ”",immigrant
msnbc_anchor_shocked_by_brutal_responses_from_black_voters_in_philadelphia_about_kamala.txt_1907,35,35,"“ And we’ve been here for longer than them , and it’s starting to affect us more because stuff is getting stolen , ” he added . “ They’re making us look bad as",immigrants,and we’ve been here longer than them . And we’re getting more misrepresentation because of them . ”,immigrant
msnbc_anchor_shocked_by_brutal_responses_from_black_voters_in_philadelphia_about_kamala.txt_1908,8,8,Another person said they were voting for,Trump,"“ unequivocally , period . No one else is going to persuade us . We’re two weeks out , and we won’t sleep until November 6 , ” MSNBC reported .",trump
my_completely_unprejudiced_rundown_on_why_kamala_harris_sucks.txt_1913,7,7,My Completely Unprejudiced Rundown On Why,Kamala,Harris Sucks,kamala
my_completely_unprejudiced_rundown_on_why_kamala_harris_sucks.txt_1913,8,8,My Completely Unprejudiced Rundown On Why Kamala,Harris,Sucks,harris
my_completely_unprejudiced_rundown_on_why_kamala_harris_sucks.txt_1919,1,1,,Kamala,Harris is going to make sure that billionaires pay their fair share of the money she’s going to give you for voting for her .,kamala
my_completely_unprejudiced_rundown_on_why_kamala_harris_sucks.txt_1919,2,2,Kamala,Harris,is going to make sure that billionaires pay their fair share of the money she’s going to give you for voting for her .,harris
my_completely_unprejudiced_rundown_on_why_kamala_harris_sucks.txt_1920,67,67,"is rapidly drawing near , so it’s time we set partisanship aside and took a clear-eyed , objective look at our choices . Are we going to give our vote to an orange-colored demagogue whose reckless rhetoric reveals a tyrannical disregard for American freedoms ? Or will we go with",Donald,"Trump ? ( And okay , that question might have confused you because of the reference to being orange . But — I mean , look at her ! )",donald
my_completely_unprejudiced_rundown_on_why_kamala_harris_sucks.txt_1920,68,68,"rapidly drawing near , so it’s time we set partisanship aside and took a clear-eyed , objective look at our choices . Are we going to give our vote to an orange-colored demagogue whose reckless rhetoric reveals a tyrannical disregard for American freedoms ? Or will we go with Donald",Trump,"? ( And okay , that question might have confused you because of the reference to being orange . But — I mean , look at her ! )",trump
my_completely_unprejudiced_rundown_on_why_kamala_harris_sucks.txt_1922,53,53,"mustn’t get carried away by our emotions or our endlessly elaborate and essentially meaningless quicksand metaphors , and should instead try to ensure that our final decision results from making a careful examination of policies and character until we develop a wholly dispassionate and unprejudiced overview of just how badly",Kamala,Harris sucks .,kamala
my_completely_unprejudiced_rundown_on_why_kamala_harris_sucks.txt_1922,54,54,"get carried away by our emotions or our endlessly elaborate and essentially meaningless quicksand metaphors , and should instead try to ensure that our final decision results from making a careful examination of policies and character until we develop a wholly dispassionate and unprejudiced overview of just how badly Kamala",Harris,sucks .,harris
my_completely_unprejudiced_rundown_on_why_kamala_harris_sucks.txt_1923,15,15,So we should be open to searching out some of the positive things about,Kamala,. Like … we’re not married to her . We don’t have to listen to that laugh day after day until we start having dreams that we’re locked in a closet with the Joker from the Saturday morning Batman cartoons and then wake up with our hands around her throat,kamala
my_completely_unprejudiced_rundown_on_why_kamala_harris_sucks.txt_1924,5,5,"Also , in a",Kamala,"Harris administration , America could return to the days when a man who was willing to work hard could finally make enough money to pay off the college debts of some harridan who majored in feminist rage and now spends her time making TikTok videos denouncing the patriarchy from the",kamala
my_completely_unprejudiced_rundown_on_why_kamala_harris_sucks.txt_1924,6,6,"Also , in a Kamala",Harris,"administration , America could return to the days when a man who was willing to work hard could finally make enough money to pay off the college debts of some harridan who majored in feminist rage and now spends her time making TikTok videos denouncing the patriarchy from the front",harris
my_completely_unprejudiced_rundown_on_why_kamala_harris_sucks.txt_1925,4,4,And as for,Donald,"Trump , yes , he’d probably bring down prices and avoid World War III , but think of all the terrible things he’s said in all those news media reports of terrible things he never said . Do you want to spend four more years raging at things the news",donald
my_completely_unprejudiced_rundown_on_why_kamala_harris_sucks.txt_1925,5,5,And as for Donald,Trump,", yes , he’d probably bring down prices and avoid World War III , but think of all the terrible things he’s said in all those news media reports of terrible things he never said . Do you want to spend four more years raging at things the news media",trump
my_completely_unprejudiced_rundown_on_why_kamala_harris_sucks.txt_1926,6,6,Then there’s the fact that,Kamala,"Harris is going to make sure that billionaires pay their fair share of the money she’s going to give you for voting for her . Donald Trump , meanwhile , plans to dynamite the deep state until all that’s left is flaming rubble and a collection of screaming bureaucrats scattering",kamala
my_completely_unprejudiced_rundown_on_why_kamala_harris_sucks.txt_1926,7,7,Then there’s the fact that Kamala,Harris,"is going to make sure that billionaires pay their fair share of the money she’s going to give you for voting for her . Donald Trump , meanwhile , plans to dynamite the deep state until all that’s left is flaming rubble and a collection of screaming bureaucrats scattering in",harris
my_completely_unprejudiced_rundown_on_why_kamala_harris_sucks.txt_1926,32,32,Then there’s the fact that Kamala Harris is going to make sure that billionaires pay their fair share of the money she’s going to give you for voting for her .,Donald,"Trump , meanwhile , plans to dynamite the deep state until all that’s left is flaming rubble and a collection of screaming bureaucrats scattering in every direction like panicked ants trying to escape a spray can of Raid . Sure , that would be hilarious , but without bureaucrats ,",donald
my_completely_unprejudiced_rundown_on_why_kamala_harris_sucks.txt_1926,33,33,Then there’s the fact that Kamala Harris is going to make sure that billionaires pay their fair share of the money she’s going to give you for voting for her . Donald,Trump,", meanwhile , plans to dynamite the deep state until all that’s left is flaming rubble and a collection of screaming bureaucrats scattering in every direction like panicked ants trying to escape a spray can of Raid . Sure , that would be hilarious , but without bureaucrats , where",trump
my_completely_unprejudiced_rundown_on_why_kamala_harris_sucks.txt_1927,12,12,And now the news media has shocked us all by comparing,Donald,"Trump to Hitler like they always do . And yes , they’re lying , but that’s no reason not to believe them . If you’re going to stop believing the news media just because they lie , you’d have to walk around not believing them all the time , and",donald
my_completely_unprejudiced_rundown_on_why_kamala_harris_sucks.txt_1927,13,13,And now the news media has shocked us all by comparing Donald,Trump,"to Hitler like they always do . And yes , they’re lying , but that’s no reason not to believe them . If you’re going to stop believing the news media just because they lie , you’d have to walk around not believing them all the time , and it",trump
my_completely_unprejudiced_rundown_on_why_kamala_harris_sucks.txt_1927,99,99,", you’d have to walk around not believing them all the time , and it would be as if David Muir was just sitting there with his mouth moving and no sound coming out . And okay , that would be great . But that’s no reason to vote for",Trump,. Or at least it’s only one reason .,trump
my_completely_unprejudiced_rundown_on_why_kamala_harris_sucks.txt_1928,34,34,"So America , put your prejudices aside and choose wisely . Because while these are two candidates who are both orange in their own way , only one of them has worked for",McDonald’s,while Kamala Harris sucks .,donald
my_completely_unprejudiced_rundown_on_why_kamala_harris_sucks.txt_1928,36,36,"So America , put your prejudices aside and choose wisely . Because while these are two candidates who are both orange in their own way , only one of them has worked for McDonald’s while",Kamala,Harris sucks .,kamala
my_completely_unprejudiced_rundown_on_why_kamala_harris_sucks.txt_1928,37,37,"So America , put your prejudices aside and choose wisely . Because while these are two candidates who are both orange in their own way , only one of them has worked for McDonald’s while Kamala",Harris,sucks .,harris
my_completely_unprejudiced_rundown_on_why_kamala_harris_sucks.txt_1931,32,32,Andrew Klavan is the host of “ The Andrew Klavan Show ” at The Daily Wire . He is the bestselling author of the Cameron Winter Mystery series . The fourth,installment,", “ A WOMAN UNDERGROUND , ” is now available . Follow him on X : @andrewklavan",men
new_york_times_ignored_examples_of_kamalas_plagiarism_withheld_them_from_cited_expert.txt_1938,7,7,New York Times Ignored Examples Of,Kamala’s,"Plagiarism , Withheld Them From Cited ‘ Expert ’",kamala
new_york_times_ignored_examples_of_kamalas_plagiarism_withheld_them_from_cited_expert.txt_1944,13,13,The Times ignored more than a dozen additional examples of plagiarism in,Harris,' book,harris
new_york_times_ignored_examples_of_kamalas_plagiarism_withheld_them_from_cited_expert.txt_1945,14,14,The New York Times on Monday attempted to downplay evidence that Vice President,Kamala,Harris plagiarized sections of her 2009 book “ Smart on Crime . ”,kamala
new_york_times_ignored_examples_of_kamalas_plagiarism_withheld_them_from_cited_expert.txt_1945,15,15,The New York Times on Monday attempted to downplay evidence that Vice President Kamala,Harris,plagiarized sections of her 2009 book “ Smart on Crime . ”,harris
new_york_times_ignored_examples_of_kamalas_plagiarism_withheld_them_from_cited_expert.txt_1947,69,69,"“ Plagiarism Hunter ” Stefan Weber , took to X on Monday afternoon to debunk the Times article . Rufo provided emails sent to Times reporter Stephanie Saul , one of three authors of the article , the headline of which reads : “ Conservative Activist Seizes on Passages From",Harris,Book . ”,harris
new_york_times_ignored_examples_of_kamalas_plagiarism_withheld_them_from_cited_expert.txt_1948,10,10,“ The Times claims that I only argued that,Kamala,"Harris plagiarized ‘ five sections ’ involving ‘ about 500 words , ’ ” Rufo wrote . “ But this isn’t true . In my story , I wrote that Stefan Weber argued there are ‘ more than a dozen ’ instances of ‘ vicious plagiarism . ’ This past",kamala
new_york_times_ignored_examples_of_kamalas_plagiarism_withheld_them_from_cited_expert.txt_1948,11,11,“ The Times claims that I only argued that Kamala,Harris,"plagiarized ‘ five sections ’ involving ‘ about 500 words , ’ ” Rufo wrote . “ But this isn’t true . In my story , I wrote that Stefan Weber argued there are ‘ more than a dozen ’ instances of ‘ vicious plagiarism . ’ This past Saturday",harris
new_york_times_ignored_examples_of_kamalas_plagiarism_withheld_them_from_cited_expert.txt_1951,11,11,1 . The Times claims that I only argued that,Kamala,"Harris plagiarized “ five sections ” involving “ about 500 words . ” But this isn’t true . In my story , I wrote that Stefan Weber argued there … pic.twitter.com / gAyPdbwZIn",kamala
new_york_times_ignored_examples_of_kamalas_plagiarism_withheld_them_from_cited_expert.txt_1951,12,12,1 . The Times claims that I only argued that Kamala,Harris,"plagiarized “ five sections ” involving “ about 500 words . ” But this isn’t true . In my story , I wrote that Stefan Weber argued there … pic.twitter.com / gAyPdbwZIn",harris
new_york_times_ignored_examples_of_kamalas_plagiarism_withheld_them_from_cited_expert.txt_1955,2,2,“,Harris,"not only copied multiple paragraphs of other people’s work verbatim , but she often lifted those ideas directly and at face value , ” Rufo said . “ In one case , she came to the wrong conclusion because she copied Wikipedia—i.e . , she stole a bad idea ,",harris
new_york_times_ignored_examples_of_kamalas_plagiarism_withheld_them_from_cited_expert.txt_1958,26,26,"But on X , Bailey addressed concerns by saying he had “ NOT performed a full analysis of the book , ” adding that his",comments,“ were based on information provided to me by the reporters and spoke only about those passages . ”,men
new_york_times_ignored_examples_of_kamalas_plagiarism_withheld_them_from_cited_expert.txt_1962,2,2,Rufo,commented,"on Bailey’s post , noting that the Times only provided Bailey with five passages , “ in other words , it deliberately withheld more than a dozen of the accusations in an attempt to manipulate the expert and run interference for Kamala Harris . This is pure corruption . ”",men
new_york_times_ignored_examples_of_kamalas_plagiarism_withheld_them_from_cited_expert.txt_1962,44,44,"Rufo commented on Bailey’s post , noting that the Times only provided Bailey with five passages , “ in other words , it deliberately withheld more than a dozen of the accusations in an attempt to manipulate the expert and run interference for",Kamala,Harris . This is pure corruption . ”,kamala
new_york_times_ignored_examples_of_kamalas_plagiarism_withheld_them_from_cited_expert.txt_1962,45,45,"Rufo commented on Bailey’s post , noting that the Times only provided Bailey with five passages , “ in other words , it deliberately withheld more than a dozen of the accusations in an attempt to manipulate the expert and run interference for Kamala",Harris,. This is pure corruption . ”,harris
new_york_times_ignored_examples_of_kamalas_plagiarism_withheld_them_from_cited_expert.txt_1963,40,40,"The New York Times provided its “ plagiarism expert ” with only five plagiarized passages—in other words , it deliberately withheld more than a dozen of the accusations in an attempt to manipulate the expert and run interference for",Kamala,Harris . This is pure corruption . : / / t.co / KFlrJ1sSSm,kamala
new_york_times_ignored_examples_of_kamalas_plagiarism_withheld_them_from_cited_expert.txt_1963,41,41,"The New York Times provided its “ plagiarism expert ” with only five plagiarized passages—in other words , it deliberately withheld more than a dozen of the accusations in an attempt to manipulate the expert and run interference for Kamala",Harris,. This is pure corruption . : / / t.co / KFlrJ1sSSm,harris
new_york_times_ignored_examples_of_kamalas_plagiarism_withheld_them_from_cited_expert.txt_1967,6,6,The Times ’ handling of,Harris,"’ plagiarism is markedly different than how it handled allegations of plagiarism against Republican Sen . Rand Paul of Kentucky . When Paul was found to have plagiarized passages , the Times published at least three stories on the matter and one opinion piece . In each example , the",harris
new_york_times_ignored_examples_of_kamalas_plagiarism_withheld_them_from_cited_expert.txt_1968,12,12,"As The Daily Wire reported on Monday , the publisher of",Harris,"’ book , Chronicle Books , appears to be in “ damage-control mode ” after accidentally sending Rufo an email from a higher-up .",harris
new_york_times_ignored_examples_of_kamalas_plagiarism_withheld_them_from_cited_expert.txt_1970,3,3,BREAKING :,Kamala,"Harris’s publisher , Chronicle Books , is in damage control mode . The company accidentally sent my team an internal communication indicating that VP Lauren Hoffman is requiring that all inquiries about Harris’s plagiarism go through the higher ups . pic.twitter.com / seiF3bu0R2",kamala
new_york_times_ignored_examples_of_kamalas_plagiarism_withheld_them_from_cited_expert.txt_1970,4,4,BREAKING : Kamala,Harris’s,"publisher , Chronicle Books , is in damage control mode . The company accidentally sent my team an internal communication indicating that VP Lauren Hoffman is requiring that all inquiries about Harris’s plagiarism go through the higher ups . pic.twitter.com / seiF3bu0R2",harris
new_york_times_ignored_examples_of_kamalas_plagiarism_withheld_them_from_cited_expert.txt_1970,36,36,"BREAKING : Kamala Harris’s publisher , Chronicle Books , is in damage control mode . The company accidentally sent my team an internal communication indicating that VP Lauren Hoffman is requiring that all inquiries about",Harris’s,plagiarism go through the higher ups . pic.twitter.com / seiF3bu0R2,harris
non_citizen_illegal_alien_voting_could_deliver_key_swing_states_to_harris_study_finds.txt_1977,12,12,"Non-Citizen , Illegal Alien Voting Could Deliver Key Swing States To",Harris,", Study Finds",harris
non_citizen_illegal_alien_voting_could_deliver_key_swing_states_to_harris_study_finds.txt_1984,31,31,"If a significant number of illegal aliens and other non-citizens manage to vote in the upcoming election , the voting bloc could flip swing states in favor of Vice President",Kamala,"Harris and deliver victory to the Democratic candidate , a new study reveals .",kamala
non_citizen_illegal_alien_voting_could_deliver_key_swing_states_to_harris_study_finds.txt_1984,32,32,"If a significant number of illegal aliens and other non-citizens manage to vote in the upcoming election , the voting bloc could flip swing states in favor of Vice President Kamala",Harris,"and deliver victory to the Democratic candidate , a new study reveals .",harris
non_citizen_illegal_alien_voting_could_deliver_key_swing_states_to_harris_study_finds.txt_1985,7,7,The report from the Center for,Immigration,"Studies ( CIS ) found that the number of voting age citizens in certain key swing states outnumbers the margins of victory in the 2020 election , indicating that non-citizens could materially change the outcome of the November 5th election if they are able to vote in significant numbers in",immigration
non_citizen_illegal_alien_voting_could_deliver_key_swing_states_to_harris_study_finds.txt_1986,27,27,"“ Census Bureau data collected earlier this year indicates that there are 23.2 million voting-age non-citizens in the country , roughly half of whom are illegal",immigrants,", ” CIS states . “ Our analysis does show that in a dozen states , plus the Nebraska 2nd district , the non-citizen population in 2024 is potentially large enough to exceed the state winner’s margin in 2020 . ”",immigrant
non_citizen_illegal_alien_voting_could_deliver_key_swing_states_to_harris_study_finds.txt_1987,53,53,", there are 12 states , plus the Nebraska 2nd congressional district , where the voting-age non-citizen population is larger in 2024 than the state winner’s margin of victory in the last presidential election , ” CIS reported before highlighting specific swing states that could be most impacted by illegal",immigrant,and other non-citizen voting .,immigrant
non_citizen_illegal_alien_voting_could_deliver_key_swing_states_to_harris_study_finds.txt_1990,4,4,— Center for,Immigration,"Studies ( @CIS_org ) October 23 , 2024",immigration
non_citizen_illegal_alien_voting_could_deliver_key_swing_states_to_harris_study_finds.txt_1994,13,13,Existing data indicates that non-citizen voting would likely be a boon for,Harris,", giving her an advantage over former President Donald Trump . About two-thirds of foreign-born citizens favored the Democrats over the Republicans in the 2016 election .",harris
non_citizen_illegal_alien_voting_could_deliver_key_swing_states_to_harris_study_finds.txt_1994,22,22,"Existing data indicates that non-citizen voting would likely be a boon for Harris , giving her an advantage over former President",Donald,Trump . About two-thirds of foreign-born citizens favored the Democrats over the Republicans in the 2016 election .,donald
non_citizen_illegal_alien_voting_could_deliver_key_swing_states_to_harris_study_finds.txt_1994,23,23,"Existing data indicates that non-citizen voting would likely be a boon for Harris , giving her an advantage over former President Donald",Trump,. About two-thirds of foreign-born citizens favored the Democrats over the Republicans in the 2016 election .,trump
non_citizen_illegal_alien_voting_could_deliver_key_swing_states_to_harris_study_finds.txt_1995,44,44,"“ Assuming non-citizens would have the same voting preferences as naturalized citizens in 2016 , then it would require 4.49 percent of non-citizens to vote in Georgia and 5.13 percent to vote in Arizona in 2024 for the net gain in votes for",Harris,"to exceed the margin of victory in the last presidential election , ” CIS explained . Some recent data , however , indicates that Harris holds a more modest 20 point advantage over Trump .",harris
non_citizen_illegal_alien_voting_could_deliver_key_swing_states_to_harris_study_finds.txt_1995,69,69,"require 4.49 percent of non-citizens to vote in Georgia and 5.13 percent to vote in Arizona in 2024 for the net gain in votes for Harris to exceed the margin of victory in the last presidential election , ” CIS explained . Some recent data , however , indicates that",Harris,holds a more modest 20 point advantage over Trump .,harris
non_citizen_illegal_alien_voting_could_deliver_key_swing_states_to_harris_study_finds.txt_1995,78,78,"and 5.13 percent to vote in Arizona in 2024 for the net gain in votes for Harris to exceed the margin of victory in the last presidential election , ” CIS explained . Some recent data , however , indicates that Harris holds a more modest 20 point advantage over",Trump,.,trump
non_citizen_illegal_alien_voting_could_deliver_key_swing_states_to_harris_study_finds.txt_1996,14,14,Leftwing organizations and donors appear to agree that bringing in large numbers of,immigrants,"and allowing them to vote would help the Democratic Party . The analysis from CIS comes as a recent investigation from The Daily Wire found that far-Left organizations funded by Democratic mega donor George Soros have naturalized citizens in order to turn them into voters , saying the plan could",immigrant
non_citizen_illegal_alien_voting_could_deliver_key_swing_states_to_harris_study_finds.txt_1997,5,5,The role of mass,immigration,"on American elections has come into sharp focus this year , with conservative figures warning of its long-term implications .",immigration
non_citizen_illegal_alien_voting_could_deliver_key_swing_states_to_harris_study_finds.txt_1998,10,10,Sen . Ted Cruz ( R-TX ) alleged that,Harris,"supports mass immigration because it will shift America “ dramatically to the left , ” allowing Democrats to “ win every election forever . ” Elon Musk has similarly warned that illegal immigration bolsters the population figures of liberal sanctuary states and cities , resulting in the areas receiving a",harris
non_citizen_illegal_alien_voting_could_deliver_key_swing_states_to_harris_study_finds.txt_1998,13,13,Sen . Ted Cruz ( R-TX ) alleged that Harris supports mass,immigration,"because it will shift America “ dramatically to the left , ” allowing Democrats to “ win every election forever . ” Elon Musk has similarly warned that illegal immigration bolsters the population figures of liberal sanctuary states and cities , resulting in the areas receiving a higher number of",immigration
non_citizen_illegal_alien_voting_could_deliver_key_swing_states_to_harris_study_finds.txt_1998,43,43,"Sen . Ted Cruz ( R-TX ) alleged that Harris supports mass immigration because it will shift America “ dramatically to the left , ” allowing Democrats to “ win every election forever . ” Elon Musk has similarly warned that illegal",immigration,"bolsters the population figures of liberal sanctuary states and cities , resulting in the areas receiving a higher number of Congressional districts . Any legislation that provides amnesty for illegal aliens could have an even more drastic impact on the fate of American elections .",immigration
non_citizen_illegal_alien_voting_could_deliver_key_swing_states_to_harris_study_finds.txt_1999,11,11,Over 10 million people have crossed the border under the,Biden-Harris,"administration , with an estimated 1.7 million illegal immigrant gotaways recorded since the two took office in January 2021 . In the final days of the race , the Harris campaign has even run an advertisement that claims Democrats are the party of border security , featuring an image of",harris
non_citizen_illegal_alien_voting_could_deliver_key_swing_states_to_harris_study_finds.txt_1999,20,20,"Over 10 million people have crossed the border under the Biden-Harris administration , with an estimated 1.7 million illegal",immigrant,"gotaways recorded since the two took office in January 2021 . In the final days of the race , the Harris campaign has even run an advertisement that claims Democrats are the party of border security , featuring an image of former president Donald Trump’s border wall .",immigrant
non_citizen_illegal_alien_voting_could_deliver_key_swing_states_to_harris_study_finds.txt_1999,41,41,"Over 10 million people have crossed the border under the Biden-Harris administration , with an estimated 1.7 million illegal immigrant gotaways recorded since the two took office in January 2021 . In the final days of the race , the",Harris,"campaign has even run an advertisement that claims Democrats are the party of border security , featuring an image of former president Donald Trump’s border wall .",harris
non_citizen_illegal_alien_voting_could_deliver_key_swing_states_to_harris_study_finds.txt_1999,47,47,"Over 10 million people have crossed the border under the Biden-Harris administration , with an estimated 1.7 million illegal immigrant gotaways recorded since the two took office in January 2021 . In the final days of the race , the Harris campaign has even run an",advertisement,"that claims Democrats are the party of border security , featuring an image of former president Donald Trump’s border wall .",men
non_citizen_illegal_alien_voting_could_deliver_key_swing_states_to_harris_study_finds.txt_1999,64,64,"with an estimated 1.7 million illegal immigrant gotaways recorded since the two took office in January 2021 . In the final days of the race , the Harris campaign has even run an advertisement that claims Democrats are the party of border security , featuring an image of former president",Donald,Trump’s border wall .,donald
non_citizen_illegal_alien_voting_could_deliver_key_swing_states_to_harris_study_finds.txt_1999,65,65,"an estimated 1.7 million illegal immigrant gotaways recorded since the two took office in January 2021 . In the final days of the race , the Harris campaign has even run an advertisement that claims Democrats are the party of border security , featuring an image of former president Donald",Trump’s,border wall .,trump
not_encouraging_nyt_warns_kamala_in_trouble_as_poll_finds_her_tied_with_trump_topStoryPosition_1.txt_2004,8,8,‘ Not Encouraging ’ : NYT Warns,Kamala,In Trouble As Poll Finds Her Tied With Trump,kamala
not_encouraging_nyt_warns_kamala_in_trouble_as_poll_finds_her_tied_with_trump_topStoryPosition_1.txt_2004,17,17,‘ Not Encouraging ’ : NYT Warns Kamala In Trouble As Poll Finds Her Tied With,Trump,,trump
not_encouraging_nyt_warns_kamala_in_trouble_as_poll_finds_her_tied_with_trump_topStoryPosition_1.txt_2010,1,1,,Trump,and Harris are tied at 48 % in the latest NYT / Siena poll .,trump
not_encouraging_nyt_warns_kamala_in_trouble_as_poll_finds_her_tied_with_trump_topStoryPosition_1.txt_2010,3,3,Trump and,Harris,are tied at 48 % in the latest NYT / Siena poll .,harris
not_encouraging_nyt_warns_kamala_in_trouble_as_poll_finds_her_tied_with_trump_topStoryPosition_1.txt_2011,11,11,The New York Times warned on Friday that Vice President,Kamala,Harris may be in trouble after its latest poll found her tied nationally with former President Donald Trump .,kamala
not_encouraging_nyt_warns_kamala_in_trouble_as_poll_finds_her_tied_with_trump_topStoryPosition_1.txt_2011,12,12,The New York Times warned on Friday that Vice President Kamala,Harris,may be in trouble after its latest poll found her tied nationally with former President Donald Trump .,harris
not_encouraging_nyt_warns_kamala_in_trouble_as_poll_finds_her_tied_with_trump_topStoryPosition_1.txt_2011,28,28,The New York Times warned on Friday that Vice President Kamala Harris may be in trouble after its latest poll found her tied nationally with former President,Donald,Trump .,donald
not_encouraging_nyt_warns_kamala_in_trouble_as_poll_finds_her_tied_with_trump_topStoryPosition_1.txt_2011,29,29,The New York Times warned on Friday that Vice President Kamala Harris may be in trouble after its latest poll found her tied nationally with former President Donald,Trump,.,trump
not_encouraging_nyt_warns_kamala_in_trouble_as_poll_finds_her_tied_with_trump_topStoryPosition_1.txt_2012,15,15,"The Times and Siena College poll of 2,516 likely voters from October 20-23 found",Harris,and Trump tied at 48 % as Americans remain pessimistic about the state of the country . The poll brought the RealClearPolitics average of the contest between Harris and Trump to a tie at 48.5 % .,harris
not_encouraging_nyt_warns_kamala_in_trouble_as_poll_finds_her_tied_with_trump_topStoryPosition_1.txt_2012,17,17,"The Times and Siena College poll of 2,516 likely voters from October 20-23 found Harris and",Trump,tied at 48 % as Americans remain pessimistic about the state of the country . The poll brought the RealClearPolitics average of the contest between Harris and Trump to a tie at 48.5 % .,trump
not_encouraging_nyt_warns_kamala_in_trouble_as_poll_finds_her_tied_with_trump_topStoryPosition_1.txt_2012,43,43,"The Times and Siena College poll of 2,516 likely voters from October 20-23 found Harris and Trump tied at 48 % as Americans remain pessimistic about the state of the country . The poll brought the RealClearPolitics average of the contest between",Harris,and Trump to a tie at 48.5 % .,harris
not_encouraging_nyt_warns_kamala_in_trouble_as_poll_finds_her_tied_with_trump_topStoryPosition_1.txt_2012,45,45,"The Times and Siena College poll of 2,516 likely voters from October 20-23 found Harris and Trump tied at 48 % as Americans remain pessimistic about the state of the country . The poll brought the RealClearPolitics average of the contest between Harris and",Trump,to a tie at 48.5 % .,trump
not_encouraging_nyt_warns_kamala_in_trouble_as_poll_finds_her_tied_with_trump_topStoryPosition_1.txt_2013,29,29,"“ The result , coming less than two weeks before Election Day , and as millions of Americans have already voted , is not encouraging for Ms .",Harris,", ” the Times wrote of its most recent poll , adding , “ [ Democrats ] have been looking to Ms . Harris to build a strong national lead as a sign that she would do well in such critical swing states as Michigan , Pennsylvania and Wisconsin .",harris
not_encouraging_nyt_warns_kamala_in_trouble_as_poll_finds_her_tied_with_trump_topStoryPosition_1.txt_2013,53,53,"result , coming less than two weeks before Election Day , and as millions of Americans have already voted , is not encouraging for Ms . Harris , ” the Times wrote of its most recent poll , adding , “ [ Democrats ] have been looking to Ms .",Harris,"to build a strong national lead as a sign that she would do well in such critical swing states as Michigan , Pennsylvania and Wisconsin . ”",harris
not_encouraging_nyt_warns_kamala_in_trouble_as_poll_finds_her_tied_with_trump_topStoryPosition_1.txt_2015,5,5,The Times said that,Harris,appears to have weakened among likely voters since its last poll .,harris
not_encouraging_nyt_warns_kamala_in_trouble_as_poll_finds_her_tied_with_trump_topStoryPosition_1.txt_2016,4,4,“ Ms .,Harris’s,"position , if anything , may have declined among likely voters since the last Times / Siena College poll , taken in early October . At the time , she had a slight lead over Mr . Trump , 49 percent to 46 percent . The change is within the",harris
not_encouraging_nyt_warns_kamala_in_trouble_as_poll_finds_her_tied_with_trump_topStoryPosition_1.txt_2016,42,42,"“ Ms . Harris’s position , if anything , may have declined among likely voters since the last Times / Siena College poll , taken in early October . At the time , she had a slight lead over Mr .",Trump,", 49 percent to 46 percent . The change is within the margin of error , but The Times’s national polling average has registered a tightening in polls over the past few weeks as well , suggesting at the very least that this contest has drawn even closer . ”",trump
not_encouraging_nyt_warns_kamala_in_trouble_as_poll_finds_her_tied_with_trump_topStoryPosition_1.txt_2018,15,15,"The top issues for the voters were the economy ( 27 % ) ,",immigration,"( 15 % ) , and abortion ( 15 % ) . On Those issues , Trump was trusted more on the economy ( 52 % - 45 % ) and immigration ( 54 % - 43 % ) while Harris was trusted more on abortion ( 55 % -",immigration
not_encouraging_nyt_warns_kamala_in_trouble_as_poll_finds_her_tied_with_trump_topStoryPosition_1.txt_2018,32,32,"The top issues for the voters were the economy ( 27 % ) , immigration ( 15 % ) , and abortion ( 15 % ) . On Those issues ,",Trump,was trusted more on the economy ( 52 % - 45 % ) and immigration ( 54 % - 43 % ) while Harris was trusted more on abortion ( 55 % - 40 % ) .,trump
not_encouraging_nyt_warns_kamala_in_trouble_as_poll_finds_her_tied_with_trump_topStoryPosition_1.txt_2018,47,47,"The top issues for the voters were the economy ( 27 % ) , immigration ( 15 % ) , and abortion ( 15 % ) . On Those issues , Trump was trusted more on the economy ( 52 % - 45 % ) and",immigration,( 54 % - 43 % ) while Harris was trusted more on abortion ( 55 % - 40 % ) .,immigration
not_encouraging_nyt_warns_kamala_in_trouble_as_poll_finds_her_tied_with_trump_topStoryPosition_1.txt_2018,56,56,"voters were the economy ( 27 % ) , immigration ( 15 % ) , and abortion ( 15 % ) . On Those issues , Trump was trusted more on the economy ( 52 % - 45 % ) and immigration ( 54 % - 43 % ) while",Harris,was trusted more on abortion ( 55 % - 40 % ) .,harris
not_encouraging_nyt_warns_kamala_in_trouble_as_poll_finds_her_tied_with_trump_topStoryPosition_1.txt_2019,13,13,"“ I was very , extremely disappointed in her response to our",immigration,"issue , ” 27-year-old Larrissa Alexander told the Times . “ And when she was first elected , that was one of the things that she was tasked with handling . And she accepted that responsibility . And then every time she was asked about it or pressed about it",immigration
not_encouraging_nyt_warns_kamala_in_trouble_as_poll_finds_her_tied_with_trump_topStoryPosition_1.txt_2020,14,14,The poll found a large gap between male and female support for both,Trump,"and Harris . Among men surveyed , Trump led 55 % - 41 % while Harris led women 54 % - 42 % .",trump
not_encouraging_nyt_warns_kamala_in_trouble_as_poll_finds_her_tied_with_trump_topStoryPosition_1.txt_2020,16,16,The poll found a large gap between male and female support for both Trump and,Harris,". Among men surveyed , Trump led 55 % - 41 % while Harris led women 54 % - 42 % .",harris
not_encouraging_nyt_warns_kamala_in_trouble_as_poll_finds_her_tied_with_trump_topStoryPosition_1.txt_2020,19,19,The poll found a large gap between male and female support for both Trump and Harris . Among,men,"surveyed , Trump led 55 % - 41 % while Harris led women 54 % - 42 % .",men
not_encouraging_nyt_warns_kamala_in_trouble_as_poll_finds_her_tied_with_trump_topStoryPosition_1.txt_2020,22,22,"The poll found a large gap between male and female support for both Trump and Harris . Among men surveyed ,",Trump,led 55 % - 41 % while Harris led women 54 % - 42 % .,trump
not_encouraging_nyt_warns_kamala_in_trouble_as_poll_finds_her_tied_with_trump_topStoryPosition_1.txt_2020,30,30,"The poll found a large gap between male and female support for both Trump and Harris . Among men surveyed , Trump led 55 % - 41 % while",Harris,led women 54 % - 42 % .,harris
not_encouraging_nyt_warns_kamala_in_trouble_as_poll_finds_her_tied_with_trump_topStoryPosition_1.txt_2020,32,32,"The poll found a large gap between male and female support for both Trump and Harris . Among men surveyed , Trump led 55 % - 41 % while Harris led",women,54 % - 42 % .,men
publisher_in_damage_control_mode_after_report_detailing_kamalas_alleged_plagiarism.txt_2025,10,10,Publisher In ‘ Damage-Control Mode ’ After Report Detailing,Kamala’s,Alleged Plagiarism,kamala
publisher_in_damage_control_mode_after_report_detailing_kamalas_alleged_plagiarism.txt_2032,10,10,Just hours after Christopher Rufo reported that Vice President,Kamala,"Harris had allegedly plagiarized multiple sections of her 2009 book , “ Smart on Crime , ” Rufo reported that the book’s publisher had accidentally sent him an email showing it was in “ damage-control mode . ”",kamala
publisher_in_damage_control_mode_after_report_detailing_kamalas_alleged_plagiarism.txt_2032,11,11,Just hours after Christopher Rufo reported that Vice President Kamala,Harris,"had allegedly plagiarized multiple sections of her 2009 book , “ Smart on Crime , ” Rufo reported that the book’s publisher had accidentally sent him an email showing it was in “ damage-control mode . ”",harris
publisher_in_damage_control_mode_after_report_detailing_kamalas_alleged_plagiarism.txt_2033,4,4,“ BREAKING :,Kamala,"Harris’s publisher , Chronicle Books , is in damage control mode . The company accidentally sent my team an internal communication indicating that VP Lauren Hoffman is requiring that all inquiries about Harris’s plagiarism go through the higher ups , ” Rufo posted on X .",kamala
publisher_in_damage_control_mode_after_report_detailing_kamalas_alleged_plagiarism.txt_2033,5,5,“ BREAKING : Kamala,Harris’s,"publisher , Chronicle Books , is in damage control mode . The company accidentally sent my team an internal communication indicating that VP Lauren Hoffman is requiring that all inquiries about Harris’s plagiarism go through the higher ups , ” Rufo posted on X .",harris
publisher_in_damage_control_mode_after_report_detailing_kamalas_alleged_plagiarism.txt_2033,37,37,"“ BREAKING : Kamala Harris’s publisher , Chronicle Books , is in damage control mode . The company accidentally sent my team an internal communication indicating that VP Lauren Hoffman is requiring that all inquiries about",Harris’s,"plagiarism go through the higher ups , ” Rufo posted on X .",harris
publisher_in_damage_control_mode_after_report_detailing_kamalas_alleged_plagiarism.txt_2036,20,20,"“ Per Lauren Hoffman ( VP , Executive Director of Marketing and Publicity ) please do not respond or",comment,"on any inquiries regarding SMART ON CRIME , and please continue to forward them directly to me . Really appreciate your help on this it is a sensitive topic . ”",men
publisher_in_damage_control_mode_after_report_detailing_kamalas_alleged_plagiarism.txt_2037,3,3,BREAKING :,Kamala,"Harris's publisher , Chronicle Books , is in damage control mode . The company accidentally sent my team an internal communication indicating that VP Lauren Hoffman is requiring that all inquiries about Harris's plagiarism go through the higher ups . pic.twitter.com / seiF3bu0R2",kamala
publisher_in_damage_control_mode_after_report_detailing_kamalas_alleged_plagiarism.txt_2037,4,4,BREAKING : Kamala,Harris's,"publisher , Chronicle Books , is in damage control mode . The company accidentally sent my team an internal communication indicating that VP Lauren Hoffman is requiring that all inquiries about Harris's plagiarism go through the higher ups . pic.twitter.com / seiF3bu0R2",harris
publisher_in_damage_control_mode_after_report_detailing_kamalas_alleged_plagiarism.txt_2037,36,36,"BREAKING : Kamala Harris's publisher , Chronicle Books , is in damage control mode . The company accidentally sent my team an internal communication indicating that VP Lauren Hoffman is requiring that all inquiries about",Harris's,plagiarism go through the higher ups . pic.twitter.com / seiF3bu0R2,harris
publisher_in_damage_control_mode_after_report_detailing_kamalas_alleged_plagiarism.txt_2041,8,8,“ Conservative Activist Seizes on Passages From,Harris,"Book , ” the New York Times headline read . The article went on to explain that a “ plagiarism expert ” had determined that the obviously lifted passages were “ not serious . ”",harris
publisher_in_damage_control_mode_after_report_detailing_kamalas_alleged_plagiarism.txt_2043,32,32,"“ Somebody hang this in the Louvre , ” Rufo said of the NYT piece . “ The New York Times claims that I ‘ seize [ d ] on ’",Kamala,"Harris’s serial plagiarism . Admits later in the story that it is , in fact , plagiarism . And then calls noticing that fact ‘ racist . ' ”",kamala
publisher_in_damage_control_mode_after_report_detailing_kamalas_alleged_plagiarism.txt_2043,33,33,"“ Somebody hang this in the Louvre , ” Rufo said of the NYT piece . “ The New York Times claims that I ‘ seize [ d ] on ’ Kamala",Harris’s,"serial plagiarism . Admits later in the story that it is , in fact , plagiarism . And then calls noticing that fact ‘ racist . ' ”",harris
publisher_in_damage_control_mode_after_report_detailing_kamalas_alleged_plagiarism.txt_2044,22,22,"Somebody hang this in the Louvre . The New York Times claims that I "" seize [ d ] on """,Kamala,"Harris's serial plagiarism . Admits later in the story that it is , in fact , plagiarism . And then calls noticing that fact "" racist . "" pic.twitter.com / igfEpwP1h7",kamala
publisher_in_damage_control_mode_after_report_detailing_kamalas_alleged_plagiarism.txt_2044,23,23,"Somebody hang this in the Louvre . The New York Times claims that I "" seize [ d ] on "" Kamala",Harris's,"serial plagiarism . Admits later in the story that it is , in fact , plagiarism . And then calls noticing that fact "" racist . "" pic.twitter.com / igfEpwP1h7",harris
publisher_in_damage_control_mode_after_report_detailing_kamalas_alleged_plagiarism.txt_2047,8,8,“ The spin is already on from,Kamala’s,media lapdogs at the New York Times . It was a fiery but mostly peaceful plagiarism ! ” the Trump War Room account commented .,kamala
publisher_in_damage_control_mode_after_report_detailing_kamalas_alleged_plagiarism.txt_2047,28,28,“ The spin is already on from Kamala’s media lapdogs at the New York Times . It was a fiery but mostly peaceful plagiarism ! ” the,Trump,War Room account commented .,trump
publisher_in_damage_control_mode_after_report_detailing_kamalas_alleged_plagiarism.txt_2047,32,32,“ The spin is already on from Kamala’s media lapdogs at the New York Times . It was a fiery but mostly peaceful plagiarism ! ” the Trump War Room account,commented,.,men
publisher_in_damage_control_mode_after_report_detailing_kamalas_alleged_plagiarism.txt_2048,7,7,The spin is already on from,Kamala’s,media lapdogs at the New York Times .,kamala
publisher_in_damage_control_mode_after_report_detailing_kamalas_alleged_plagiarism.txt_2050,2,2,—,Trump,"War Room ( @TrumpWarRoom ) October 14 , 2024",trump
publisher_in_damage_control_mode_after_report_detailing_kamalas_alleged_plagiarism.txt_2050,6,6,— Trump War Room (,@TrumpWarRoom,") October 14 , 2024",trump
publisher_in_damage_control_mode_after_report_detailing_kamalas_alleged_plagiarism.txt_2052,16,16,“ Pay close attention : The New York Times consults a plagiarism expert who confirms,Kamala,"Harris plagiarized but says it was harmless and ‘ amounts to an error and not an intent to defraud . ’ Okay , that’s a value judgment that obscures fact : She plagiarized . And we get a ‘ Conservatives Pounce ’ - style dismissal , too . This is",kamala
publisher_in_damage_control_mode_after_report_detailing_kamalas_alleged_plagiarism.txt_2052,17,17,“ Pay close attention : The New York Times consults a plagiarism expert who confirms Kamala,Harris,"plagiarized but says it was harmless and ‘ amounts to an error and not an intent to defraud . ’ Okay , that’s a value judgment that obscures fact : She plagiarized . And we get a ‘ Conservatives Pounce ’ - style dismissal , too . This is called",harris
publisher_in_damage_control_mode_after_report_detailing_kamalas_alleged_plagiarism.txt_2052,43,43,"“ Pay close attention : The New York Times consults a plagiarism expert who confirms Kamala Harris plagiarized but says it was harmless and ‘ amounts to an error and not an intent to defraud . ’ Okay , that’s a value",judgment,"that obscures fact : She plagiarized . And we get a ‘ Conservatives Pounce ’ - style dismissal , too . This is called running cover for the home team , ” Andrew Walker posted .",men
publisher_in_damage_control_mode_after_report_detailing_kamalas_alleged_plagiarism.txt_2053,15,15,Pay close attention : The New York Times consults a plagiarism expert who confirms,Kamala,"Harris plagiarized but says it was harmless and “ amounts to an error and not an intent to defraud . ” Okay , that’s a value judgment that obscures fact : She plagiarized .",kamala
publisher_in_damage_control_mode_after_report_detailing_kamalas_alleged_plagiarism.txt_2053,16,16,Pay close attention : The New York Times consults a plagiarism expert who confirms Kamala,Harris,"plagiarized but says it was harmless and “ amounts to an error and not an intent to defraud . ” Okay , that’s a value judgment that obscures fact : She plagiarized .",harris
publisher_in_damage_control_mode_after_report_detailing_kamalas_alleged_plagiarism.txt_2053,42,42,"Pay close attention : The New York Times consults a plagiarism expert who confirms Kamala Harris plagiarized but says it was harmless and “ amounts to an error and not an intent to defraud . ” Okay , that’s a value",judgment,that obscures fact : She plagiarized .,men
publisher_in_damage_control_mode_after_report_detailing_kamalas_alleged_plagiarism.txt_2058,15,15,"“ Hi , I’m JD Vance . I wrote my own book , unlike",Kamala,"Harris , who copied hers from Wikipedia . ”",kamala
publisher_in_damage_control_mode_after_report_detailing_kamalas_alleged_plagiarism.txt_2058,16,16,"“ Hi , I’m JD Vance . I wrote my own book , unlike Kamala",Harris,", who copied hers from Wikipedia . ”",harris
publisher_in_damage_control_mode_after_report_detailing_kamalas_alleged_plagiarism.txt_2059,14,14,"Hi , I'm JD Vance . I wrote my own book , unlike",Kamala,"Harris , who copied hers from Wikipedia . : / / t.co / tkZvK8LrI3",kamala
publisher_in_damage_control_mode_after_report_detailing_kamalas_alleged_plagiarism.txt_2059,15,15,"Hi , I'm JD Vance . I wrote my own book , unlike Kamala",Harris,", who copied hers from Wikipedia . : / / t.co / tkZvK8LrI3",harris
race_to_the_middle_which_candidate_resonates_more_with_middle_america.txt_2073,6,6,The following is an edited,transcript,of an interview between Daily Wire Editor-in-Chief John Bickley and Newsweek’s Deputy Opinion Editor Batya Ungar-Sargon on the state of the U.S . Presidential race on a special Saturday edition of Morning Wire .,trans
race_to_the_middle_which_candidate_resonates_more_with_middle_america.txt_2074,20,20,"In the final run-up to election day , the two presidential candidates are sharpening their pitch to voters .",Donald,"Trump remains focused on the economy and immigration , while Kamala Harris seems to be shifting back to the Democrat message of Trump being a “ danger to democracy . ” But whose vision for the country resonates with more Americans ? In this episode we speak with Batya Ungar-Sargon",donald
race_to_the_middle_which_candidate_resonates_more_with_middle_america.txt_2074,21,21,"In the final run-up to election day , the two presidential candidates are sharpening their pitch to voters . Donald",Trump,"remains focused on the economy and immigration , while Kamala Harris seems to be shifting back to the Democrat message of Trump being a “ danger to democracy . ” But whose vision for the country resonates with more Americans ? In this episode we speak with Batya Ungar-Sargon ,",trump
race_to_the_middle_which_candidate_resonates_more_with_middle_america.txt_2074,28,28,"In the final run-up to election day , the two presidential candidates are sharpening their pitch to voters . Donald Trump remains focused on the economy and",immigration,", while Kamala Harris seems to be shifting back to the Democrat message of Trump being a “ danger to democracy . ” But whose vision for the country resonates with more Americans ? In this episode we speak with Batya Ungar-Sargon , deputy opinion editor at Newsweek about the",immigration
race_to_the_middle_which_candidate_resonates_more_with_middle_america.txt_2074,31,31,"In the final run-up to election day , the two presidential candidates are sharpening their pitch to voters . Donald Trump remains focused on the economy and immigration , while",Kamala,"Harris seems to be shifting back to the Democrat message of Trump being a “ danger to democracy . ” But whose vision for the country resonates with more Americans ? In this episode we speak with Batya Ungar-Sargon , deputy opinion editor at Newsweek about the stark contrasts between",kamala
race_to_the_middle_which_candidate_resonates_more_with_middle_america.txt_2074,32,32,"In the final run-up to election day , the two presidential candidates are sharpening their pitch to voters . Donald Trump remains focused on the economy and immigration , while Kamala",Harris,"seems to be shifting back to the Democrat message of Trump being a “ danger to democracy . ” But whose vision for the country resonates with more Americans ? In this episode we speak with Batya Ungar-Sargon , deputy opinion editor at Newsweek about the stark contrasts between Trump",harris
race_to_the_middle_which_candidate_resonates_more_with_middle_america.txt_2074,43,43,"In the final run-up to election day , the two presidential candidates are sharpening their pitch to voters . Donald Trump remains focused on the economy and immigration , while Kamala Harris seems to be shifting back to the Democrat message of",Trump,"being a “ danger to democracy . ” But whose vision for the country resonates with more Americans ? In this episode we speak with Batya Ungar-Sargon , deputy opinion editor at Newsweek about the stark contrasts between Trump and Harris .",trump
race_to_the_middle_which_candidate_resonates_more_with_middle_america.txt_2074,82,82,"Harris seems to be shifting back to the Democrat message of Trump being a “ danger to democracy . ” But whose vision for the country resonates with more Americans ? In this episode we speak with Batya Ungar-Sargon , deputy opinion editor at Newsweek about the stark contrasts between",Trump,and Harris .,trump
race_to_the_middle_which_candidate_resonates_more_with_middle_america.txt_2074,84,84,"to be shifting back to the Democrat message of Trump being a “ danger to democracy . ” But whose vision for the country resonates with more Americans ? In this episode we speak with Batya Ungar-Sargon , deputy opinion editor at Newsweek about the stark contrasts between Trump and",Harris,.,harris
race_to_the_middle_which_candidate_resonates_more_with_middle_america.txt_2076,38,38,"JOHN : Joining us to discuss the current state of the presidential race , including the gender and class divide , is Batya Ungar-Sargon , author of “ Second Class : How the Elites Betrayed America’s Working",Men,"and Women . ” Batya , great to have you back on .",men
race_to_the_middle_which_candidate_resonates_more_with_middle_america.txt_2076,40,40,"JOHN : Joining us to discuss the current state of the presidential race , including the gender and class divide , is Batya Ungar-Sargon , author of “ Second Class : How the Elites Betrayed America’s Working Men and",Women,". ” Batya , great to have you back on .",men
race_to_the_middle_which_candidate_resonates_more_with_middle_america.txt_2078,42,42,"JOHN : Well , we love hearing that and having you on . First , we’ve seen a new article from The Atlantic that the legacy media has given a lot of weight to . It levels some ugly claims against",Trump,"about supposedly praising Hitler’s generals and disparaging a slain soldier – it’s based on unnamed sources . Everyone on the record , however , has said it’s nonsense . What are we to make of this story and how the legacy media are approaching it just days out from the",trump
race_to_the_middle_which_candidate_resonates_more_with_middle_america.txt_2079,16,16,"BATYA : It’s amazing , right ? We’re right back where we started , “",Trump,"is Hitler . ” They just can’t keep away from it . And when they first trotted Kamala Harris out in what was nothing short of a coup against President Biden , replacing him with her at the top of the ticket , I think they thought she was going",trump
race_to_the_middle_which_candidate_resonates_more_with_middle_america.txt_2079,34,34,"BATYA : It’s amazing , right ? We’re right back where we started , “ Trump is Hitler . ” They just can’t keep away from it . And when they first trotted",Kamala,"Harris out in what was nothing short of a coup against President Biden , replacing him with her at the top of the ticket , I think they thought she was going to emerge as some sort of phoenix from the ashes of the Democratic Party – as if we",kamala
race_to_the_middle_which_candidate_resonates_more_with_middle_america.txt_2079,35,35,"BATYA : It’s amazing , right ? We’re right back where we started , “ Trump is Hitler . ” They just can’t keep away from it . And when they first trotted Kamala",Harris,"out in what was nothing short of a coup against President Biden , replacing him with her at the top of the ticket , I think they thought she was going to emerge as some sort of phoenix from the ashes of the Democratic Party – as if we had",harris
race_to_the_middle_which_candidate_resonates_more_with_middle_america.txt_2079,88,88,"what was nothing short of a coup against President Biden , replacing him with her at the top of the ticket , I think they thought she was going to emerge as some sort of phoenix from the ashes of the Democratic Party – as if we had never met",Kamala,"Harris before , as if we didn’t know who she was . They really acted like this was a person no one had ever met . I think they believed that she was going to invigorate the base so powerfully that they could retire the “ Trump is Hitler ;",kamala
race_to_the_middle_which_candidate_resonates_more_with_middle_america.txt_2079,89,89,"was nothing short of a coup against President Biden , replacing him with her at the top of the ticket , I think they thought she was going to emerge as some sort of phoenix from the ashes of the Democratic Party – as if we had never met Kamala",Harris,"before , as if we didn’t know who she was . They really acted like this was a person no one had ever met . I think they believed that she was going to invigorate the base so powerfully that they could retire the “ Trump is Hitler ; Trump",harris
race_to_the_middle_which_candidate_resonates_more_with_middle_america.txt_2079,135,135,"had never met Kamala Harris before , as if we didn’t know who she was . They really acted like this was a person no one had ever met . I think they believed that she was going to invigorate the base so powerfully that they could retire the “",Trump,"is Hitler ; Trump is a fascist ; Trump is a threat to democracy . ” Now that they are seeing she is actually just the Kamala Harris that we all know from her forays into politics over the last two decades , they’ve fallen back on what they think",trump
race_to_the_middle_which_candidate_resonates_more_with_middle_america.txt_2079,139,139,"Harris before , as if we didn’t know who she was . They really acted like this was a person no one had ever met . I think they believed that she was going to invigorate the base so powerfully that they could retire the “ Trump is Hitler ;",Trump,"is a fascist ; Trump is a threat to democracy . ” Now that they are seeing she is actually just the Kamala Harris that we all know from her forays into politics over the last two decades , they’ve fallen back on what they think is their winning argument",trump
race_to_the_middle_which_candidate_resonates_more_with_middle_america.txt_2079,144,144,we didn’t know who she was . They really acted like this was a person no one had ever met . I think they believed that she was going to invigorate the base so powerfully that they could retire the “ Trump is Hitler ; Trump is a fascist ;,Trump,"is a threat to democracy . ” Now that they are seeing she is actually just the Kamala Harris that we all know from her forays into politics over the last two decades , they’ve fallen back on what they think is their winning argument , which is “ Trump",trump
race_to_the_middle_which_candidate_resonates_more_with_middle_america.txt_2079,162,162,ever met . I think they believed that she was going to invigorate the base so powerfully that they could retire the “ Trump is Hitler ; Trump is a fascist ; Trump is a threat to democracy . ” Now that they are seeing she is actually just the,Kamala,"Harris that we all know from her forays into politics over the last two decades , they’ve fallen back on what they think is their winning argument , which is “ Trump is Hitler , ” — which they had sort of promised to do away with , I think",kamala
race_to_the_middle_which_candidate_resonates_more_with_middle_america.txt_2079,163,163,met . I think they believed that she was going to invigorate the base so powerfully that they could retire the “ Trump is Hitler ; Trump is a fascist ; Trump is a threat to democracy . ” Now that they are seeing she is actually just the Kamala,Harris,"that we all know from her forays into politics over the last two decades , they’ve fallen back on what they think is their winning argument , which is “ Trump is Hitler , ” — which they had sort of promised to do away with , I think ,",harris
race_to_the_middle_which_candidate_resonates_more_with_middle_america.txt_2079,189,189,"Trump is a fascist ; Trump is a threat to democracy . ” Now that they are seeing she is actually just the Kamala Harris that we all know from her forays into politics over the last two decades , they’ve fallen back on what they think is their winning",argument,", which is “ Trump is Hitler , ” — which they had sort of promised to do away with , I think , in the wake of the first assassination attempt on his life . It really does smack of desperation , the fact that these are all unnamed",men
race_to_the_middle_which_candidate_resonates_more_with_middle_america.txt_2079,194,194,"Trump is a threat to democracy . ” Now that they are seeing she is actually just the Kamala Harris that we all know from her forays into politics over the last two decades , they’ve fallen back on what they think is their winning argument , which is “",Trump,"is Hitler , ” — which they had sort of promised to do away with , I think , in the wake of the first assassination attempt on his life . It really does smack of desperation , the fact that these are all unnamed sources ; the fact that",trump
race_to_the_middle_which_candidate_resonates_more_with_middle_america.txt_2079,262,262,"think , in the wake of the first assassination attempt on his life . It really does smack of desperation , the fact that these are all unnamed sources ; the fact that the allegations are exactly the same . The Atlantic had an article a couple weeks ago arguing",Trump,"is Hitler , Mussolini , and Stalin , right ? They’re trying to up the ante . And , of course , it’s so depressing because what it does is cheapen the impact Hitler actually had in this world . It cheapens who these people were , Mussolini and Stalin",trump
race_to_the_middle_which_candidate_resonates_more_with_middle_america.txt_2079,381,381,"somebody who just wants the best for his country . I think we’re really seeing , both on the Left and on the Right , an inability to comprehend why Hitler was that bad . That’s really what we’ve gotten to . It’s not just that it engenders attempts on",Donald,"Trump’s life , but it also really cheapens the history that a lot of people really suffered through .",donald
race_to_the_middle_which_candidate_resonates_more_with_middle_america.txt_2079,382,382,"who just wants the best for his country . I think we’re really seeing , both on the Left and on the Right , an inability to comprehend why Hitler was that bad . That’s really what we’ve gotten to . It’s not just that it engenders attempts on Donald",Trump’s,"life , but it also really cheapens the history that a lot of people really suffered through .",trump
race_to_the_middle_which_candidate_resonates_more_with_middle_america.txt_2081,7,7,"JOHN : Meanwhile , we have",Trump,"on the campaign trail serving fries to Americans and looking like a very relatable , non-threatening man who’s having a great time on the campaign trail . A lot of times you can see who’s winning by who’s having the most fun , right ? Look , we keep hearing",trump
race_to_the_middle_which_candidate_resonates_more_with_middle_america.txt_2081,64,64,"to Americans and looking like a very relatable , non-threatening man who’s having a great time on the campaign trail . A lot of times you can see who’s winning by who’s having the most fun , right ? Look , we keep hearing about the gender gap – you",mentioned,"the identity question : “ Women for Harris , men for Trump . ” And a lot of polling does show this to be true . What do you see as the motivations behind that ?",men
race_to_the_middle_which_candidate_resonates_more_with_middle_america.txt_2081,70,70,"very relatable , non-threatening man who’s having a great time on the campaign trail . A lot of times you can see who’s winning by who’s having the most fun , right ? Look , we keep hearing about the gender gap – you mentioned the identity question : “",Women,"for Harris , men for Trump . ” And a lot of polling does show this to be true . What do you see as the motivations behind that ?",men
race_to_the_middle_which_candidate_resonates_more_with_middle_america.txt_2081,72,72,", non-threatening man who’s having a great time on the campaign trail . A lot of times you can see who’s winning by who’s having the most fun , right ? Look , we keep hearing about the gender gap – you mentioned the identity question : “ Women for",Harris,", men for Trump . ” And a lot of polling does show this to be true . What do you see as the motivations behind that ?",harris
race_to_the_middle_which_candidate_resonates_more_with_middle_america.txt_2081,74,74,"man who’s having a great time on the campaign trail . A lot of times you can see who’s winning by who’s having the most fun , right ? Look , we keep hearing about the gender gap – you mentioned the identity question : “ Women for Harris ,",men,for Trump . ” And a lot of polling does show this to be true . What do you see as the motivations behind that ?,men
race_to_the_middle_which_candidate_resonates_more_with_middle_america.txt_2081,76,76,"having a great time on the campaign trail . A lot of times you can see who’s winning by who’s having the most fun , right ? Look , we keep hearing about the gender gap – you mentioned the identity question : “ Women for Harris , men for",Trump,. ” And a lot of polling does show this to be true . What do you see as the motivations behind that ?,trump
race_to_the_middle_which_candidate_resonates_more_with_middle_america.txt_2082,22,22,"BATYA : It’s interesting , because what we’re really seeing here is the class divide mapping onto the gender divide .",Harris,"is appealing to college educated women and Donald Trump is appealing to working class men . Of course , this has a lot to do with the aesthetics of the campaign . You mentioned Trump at McDonald’s and what I found so amazing about that moment was he showed up",harris
race_to_the_middle_which_candidate_resonates_more_with_middle_america.txt_2082,28,28,"BATYA : It’s interesting , because what we’re really seeing here is the class divide mapping onto the gender divide . Harris is appealing to college educated",women,"and Donald Trump is appealing to working class men . Of course , this has a lot to do with the aesthetics of the campaign . You mentioned Trump at McDonald’s and what I found so amazing about that moment was he showed up in his suit and did not",men
race_to_the_middle_which_candidate_resonates_more_with_middle_america.txt_2082,30,30,"BATYA : It’s interesting , because what we’re really seeing here is the class divide mapping onto the gender divide . Harris is appealing to college educated women and",Donald,"Trump is appealing to working class men . Of course , this has a lot to do with the aesthetics of the campaign . You mentioned Trump at McDonald’s and what I found so amazing about that moment was he showed up in his suit and did not take off",donald
race_to_the_middle_which_candidate_resonates_more_with_middle_america.txt_2082,31,31,"BATYA : It’s interesting , because what we’re really seeing here is the class divide mapping onto the gender divide . Harris is appealing to college educated women and Donald",Trump,"is appealing to working class men . Of course , this has a lot to do with the aesthetics of the campaign . You mentioned Trump at McDonald’s and what I found so amazing about that moment was he showed up in his suit and did not take off his",trump
race_to_the_middle_which_candidate_resonates_more_with_middle_america.txt_2082,37,37,"BATYA : It’s interesting , because what we’re really seeing here is the class divide mapping onto the gender divide . Harris is appealing to college educated women and Donald Trump is appealing to working class",men,". Of course , this has a lot to do with the aesthetics of the campaign . You mentioned Trump at McDonald’s and what I found so amazing about that moment was he showed up in his suit and did not take off his tie . He put the McDonald’s",men
race_to_the_middle_which_candidate_resonates_more_with_middle_america.txt_2082,56,56,"because what we’re really seeing here is the class divide mapping onto the gender divide . Harris is appealing to college educated women and Donald Trump is appealing to working class men . Of course , this has a lot to do with the aesthetics of the campaign . You",mentioned,Trump at McDonald’s and what I found so amazing about that moment was he showed up in his suit and did not take off his tie . He put the McDonald’s apron over the costume of Donald Trump . I think what that really showed was that he did not,men
race_to_the_middle_which_candidate_resonates_more_with_middle_america.txt_2082,57,57,"what we’re really seeing here is the class divide mapping onto the gender divide . Harris is appealing to college educated women and Donald Trump is appealing to working class men . Of course , this has a lot to do with the aesthetics of the campaign . You mentioned",Trump,at McDonald’s and what I found so amazing about that moment was he showed up in his suit and did not take off his tie . He put the McDonald’s apron over the costume of Donald Trump . I think what that really showed was that he did not think,trump
race_to_the_middle_which_candidate_resonates_more_with_middle_america.txt_2082,59,59,"really seeing here is the class divide mapping onto the gender divide . Harris is appealing to college educated women and Donald Trump is appealing to working class men . Of course , this has a lot to do with the aesthetics of the campaign . You mentioned Trump at",McDonald’s,and what I found so amazing about that moment was he showed up in his suit and did not take off his tie . He put the McDonald’s apron over the costume of Donald Trump . I think what that really showed was that he did not think this was,donald
race_to_the_middle_which_candidate_resonates_more_with_middle_america.txt_2082,68,68,"the gender divide . Harris is appealing to college educated women and Donald Trump is appealing to working class men . Of course , this has a lot to do with the aesthetics of the campaign . You mentioned Trump at McDonald’s and what I found so amazing about that",moment,was he showed up in his suit and did not take off his tie . He put the McDonald’s apron over the costume of Donald Trump . I think what that really showed was that he did not think this was a degraded job . He did not think that,men
race_to_the_middle_which_candidate_resonates_more_with_middle_america.txt_2082,87,87,"men . Of course , this has a lot to do with the aesthetics of the campaign . You mentioned Trump at McDonald’s and what I found so amazing about that moment was he showed up in his suit and did not take off his tie . He put the",McDonald’s,apron over the costume of Donald Trump . I think what that really showed was that he did not think this was a degraded job . He did not think that you had to sort of dress down and be humiliated to take this job . He acted the part,donald
race_to_the_middle_which_candidate_resonates_more_with_middle_america.txt_2082,93,93,has a lot to do with the aesthetics of the campaign . You mentioned Trump at McDonald’s and what I found so amazing about that moment was he showed up in his suit and did not take off his tie . He put the McDonald’s apron over the costume of,Donald,Trump . I think what that really showed was that he did not think this was a degraded job . He did not think that you had to sort of dress down and be humiliated to take this job . He acted the part of a McDonald’s worker with a,donald
race_to_the_middle_which_candidate_resonates_more_with_middle_america.txt_2082,94,94,a lot to do with the aesthetics of the campaign . You mentioned Trump at McDonald’s and what I found so amazing about that moment was he showed up in his suit and did not take off his tie . He put the McDonald’s apron over the costume of Donald,Trump,. I think what that really showed was that he did not think this was a degraded job . He did not think that you had to sort of dress down and be humiliated to take this job . He acted the part of a McDonald’s worker with a lot,trump
race_to_the_middle_which_candidate_resonates_more_with_middle_america.txt_2082,140,140,the costume of Donald Trump . I think what that really showed was that he did not think this was a degraded job . He did not think that you had to sort of dress down and be humiliated to take this job . He acted the part of a,McDonald’s,worker with a lot of dignity . And I think that is why people really responded to that image of him . He looked proud to be doing it . He looked happy to be doing it . And I really cannot think of another politician who could have pulled,donald
race_to_the_middle_which_candidate_resonates_more_with_middle_america.txt_2082,286,286,"he would reduce the corporate taxes of any company that reshores manufacturing from 21 % to 15 % . This is going to encourage radical reshoring of manufacturing . He said he’s going to appoint a czar to entice American businesses back to the United States . Of course ,",women,"work in factories . Of course , women do service industry jobs . Of course , women work jobs that have overtime . But they are jobs that require physical brawn and physicality , the kinds of jobs that used to deliver the American dream before the Democrats became the",men
race_to_the_middle_which_candidate_resonates_more_with_middle_america.txt_2082,294,294,"company that reshores manufacturing from 21 % to 15 % . This is going to encourage radical reshoring of manufacturing . He said he’s going to appoint a czar to entice American businesses back to the United States . Of course , women work in factories . Of course ,",women,"do service industry jobs . Of course , women work jobs that have overtime . But they are jobs that require physical brawn and physicality , the kinds of jobs that used to deliver the American dream before the Democrats became the party of the college educated . Meanwhile you",men
race_to_the_middle_which_candidate_resonates_more_with_middle_america.txt_2082,303,303,"% . This is going to encourage radical reshoring of manufacturing . He said he’s going to appoint a czar to entice American businesses back to the United States . Of course , women work in factories . Of course , women do service industry jobs . Of course ,",women,"work jobs that have overtime . But they are jobs that require physical brawn and physicality , the kinds of jobs that used to deliver the American dream before the Democrats became the party of the college educated . Meanwhile you look at the Harris campaign and she really is",men
race_to_the_middle_which_candidate_resonates_more_with_middle_america.txt_2082,348,348,"jobs . Of course , women work jobs that have overtime . But they are jobs that require physical brawn and physicality , the kinds of jobs that used to deliver the American dream before the Democrats became the party of the college educated . Meanwhile you look at the",Harris,"campaign and she really is targeting that female college educated sector of the population — people who have less economic insecurity , less economic struggle . People who are very , very invested in the question of abortion , honestly , to an extent that does not represent where the",harris
race_to_the_middle_which_candidate_resonates_more_with_middle_america.txt_2082,450,450,"majority of Americans are at , the middle and the working class , who have a much more moderate view on abortion . This idea that abortion should be legal in all cases is very correlated with whether or not you have a college degree , and of course ,",women,today in America are 15 points more likely to have that college degree . So it really reflects the way the Democrats have created an economy that really rewards women in a very big way .,men
race_to_the_middle_which_candidate_resonates_more_with_middle_america.txt_2082,480,480,"in all cases is very correlated with whether or not you have a college degree , and of course , women today in America are 15 points more likely to have that college degree . So it really reflects the way the Democrats have created an economy that really rewards",women,in a very big way .,men
race_to_the_middle_which_candidate_resonates_more_with_middle_america.txt_2084,12,12,"JOHN : Now , we’ve seen millions of dollars from the",Harris,campaign funneled into abortion-focused advertising . Do you think that’s having a positive effect for her campaign ?,harris
race_to_the_middle_which_candidate_resonates_more_with_middle_america.txt_2085,35,35,BATYA : I think the elites care more about cultural issues and the working class cares more about economic issues at this point . The elites have more money and more time and more,commitment,"as a result of that privilege to showing up and voting . So it was a very smart thing for her to do . Even though Donald Trump has promised that he would veto a national abortion ban , the Democrats are a much more natural party for people who",men
race_to_the_middle_which_candidate_resonates_more_with_middle_america.txt_2085,62,62,and the working class cares more about economic issues at this point . The elites have more money and more time and more commitment as a result of that privilege to showing up and voting . So it was a very smart thing for her to do . Even though,Donald,"Trump has promised that he would veto a national abortion ban , the Democrats are a much more natural party for people who believe in late-term abortions because Democratic politicians are unwilling to say what the upper limit on the right to an abortion should be . They refuse to",donald
race_to_the_middle_which_candidate_resonates_more_with_middle_america.txt_2085,63,63,the working class cares more about economic issues at this point . The elites have more money and more time and more commitment as a result of that privilege to showing up and voting . So it was a very smart thing for her to do . Even though Donald,Trump,"has promised that he would veto a national abortion ban , the Democrats are a much more natural party for people who believe in late-term abortions because Democratic politicians are unwilling to say what the upper limit on the right to an abortion should be . They refuse to give",trump
race_to_the_middle_which_candidate_resonates_more_with_middle_america.txt_2085,129,129,"much more natural party for people who believe in late-term abortions because Democratic politicians are unwilling to say what the upper limit on the right to an abortion should be . They refuse to give that . So even though it is Republicans whose view at this point , namely",Donald,"Trump , reflects more where the American people are at because of this question of the bans that she has been able to , I think , successfully tar Republicans with , she’s really been able to mobilize that elite , over-credentialed , educated female vote .",donald
race_to_the_middle_which_candidate_resonates_more_with_middle_america.txt_2085,130,130,"more natural party for people who believe in late-term abortions because Democratic politicians are unwilling to say what the upper limit on the right to an abortion should be . They refuse to give that . So even though it is Republicans whose view at this point , namely Donald",Trump,", reflects more where the American people are at because of this question of the bans that she has been able to , I think , successfully tar Republicans with , she’s really been able to mobilize that elite , over-credentialed , educated female vote .",trump
race_to_the_middle_which_candidate_resonates_more_with_middle_america.txt_2087,6,6,"JOHN : Now , you",mentioned,the economic policies of Trump . Harris has presented some of her own policy proposals . Can you walk us through the differences there ?,men
race_to_the_middle_which_candidate_resonates_more_with_middle_america.txt_2087,11,11,"JOHN : Now , you mentioned the economic policies of",Trump,. Harris has presented some of her own policy proposals . Can you walk us through the differences there ?,trump
race_to_the_middle_which_candidate_resonates_more_with_middle_america.txt_2087,13,13,"JOHN : Now , you mentioned the economic policies of Trump .",Harris,has presented some of her own policy proposals . Can you walk us through the differences there ?,harris
race_to_the_middle_which_candidate_resonates_more_with_middle_america.txt_2088,38,38,"BATYA : Absolutely . About one month in , she came out with an economic agenda she’s been calling an “ opportunity economy . ” And she had three main promises . The first was a massive",investment,"in small businesses by way of tax cuts . People have sort of poked holes in that and said , “ Well , a tax cut for a new business is not really going to help those people because they’re not going to have a lot of revenue those first",men
race_to_the_middle_which_candidate_resonates_more_with_middle_america.txt_2088,404,404,"better to working class people , you sort of raise taxes on the rich and then redistribute that , which , of course , working class people don’t want that . They don’t want somebody else’s tax cuts . They don’t want welfare . They want much more of what",Trump,"is offering , which is a protectionist economy , an economy that looks at the economy as a whole and says , ” How can we protect the labor of workers ? ” And Trump , of course , does that through tariffs , through , getting rid of free",trump
race_to_the_middle_which_candidate_resonates_more_with_middle_america.txt_2088,439,439,"else’s tax cuts . They don’t want welfare . They want much more of what Trump is offering , which is a protectionist economy , an economy that looks at the economy as a whole and says , ” How can we protect the labor of workers ? ” And",Trump,", of course , does that through tariffs , through , getting rid of free trade and then of course , through limiting the supply of labor through immigration control .",trump
race_to_the_middle_which_candidate_resonates_more_with_middle_america.txt_2088,468,468,"at the economy as a whole and says , ” How can we protect the labor of workers ? ” And Trump , of course , does that through tariffs , through , getting rid of free trade and then of course , through limiting the supply of labor through",immigration,control .,immigration
race_to_the_middle_which_candidate_resonates_more_with_middle_america.txt_2090,5,5,JOHN : Speaking of,immigration,", I wanted to ask you about that next . There’s a stark difference between these two candidates on this – and this issue converges with the economy instantly . We’ve seen this playing out in all kinds of very specific ways – including with the Haitian migrants in some",immigration
race_to_the_middle_which_candidate_resonates_more_with_middle_america.txt_2090,69,69,difference between these two candidates on this – and this issue converges with the economy instantly . We’ve seen this playing out in all kinds of very specific ways – including with the Haitian migrants in some of these small towns that’s been highlighted in the debates . How is,Harris,trying to counter the immigration message ? Is she doing an effective job at all ?,harris
race_to_the_middle_which_candidate_resonates_more_with_middle_america.txt_2090,74,74,on this – and this issue converges with the economy instantly . We’ve seen this playing out in all kinds of very specific ways – including with the Haitian migrants in some of these small towns that’s been highlighted in the debates . How is Harris trying to counter the,immigration,message ? Is she doing an effective job at all ?,immigration
race_to_the_middle_which_candidate_resonates_more_with_middle_america.txt_2091,47,47,"BATYA : I think she’s sort of thrown up her hands on it , honestly . She was sort of caught between a rock and a hard place because she was second in command in the Biden administration , which has been an absolute disaster for",immigration,". Opening the border and effectively allowing in 10 million undocumented immigrants to compete with Americans at the bottom end of the wage spectrum . And what’s actually worse is when they finally , finally — after three and a half years — decided to take executive action , what",immigration
race_to_the_middle_which_candidate_resonates_more_with_middle_america.txt_2091,58,58,"thrown up her hands on it , honestly . She was sort of caught between a rock and a hard place because she was second in command in the Biden administration , which has been an absolute disaster for immigration . Opening the border and effectively allowing in 10 million",undocumented,"immigrants to compete with Americans at the bottom end of the wage spectrum . And what’s actually worse is when they finally , finally — after three and a half years — decided to take executive action , what they did was create legal pathways to parole a whole bunch",men
race_to_the_middle_which_candidate_resonates_more_with_middle_america.txt_2091,59,59,"up her hands on it , honestly . She was sort of caught between a rock and a hard place because she was second in command in the Biden administration , which has been an absolute disaster for immigration . Opening the border and effectively allowing in 10 million undocumented",immigrants,"to compete with Americans at the bottom end of the wage spectrum . And what’s actually worse is when they finally , finally — after three and a half years — decided to take executive action , what they did was create legal pathways to parole a whole bunch of",immigrant
race_to_the_middle_which_candidate_resonates_more_with_middle_america.txt_2091,166,166,"the mess at the border anymore . They have actually paroled hundreds and hundreds of thousands of people into the country to compete legally with American workers . And of course , that is why this is happening . The gains that working class Americans had been seeing throughout the",Trump,"presidency , and then in the post pandemic labor crunch , were halted immediately . And there’s just been precipitous wage losses now — wage theft , to be honest , from working class people because of all of these paroled people . So the Haitians in Springfield are part",trump
race_to_the_middle_which_candidate_resonates_more_with_middle_america.txt_2091,264,264,"Springfield are part of that group . They were paroled into the country by the Biden administration , I believe , because he thought that halting working class wage growth was the only way to tamp inflation down and to get that stigma off of his administration . So when",Trump,"shows up and says , “ They’re eating the cats , they’re eating the dogs , they’re eating the pets of the people in Springfield , ” they’re probably not eating their cats and their dogs . They’re not doing anything to the pets . What they’re doing is they’re",trump
race_to_the_middle_which_candidate_resonates_more_with_middle_america.txt_2092,20,20,"JOHN : A lot of folks would agree . Now , final question : Energy was a focus for",Trump,in 2016 when he won . It’s a focus again now . Can you lay out the contrasts between these two candidates when it comes to energy policies ?,trump
race_to_the_middle_which_candidate_resonates_more_with_middle_america.txt_2093,7,7,BATYA : It’s interesting . That’s,Trump’s,"answer when people ask him , “ How are you going to get inflation down ? ” And he says , I think accurately , “ Energy is one of the biggest drivers of inflation . ” Because , of course , there’s energy at stake in everything to do",trump
race_to_the_middle_which_candidate_resonates_more_with_middle_america.txt_2093,72,72,"down ? ” And he says , I think accurately , “ Energy is one of the biggest drivers of inflation . ” Because , of course , there’s energy at stake in everything to do with groceries , everything to do with food , whether it’s growing it ,",transporting,"it , feeding cattle — everything . The cost of energy is going to be a huge driver in the cost of everything else . Trump wants to “ drill baby drill . ” He wants to use every method available . He wants us to be energy independent ,",trans
race_to_the_middle_which_candidate_resonates_more_with_middle_america.txt_2093,98,98,"course , there’s energy at stake in everything to do with groceries , everything to do with food , whether it’s growing it , transporting it , feeding cattle — everything . The cost of energy is going to be a huge driver in the cost of everything else .",Trump,"wants to “ drill baby drill . ” He wants to use every method available . He wants us to be energy independent , which of course is a huge , huge contributor to the sovereignty of our nation . Kamala Harris was , at one time , a very",trump
race_to_the_middle_which_candidate_resonates_more_with_middle_america.txt_2093,139,139,"huge driver in the cost of everything else . Trump wants to “ drill baby drill . ” He wants to use every method available . He wants us to be energy independent , which of course is a huge , huge contributor to the sovereignty of our nation .",Kamala,"Harris was , at one time , a very big Green New Deal extremist , but like immigration , she sort of tried very hard not to talk about this topic because even the voters in her party are no longer there . Everybody wants to get back to this",kamala
race_to_the_middle_which_candidate_resonates_more_with_middle_america.txt_2093,140,140,"driver in the cost of everything else . Trump wants to “ drill baby drill . ” He wants to use every method available . He wants us to be energy independent , which of course is a huge , huge contributor to the sovereignty of our nation . Kamala",Harris,"was , at one time , a very big Green New Deal extremist , but like immigration , she sort of tried very hard not to talk about this topic because even the voters in her party are no longer there . Everybody wants to get back to this sort",harris
race_to_the_middle_which_candidate_resonates_more_with_middle_america.txt_2093,157,157,"He wants to use every method available . He wants us to be energy independent , which of course is a huge , huge contributor to the sovereignty of our nation . Kamala Harris was , at one time , a very big Green New Deal extremist , but like",immigration,", she sort of tried very hard not to talk about this topic because even the voters in her party are no longer there . Everybody wants to get back to this sort of very moderate center . So she has not been able to express where she stands on",immigration
race_to_the_middle_which_candidate_resonates_more_with_middle_america.txt_2093,232,232,". Everybody wants to get back to this sort of very moderate center . So she has not been able to express where she stands on this issue , like many other issues , because in order to win now , she has to pivot far , far away from",commitments,"she’s made in the past . I think this is why they call Trump “ Hitler ” day in and day out , because it is Trump who has the moderate middle position on every issue . You look at where Trump is at , whether it’s abortion , whether",men
race_to_the_middle_which_candidate_resonates_more_with_middle_america.txt_2093,246,246,"So she has not been able to express where she stands on this issue , like many other issues , because in order to win now , she has to pivot far , far away from commitments she’s made in the past . I think this is why they call",Trump,"“ Hitler ” day in and day out , because it is Trump who has the moderate middle position on every issue . You look at where Trump is at , whether it’s abortion , whether it’s unions , whether it’s courting black voters , whether it’s energy , whether",trump
race_to_the_middle_which_candidate_resonates_more_with_middle_america.txt_2093,259,259,"issue , like many other issues , because in order to win now , she has to pivot far , far away from commitments she’s made in the past . I think this is why they call Trump “ Hitler ” day in and day out , because it is",Trump,"who has the moderate middle position on every issue . You look at where Trump is at , whether it’s abortion , whether it’s unions , whether it’s courting black voters , whether it’s energy , whether it’s immigration , even mass deportations – every one of these positions where",trump
race_to_the_middle_which_candidate_resonates_more_with_middle_america.txt_2093,274,274,"has to pivot far , far away from commitments she’s made in the past . I think this is why they call Trump “ Hitler ” day in and day out , because it is Trump who has the moderate middle position on every issue . You look at where",Trump,"is at , whether it’s abortion , whether it’s unions , whether it’s courting black voters , whether it’s energy , whether it’s immigration , even mass deportations – every one of these positions where Trump has eked himself out , that is where 50 , 60 , 70 %",trump
race_to_the_middle_which_candidate_resonates_more_with_middle_america.txt_2093,289,289,"I think this is why they call Trump “ Hitler ” day in and day out , because it is Trump who has the moderate middle position on every issue . You look at where Trump is at , whether it’s abortion , whether it’s unions , whether it’s courting",black,"voters , whether it’s energy , whether it’s immigration , even mass deportations – every one of these positions where Trump has eked himself out , that is where 50 , 60 , 70 % of Americans are at , and that is the real threat to the Democratic Party",black
race_to_the_middle_which_candidate_resonates_more_with_middle_america.txt_2093,298,298,"Hitler ” day in and day out , because it is Trump who has the moderate middle position on every issue . You look at where Trump is at , whether it’s abortion , whether it’s unions , whether it’s courting black voters , whether it’s energy , whether it’s",immigration,", even mass deportations – every one of these positions where Trump has eked himself out , that is where 50 , 60 , 70 % of Americans are at , and that is the real threat to the Democratic Party .",immigration
race_to_the_middle_which_candidate_resonates_more_with_middle_america.txt_2093,310,310,"who has the moderate middle position on every issue . You look at where Trump is at , whether it’s abortion , whether it’s unions , whether it’s courting black voters , whether it’s energy , whether it’s immigration , even mass deportations – every one of these positions where",Trump,"has eked himself out , that is where 50 , 60 , 70 % of Americans are at , and that is the real threat to the Democratic Party .",trump
religious_freedom_defenders_tear_into_kamala_for_denying_religious_exemptions_to_abortions.txt_2103,6,6,Religious Freedom Defenders Tear Into,Kamala,For Denying Religious Exemptions To Abortions,kamala
religious_freedom_defenders_tear_into_kamala_for_denying_religious_exemptions_to_abortions.txt_2110,7,7,Top conservative voices slammed Vice President,Kamala,Harris for saying she would not allow religious exemptions for abortions as president in a Tuesday interview .,kamala
religious_freedom_defenders_tear_into_kamala_for_denying_religious_exemptions_to_abortions.txt_2110,8,8,Top conservative voices slammed Vice President Kamala,Harris,for saying she would not allow religious exemptions for abortions as president in a Tuesday interview .,harris
religious_freedom_defenders_tear_into_kamala_for_denying_religious_exemptions_to_abortions.txt_2111,1,1,,Harris,"’ comments came in an interview with NBC News ’ Hallie Jackson , who asked Harris : “ What concessions would be on the table ? Religious exemptions , for example ? Is that something you would consider ? ”",harris
religious_freedom_defenders_tear_into_kamala_for_denying_religious_exemptions_to_abortions.txt_2111,3,3,Harris ’,comments,"came in an interview with NBC News ’ Hallie Jackson , who asked Harris : “ What concessions would be on the table ? Religious exemptions , for example ? Is that something you would consider ? ”",men
religious_freedom_defenders_tear_into_kamala_for_denying_religious_exemptions_to_abortions.txt_2111,17,17,"Harris ’ comments came in an interview with NBC News ’ Hallie Jackson , who asked",Harris,": “ What concessions would be on the table ? Religious exemptions , for example ? Is that something you would consider ? ”",harris
religious_freedom_defenders_tear_into_kamala_for_denying_religious_exemptions_to_abortions.txt_2112,16,16,“ I don’t think we should be making concessions when we are talking about a,fundamental,"freedom to make decisions about your own body , ” a frowning Harris responded .",men
religious_freedom_defenders_tear_into_kamala_for_denying_religious_exemptions_to_abortions.txt_2112,29,29,"“ I don’t think we should be making concessions when we are talking about a fundamental freedom to make decisions about your own body , ” a frowning",Harris,responded .,harris
religious_freedom_defenders_tear_into_kamala_for_denying_religious_exemptions_to_abortions.txt_2114,1,1,,Harris,: “ I don’t think we should be making concessions when we are talking about a fundamental freedom to make decisions about your own body . ” pic.twitter.com / AVzyKEjBrG,harris
religious_freedom_defenders_tear_into_kamala_for_denying_religious_exemptions_to_abortions.txt_2114,18,18,Harris : “ I don’t think we should be making concessions when we are talking about a,fundamental,freedom to make decisions about your own body . ” pic.twitter.com / AVzyKEjBrG,men
religious_freedom_defenders_tear_into_kamala_for_denying_religious_exemptions_to_abortions.txt_2117,11,11,"“ I’m not going to engage in hypotheticals , ”",Harris,responded . Her campaign did not immediately respond to requests for comment .,harris
religious_freedom_defenders_tear_into_kamala_for_denying_religious_exemptions_to_abortions.txt_2117,23,23,"“ I’m not going to engage in hypotheticals , ” Harris responded . Her campaign did not immediately respond to requests for",comment,.,men
religious_freedom_defenders_tear_into_kamala_for_denying_religious_exemptions_to_abortions.txt_2118,1,1,,Harris,"’ comment quickly drew outrage from religious liberty advocates , who argued that Harris was expressing support for unconstitutionally forcing medical professionals to violate their religious beliefs by performing abortions of unborn babies .",harris
religious_freedom_defenders_tear_into_kamala_for_denying_religious_exemptions_to_abortions.txt_2118,3,3,Harris ’,comment,"quickly drew outrage from religious liberty advocates , who argued that Harris was expressing support for unconstitutionally forcing medical professionals to violate their religious beliefs by performing abortions of unborn babies .",men
religious_freedom_defenders_tear_into_kamala_for_denying_religious_exemptions_to_abortions.txt_2118,15,15,"Harris ’ comment quickly drew outrage from religious liberty advocates , who argued that",Harris,was expressing support for unconstitutionally forcing medical professionals to violate their religious beliefs by performing abortions of unborn babies .,harris
religious_freedom_defenders_tear_into_kamala_for_denying_religious_exemptions_to_abortions.txt_2120,13,13,"CatholicVote , a national organization promoting Catholic policies , said in a",statement,Tuesday night that Harris was admitting “ she would deny religious exemptions for abortions — forcing Christians to kill unborn children and seemingly doubling down on weaponizing the government to jail pro-lifers who pray outside abortion facilities . ”,men
religious_freedom_defenders_tear_into_kamala_for_denying_religious_exemptions_to_abortions.txt_2120,17,17,"CatholicVote , a national organization promoting Catholic policies , said in a statement Tuesday night that",Harris,was admitting “ she would deny religious exemptions for abortions — forcing Christians to kill unborn children and seemingly doubling down on weaponizing the government to jail pro-lifers who pray outside abortion facilities . ”,harris
religious_freedom_defenders_tear_into_kamala_for_denying_religious_exemptions_to_abortions.txt_2120,42,42,"CatholicVote , a national organization promoting Catholic policies , said in a statement Tuesday night that Harris was admitting “ she would deny religious exemptions for abortions — forcing Christians to kill unborn children and seemingly doubling down on weaponizing the",government,to jail pro-lifers who pray outside abortion facilities . ”,men
religious_freedom_defenders_tear_into_kamala_for_denying_religious_exemptions_to_abortions.txt_2122,5,5,SBA Pro-Life America accused,Harris,"of promising to “ federally steamroll Americans into taking part in abortions against their will . ” Under such an administration , the pro-life group said , doctors would be forced to perform abortions and taxpayers must pay for them — “ for any reason , in all 50 states",harris
religious_freedom_defenders_tear_into_kamala_for_denying_religious_exemptions_to_abortions.txt_2123,2,2,.,@KamalaHarris,promises ‘ freedom ’ but then pledges to federally steamroll Americans into taking part in abortions against their will .,kamala
religious_freedom_defenders_tear_into_kamala_for_denying_religious_exemptions_to_abortions.txt_2123,2,2,.,@KamalaHarris,promises ‘ freedom ’ but then pledges to federally steamroll Americans into taking part in abortions against their will .,harris
religious_freedom_defenders_tear_into_kamala_for_denying_religious_exemptions_to_abortions.txt_2126,2,2,Ben,Domenech,", editor-at-large of The Spectator World , argued that “ [ f ] orcing Catholic hospitals , which supply care to some of the most vulnerable populations , to perform abortions or shut their doors is literally the most vile thing a major party candidate has ever endorsed . ”",men
religious_freedom_defenders_tear_into_kamala_for_denying_religious_exemptions_to_abortions.txt_2127,2,2,“,Kamala,"Harris should clarify , and quickly , whether given the chance she would force Americans who object on religious or conscience grounds , to participate in abortion , ” tweeted Grazie Pozo Christine , a pro-life doctor and host of an EWTN radio show . “ Sadly , it would",kamala
religious_freedom_defenders_tear_into_kamala_for_denying_religious_exemptions_to_abortions.txt_2127,3,3,“ Kamala,Harris,"should clarify , and quickly , whether given the chance she would force Americans who object on religious or conscience grounds , to participate in abortion , ” tweeted Grazie Pozo Christine , a pro-life doctor and host of an EWTN radio show . “ Sadly , it would not",harris
religious_freedom_defenders_tear_into_kamala_for_denying_religious_exemptions_to_abortions.txt_2127,58,58,"quickly , whether given the chance she would force Americans who object on religious or conscience grounds , to participate in abortion , ” tweeted Grazie Pozo Christine , a pro-life doctor and host of an EWTN radio show . “ Sadly , it would not be the first time",Harris,has used her political power to trample the rights of religious Americans . ”,harris
religious_freedom_defenders_tear_into_kamala_for_denying_religious_exemptions_to_abortions.txt_2128,3,3,And “,Trump,"War Room , ” the X account of former President Donald Trump’s campaign , warned voters : “ Christians , remember this when you go to vote . ”",trump
religious_freedom_defenders_tear_into_kamala_for_denying_religious_exemptions_to_abortions.txt_2128,14,14,"And “ Trump War Room , ” the X account of former President",Donald,"Trump’s campaign , warned voters : “ Christians , remember this when you go to vote . ”",donald
religious_freedom_defenders_tear_into_kamala_for_denying_religious_exemptions_to_abortions.txt_2128,15,15,"And “ Trump War Room , ” the X account of former President Donald",Trump’s,"campaign , warned voters : “ Christians , remember this when you go to vote . ”",trump
shiny_kamala_mocked_over_appearance_at_semiconductor_factory.txt_2133,6,6,‘ Shiny ! ’ :,Kamala,Mocked Over Appearance At Semiconductor Factory,kamala
shiny_kamala_mocked_over_appearance_at_semiconductor_factory.txt_2139,11,11,""" Do not — I'm glad I asked , """,Harris,"recoiled slightly , laughing . "" And I won't touch that . """,harris
shiny_kamala_mocked_over_appearance_at_semiconductor_factory.txt_2140,3,3,Vice President,Kamala,Harris raised a number of eyebrows after video circulated of her recent tour of a semiconductor plant — where she asked employees whether or not she could touch something she described simply as “ shiny ! ”,kamala
shiny_kamala_mocked_over_appearance_at_semiconductor_factory.txt_2140,4,4,Vice President Kamala,Harris,raised a number of eyebrows after video circulated of her recent tour of a semiconductor plant — where she asked employees whether or not she could touch something she described simply as “ shiny ! ”,harris
shiny_kamala_mocked_over_appearance_at_semiconductor_factory.txt_2141,1,1,,Harris,", ramping up her campaign stops during the final days of the 2024 presidential election , made a visit to Hemlock Semiconductors in Saginaw , Michigan , where she got the chance to see newly harvested silicon laid out on a table .",harris
shiny_kamala_mocked_over_appearance_at_semiconductor_factory.txt_2143,1,1,,Kamala,"tours a semiconductor plant : "" Can I touch it ? """,kamala
shiny_kamala_mocked_over_appearance_at_semiconductor_factory.txt_2145,1,1,,Kamala,": "" And shiny ! 😃 """,kamala
shiny_kamala_mocked_over_appearance_at_semiconductor_factory.txt_2147,2,2,—,Trump,"War Room ( @TrumpWarRoom ) October 28 , 2024",trump
shiny_kamala_mocked_over_appearance_at_semiconductor_factory.txt_2147,6,6,— Trump War Room (,@TrumpWarRoom,") October 28 , 2024",trump
shiny_kamala_mocked_over_appearance_at_semiconductor_factory.txt_2151,1,1,,Harris,"reached out a hand toward the rod , which was covered in plastic , and hesitated , asking , “ Can I touch it ? ”",harris
shiny_kamala_mocked_over_appearance_at_semiconductor_factory.txt_2153,11,11,"“ Do not — I’m glad I asked , ”",Harris,"recoiled slightly , laughing . “ And I won’t touch that . ”",harris
shiny_kamala_mocked_over_appearance_at_semiconductor_factory.txt_2155,6,6,"“ And shiny , ”",Harris,"agreed , still laughing .",harris
shiny_kamala_mocked_over_appearance_at_semiconductor_factory.txt_2162,15,15,"“ We can’t give DeeDee from Dexter’s lab the nuclear codes , ” former",Trump,campaign staffer Kaelan Dorr added .,trump
shiny_kamala_mocked_over_appearance_at_semiconductor_factory.txt_2166,6,6,"Still , others just mocked",Harris,for even asking to touch something in a factory where the employees were clearly taking safety precautions — such as wearing hardhats — even while walking on the factory floor .,harris
shiny_kamala_mocked_over_appearance_at_semiconductor_factory.txt_2170,6,6,“ Apparently both @SecondGentleman and,@KamalaHarris,"can’t keep their hands off of things they shouldn’t touch , ” another posted .",kamala
shiny_kamala_mocked_over_appearance_at_semiconductor_factory.txt_2170,6,6,“ Apparently both @SecondGentleman and,@KamalaHarris,"can’t keep their hands off of things they shouldn’t touch , ” another posted .",harris
shiny_kamala_mocked_over_appearance_at_semiconductor_factory.txt_2171,5,5,Apparently both @SecondGentleman and,@KamalaHarris,can’t keep their hands off of things they shouldn’t touch . : / / t.co / uJE1G9ZlfA,kamala
shiny_kamala_mocked_over_appearance_at_semiconductor_factory.txt_2171,5,5,Apparently both @SecondGentleman and,@KamalaHarris,can’t keep their hands off of things they shouldn’t touch . : / / t.co / uJE1G9ZlfA,harris
spin_cycle_kamala_surrogates_explain_away_her_man_problem.txt_2182,4,4,Spin Cycle :,Kamala,Surrogates Explain Away Her Man Problem,kamala
spin_cycle_kamala_surrogates_explain_away_her_man_problem.txt_2188,5,5,""" A lot of",men,"think Democrats care more about dudes who want to become women than they do about dudes who just wanna be dudes . """,men
spin_cycle_kamala_surrogates_explain_away_her_man_problem.txt_2188,16,16,""" A lot of men think Democrats care more about dudes who want to become",women,"than they do about dudes who just wanna be dudes . """,men
spin_cycle_kamala_surrogates_explain_away_her_man_problem.txt_2190,55,55,"month to go before the general election on November 5 , the campaigns are pulling out all the stops — and so are the campaign surrogates . Several of them made the rounds on Sunday morning , hitting the political talk shows to spin recent polls showing that Vice President",Kamala,Harris has a serious problem with male voters .,kamala
spin_cycle_kamala_surrogates_explain_away_her_man_problem.txt_2190,56,56,"to go before the general election on November 5 , the campaigns are pulling out all the stops — and so are the campaign surrogates . Several of them made the rounds on Sunday morning , hitting the political talk shows to spin recent polls showing that Vice President Kamala",Harris,has a serious problem with male voters .,harris
spin_cycle_kamala_surrogates_explain_away_her_man_problem.txt_2191,12,12,In recent weeks numerous outlets have reported on the fact that,Harris,"has struggled to gain support among male voters . “ Morning Joe ” regular Katty Kay laid out the issue just ahead of the vice presidential debate between Governor Tim Walz ( D-MN ) and Senator JD Vance ( R-OH ) , saying , “ But it’s men , I",harris
spin_cycle_kamala_surrogates_explain_away_her_man_problem.txt_2191,60,60,"fact that Harris has struggled to gain support among male voters . “ Morning Joe ” regular Katty Kay laid out the issue just ahead of the vice presidential debate between Governor Tim Walz ( D-MN ) and Senator JD Vance ( R-OH ) , saying , “ But it’s",men,", I think the real struggle for the Harris campaign , is young men , old men , men of color , white men . ”",men
spin_cycle_kamala_surrogates_explain_away_her_man_problem.txt_2191,69,69,"male voters . “ Morning Joe ” regular Katty Kay laid out the issue just ahead of the vice presidential debate between Governor Tim Walz ( D-MN ) and Senator JD Vance ( R-OH ) , saying , “ But it’s men , I think the real struggle for the",Harris,"campaign , is young men , old men , men of color , white men . ”",harris
spin_cycle_kamala_surrogates_explain_away_her_man_problem.txt_2191,74,74,"Joe ” regular Katty Kay laid out the issue just ahead of the vice presidential debate between Governor Tim Walz ( D-MN ) and Senator JD Vance ( R-OH ) , saying , “ But it’s men , I think the real struggle for the Harris campaign , is young",men,", old men , men of color , white men . ”",men
spin_cycle_kamala_surrogates_explain_away_her_man_problem.txt_2191,77,77,"Katty Kay laid out the issue just ahead of the vice presidential debate between Governor Tim Walz ( D-MN ) and Senator JD Vance ( R-OH ) , saying , “ But it’s men , I think the real struggle for the Harris campaign , is young men , old",men,", men of color , white men . ”",men
spin_cycle_kamala_surrogates_explain_away_her_man_problem.txt_2191,79,79,"laid out the issue just ahead of the vice presidential debate between Governor Tim Walz ( D-MN ) and Senator JD Vance ( R-OH ) , saying , “ But it’s men , I think the real struggle for the Harris campaign , is young men , old men ,",men,"of color , white men . ”",men
spin_cycle_kamala_surrogates_explain_away_her_man_problem.txt_2191,84,84,"ahead of the vice presidential debate between Governor Tim Walz ( D-MN ) and Senator JD Vance ( R-OH ) , saying , “ But it’s men , I think the real struggle for the Harris campaign , is young men , old men , men of color , white",men,. ”,men
spin_cycle_kamala_surrogates_explain_away_her_man_problem.txt_2192,5,5,"Since then , the",Harris,campaign has leaned into Second Gentleman Doug Emhoff — but reports of him allegedly engaging in violent behavior with a former girlfriend raised concerns about making him so public-facing in the final weeks of the campaign . Walz has also embarked on a media blitz — but in the space,harris
spin_cycle_kamala_surrogates_explain_away_her_man_problem.txt_2193,22,22,"This week , they brought in the big ( metaphorical ) guns : former President Barack Obama . But as CNN",commentator,"Scott Jennings pointed out , Obama’s solution to the men-not-liking-Kamala-Harris problem was to scold them and label them misogynists for not supporting her anyway .",men
spin_cycle_kamala_surrogates_explain_away_her_man_problem.txt_2193,32,32,"This week , they brought in the big ( metaphorical ) guns : former President Barack Obama . But as CNN commentator Scott Jennings pointed out , Obama’s solution to the",men-not-liking-Kamala-Harris,problem was to scold them and label them misogynists for not supporting her anyway .,kamala
spin_cycle_kamala_surrogates_explain_away_her_man_problem.txt_2193,32,32,"This week , they brought in the big ( metaphorical ) guns : former President Barack Obama . But as CNN commentator Scott Jennings pointed out , Obama’s solution to the",men-not-liking-Kamala-Harris,problem was to scold them and label them misogynists for not supporting her anyway .,harris
spin_cycle_kamala_surrogates_explain_away_her_man_problem.txt_2193,32,32,"This week , they brought in the big ( metaphorical ) guns : former President Barack Obama . But as CNN commentator Scott Jennings pointed out , Obama’s solution to the",men-not-liking-Kamala-Harris,problem was to scold them and label them misogynists for not supporting her anyway .,men
spin_cycle_kamala_surrogates_explain_away_her_man_problem.txt_2194,26,26,“ And you are thinking about sitting out ? ” Obama asked . “ Part of it makes me think — and I’m speaking to,men,"directly — part of it makes me think that , well , you just aren’t feeling the idea of having a woman as president , and you’re coming up with other alternatives and other reasons for that . ”",men
spin_cycle_kamala_surrogates_explain_away_her_man_problem.txt_2195,14,14,"Jennings responded by saying , “ This plea he’s making to African American",men,", I mean , he said today – he insulted them ! … I don’t think it’s helpful to insult a group of people who are already not enthusiastic about your campaign , but I think that’s what he did today . ”",men
spin_cycle_kamala_surrogates_explain_away_her_man_problem.txt_2196,55,55,"does not appear to have gotten the message . Rep . Maxwell Frost ( D-FL ) doubled down on Obama’s rhetoric on CBS News ’ “ Face the Nation , ” where he told host Margaret Brennan that he believed misogyny was behind a lot of the reluctance to support",Harris,.,harris
spin_cycle_kamala_surrogates_explain_away_her_man_problem.txt_2197,31,31,"“ I think President Obama was just having some very serious tough talk , right , tough love , ” Frost added . “ He was speaking directly to young",Black,"voters , young Black men specifically , and making sure that they understand [ that ] look , sometimes you have to take a step back and look at your own bias , ” he said .",black
spin_cycle_kamala_surrogates_explain_away_her_man_problem.txt_2197,35,35,"“ I think President Obama was just having some very serious tough talk , right , tough love , ” Frost added . “ He was speaking directly to young Black voters , young",Black,"men specifically , and making sure that they understand [ that ] look , sometimes you have to take a step back and look at your own bias , ” he said .",black
spin_cycle_kamala_surrogates_explain_away_her_man_problem.txt_2197,36,36,"“ I think President Obama was just having some very serious tough talk , right , tough love , ” Frost added . “ He was speaking directly to young Black voters , young Black",men,"specifically , and making sure that they understand [ that ] look , sometimes you have to take a step back and look at your own bias , ” he said .",men
spin_cycle_kamala_surrogates_explain_away_her_man_problem.txt_2198,15,15,. @RepMaxwellFrost says he shares former President Obama’s concern about sexism impacting support for,Harris,"among some male voters . “ I think President Obama was just having some very serious tough talk , right , tough love , ” Frost added . “ He was speaking directly to young Black … pic.twitter.com / 1dfSkwIGLQ",harris
spin_cycle_kamala_surrogates_explain_away_her_man_problem.txt_2198,51,51,". @RepMaxwellFrost says he shares former President Obama’s concern about sexism impacting support for Harris among some male voters . “ I think President Obama was just having some very serious tough talk , right , tough love , ” Frost added . “ He was speaking directly to young",Black,… pic.twitter.com / 1dfSkwIGLQ,black
spin_cycle_kamala_surrogates_explain_away_her_man_problem.txt_2203,28,28,""" We can do better "" to engage young voters , says @RepMaxwellFrost , but he adds that he has seen "" a lot of enthusiasm and",excitement,"around this election "" among young people .",men
spin_cycle_kamala_surrogates_explain_away_her_man_problem.txt_2207,42,42,"On CNN’s “ State of the Union , ” anchor Dana Bash asked Rep . Jim Clyburn ( D-S.C . ) to weigh in on the situation , and he conceded that he is concerned about the lack of enthusiasm for",Harris,particularly among black males — and he worried that some might simply not vote at all .,harris
spin_cycle_kamala_surrogates_explain_away_her_man_problem.txt_2207,45,45,"On CNN’s “ State of the Union , ” anchor Dana Bash asked Rep . Jim Clyburn ( D-S.C . ) to weigh in on the situation , and he conceded that he is concerned about the lack of enthusiasm for Harris particularly among",black,males — and he worried that some might simply not vote at all .,black
spin_cycle_kamala_surrogates_explain_away_her_man_problem.txt_2208,6,6,“ I am concerned about,black,"men staying home or voting for Trump , ” he said , explaining that they may feel like Harris has not done enough to tell them what she would do for them and their community as president .",black
spin_cycle_kamala_surrogates_explain_away_her_man_problem.txt_2208,7,7,“ I am concerned about black,men,"staying home or voting for Trump , ” he said , explaining that they may feel like Harris has not done enough to tell them what she would do for them and their community as president .",men
spin_cycle_kamala_surrogates_explain_away_her_man_problem.txt_2208,13,13,“ I am concerned about black men staying home or voting for,Trump,", ” he said , explaining that they may feel like Harris has not done enough to tell them what she would do for them and their community as president .",trump
spin_cycle_kamala_surrogates_explain_away_her_man_problem.txt_2208,25,25,"“ I am concerned about black men staying home or voting for Trump , ” he said , explaining that they may feel like",Harris,has not done enough to tell them what she would do for them and their community as president .,harris
spin_cycle_kamala_surrogates_explain_away_her_man_problem.txt_2209,13,13,". @RepJamesClyburn tells @DanaBashCNN , “ Yes , I am concerned about",Black,men staying home or voting for Trump . ” pic.twitter.com / Unj6bftip7,black
spin_cycle_kamala_surrogates_explain_away_her_man_problem.txt_2209,14,14,". @RepJamesClyburn tells @DanaBashCNN , “ Yes , I am concerned about Black",men,staying home or voting for Trump . ” pic.twitter.com / Unj6bftip7,men
spin_cycle_kamala_surrogates_explain_away_her_man_problem.txt_2209,20,20,". @RepJamesClyburn tells @DanaBashCNN , “ Yes , I am concerned about Black men staying home or voting for",Trump,. ” pic.twitter.com / Unj6bftip7,trump
spin_cycle_kamala_surrogates_explain_away_her_man_problem.txt_2213,19,19,"“ I have a great deal of respect for President Obama , and he wasn’t talking to all",Black,"men . He was talking to men who we’re talking about sitting on the sidelines , ” he explained .",black
spin_cycle_kamala_surrogates_explain_away_her_man_problem.txt_2213,20,20,"“ I have a great deal of respect for President Obama , and he wasn’t talking to all Black",men,". He was talking to men who we’re talking about sitting on the sidelines , ” he explained .",men
spin_cycle_kamala_surrogates_explain_away_her_man_problem.txt_2213,26,26,"“ I have a great deal of respect for President Obama , and he wasn’t talking to all Black men . He was talking to",men,"who we’re talking about sitting on the sidelines , ” he explained .",men
spin_cycle_kamala_surrogates_explain_away_her_man_problem.txt_2214,10,10,. @SenatorWarnock responds to Barack Obama’s sharp criticism of,Black,"men on the fence about Harris : “ I have a great deal of respect for President Obama , and he wasn't talking to all Black men . He was talking to men who we're talking about sitting on the sidelines . ” pic.twitter.com / LlRXMqmXAb",black
spin_cycle_kamala_surrogates_explain_away_her_man_problem.txt_2214,11,11,. @SenatorWarnock responds to Barack Obama’s sharp criticism of Black,men,"on the fence about Harris : “ I have a great deal of respect for President Obama , and he wasn't talking to all Black men . He was talking to men who we're talking about sitting on the sidelines . ” pic.twitter.com / LlRXMqmXAb",men
spin_cycle_kamala_surrogates_explain_away_her_man_problem.txt_2214,16,16,. @SenatorWarnock responds to Barack Obama’s sharp criticism of Black men on the fence about,Harris,": “ I have a great deal of respect for President Obama , and he wasn't talking to all Black men . He was talking to men who we're talking about sitting on the sidelines . ” pic.twitter.com / LlRXMqmXAb",harris
spin_cycle_kamala_surrogates_explain_away_her_man_problem.txt_2214,36,36,". @SenatorWarnock responds to Barack Obama’s sharp criticism of Black men on the fence about Harris : “ I have a great deal of respect for President Obama , and he wasn't talking to all",Black,men . He was talking to men who we're talking about sitting on the sidelines . ” pic.twitter.com / LlRXMqmXAb,black
spin_cycle_kamala_surrogates_explain_away_her_man_problem.txt_2214,37,37,". @SenatorWarnock responds to Barack Obama’s sharp criticism of Black men on the fence about Harris : “ I have a great deal of respect for President Obama , and he wasn't talking to all Black",men,. He was talking to men who we're talking about sitting on the sidelines . ” pic.twitter.com / LlRXMqmXAb,men
spin_cycle_kamala_surrogates_explain_away_her_man_problem.txt_2214,43,43,". @SenatorWarnock responds to Barack Obama’s sharp criticism of Black men on the fence about Harris : “ I have a great deal of respect for President Obama , and he wasn't talking to all Black men . He was talking to",men,who we're talking about sitting on the sidelines . ” pic.twitter.com / LlRXMqmXAb,men
spin_cycle_kamala_surrogates_explain_away_her_man_problem.txt_2217,9,9,Warnock then tried to wave away concerns about,black,"men voting Republican , claiming that it would never happen in any real way : “ We’re not a monolith , but this idea that large numbers of black men are going to vote for Donald Trump , it’s not going to happen . ”",black
spin_cycle_kamala_surrogates_explain_away_her_man_problem.txt_2217,10,10,Warnock then tried to wave away concerns about black,men,"voting Republican , claiming that it would never happen in any real way : “ We’re not a monolith , but this idea that large numbers of black men are going to vote for Donald Trump , it’s not going to happen . ”",men
spin_cycle_kamala_surrogates_explain_away_her_man_problem.txt_2217,38,38,"Warnock then tried to wave away concerns about black men voting Republican , claiming that it would never happen in any real way : “ We’re not a monolith , but this idea that large numbers of",black,"men are going to vote for Donald Trump , it’s not going to happen . ”",black
spin_cycle_kamala_surrogates_explain_away_her_man_problem.txt_2217,39,39,"Warnock then tried to wave away concerns about black men voting Republican , claiming that it would never happen in any real way : “ We’re not a monolith , but this idea that large numbers of black",men,"are going to vote for Donald Trump , it’s not going to happen . ”",men
spin_cycle_kamala_surrogates_explain_away_her_man_problem.txt_2217,45,45,"Warnock then tried to wave away concerns about black men voting Republican , claiming that it would never happen in any real way : “ We’re not a monolith , but this idea that large numbers of black men are going to vote for",Donald,"Trump , it’s not going to happen . ”",donald
spin_cycle_kamala_surrogates_explain_away_her_man_problem.txt_2217,46,46,"Warnock then tried to wave away concerns about black men voting Republican , claiming that it would never happen in any real way : “ We’re not a monolith , but this idea that large numbers of black men are going to vote for Donald",Trump,", it’s not going to happen . ”",trump
spin_cycle_kamala_surrogates_explain_away_her_man_problem.txt_2218,14,14,"“ We're not a monolith , but this idea that large numbers of",Black,"men are going to vote for Donald Trump , it's not going to happen . ” @SenatorWarnock responds to concerns from Democrats that some Black men could stay home or vote for Trump in November . pic.twitter.com / qUZ835kjM2",black
spin_cycle_kamala_surrogates_explain_away_her_man_problem.txt_2218,15,15,"“ We're not a monolith , but this idea that large numbers of Black",men,"are going to vote for Donald Trump , it's not going to happen . ” @SenatorWarnock responds to concerns from Democrats that some Black men could stay home or vote for Trump in November . pic.twitter.com / qUZ835kjM2",men
spin_cycle_kamala_surrogates_explain_away_her_man_problem.txt_2218,21,21,"“ We're not a monolith , but this idea that large numbers of Black men are going to vote for",Donald,"Trump , it's not going to happen . ” @SenatorWarnock responds to concerns from Democrats that some Black men could stay home or vote for Trump in November . pic.twitter.com / qUZ835kjM2",donald
spin_cycle_kamala_surrogates_explain_away_her_man_problem.txt_2218,22,22,"“ We're not a monolith , but this idea that large numbers of Black men are going to vote for Donald",Trump,", it's not going to happen . ” @SenatorWarnock responds to concerns from Democrats that some Black men could stay home or vote for Trump in November . pic.twitter.com / qUZ835kjM2",trump
spin_cycle_kamala_surrogates_explain_away_her_man_problem.txt_2218,39,39,"“ We're not a monolith , but this idea that large numbers of Black men are going to vote for Donald Trump , it's not going to happen . ” @SenatorWarnock responds to concerns from Democrats that some",Black,men could stay home or vote for Trump in November . pic.twitter.com / qUZ835kjM2,black
spin_cycle_kamala_surrogates_explain_away_her_man_problem.txt_2218,40,40,"“ We're not a monolith , but this idea that large numbers of Black men are going to vote for Donald Trump , it's not going to happen . ” @SenatorWarnock responds to concerns from Democrats that some Black",men,could stay home or vote for Trump in November . pic.twitter.com / qUZ835kjM2,men
spin_cycle_kamala_surrogates_explain_away_her_man_problem.txt_2218,47,47,"“ We're not a monolith , but this idea that large numbers of Black men are going to vote for Donald Trump , it's not going to happen . ” @SenatorWarnock responds to concerns from Democrats that some Black men could stay home or vote for",Trump,in November . pic.twitter.com / qUZ835kjM2,trump
spin_cycle_kamala_surrogates_explain_away_her_man_problem.txt_2222,28,28,"“ They’re struggling with — I mean , the front page of The New York Times this morning , Democrats struggling with African-American voters , particularly African-American",men,"— this gender gap issue is real , ” he said .",men
spin_cycle_kamala_surrogates_explain_away_her_man_problem.txt_2223,38,38,"“ It’s a real problem and you see the Democrats reacting to it , and I think what they are now — finally in October of the election coming to realize — is that a lot of",men,"think Democrats care more about dudes who want to become women than they do about dudes who just wanna be dudes , ” Jennings said , continuing over the outraged protests of several fellow panelists . “ No amount of hunting cosplay or cringy videos is gonna change it .",men
spin_cycle_kamala_surrogates_explain_away_her_man_problem.txt_2223,49,49,"“ It’s a real problem and you see the Democrats reacting to it , and I think what they are now — finally in October of the election coming to realize — is that a lot of men think Democrats care more about dudes who want to become",women,"than they do about dudes who just wanna be dudes , ” Jennings said , continuing over the outraged protests of several fellow panelists . “ No amount of hunting cosplay or cringy videos is gonna change it . The bed is made . ”",men
spin_cycle_kamala_surrogates_explain_away_her_man_problem.txt_2224,4,4,"Me , on",Harris’s,problems w / working class men of all races on @cnn : “ Alot of men think Democrats care more about dudes who want to become women than they do about dudes just wanna be dudes . No amount of hunting cosplay or cringy videos is gonna change it .,harris
spin_cycle_kamala_surrogates_explain_away_her_man_problem.txt_2224,10,10,"Me , on Harris’s problems w / working class",men,of all races on @cnn : “ Alot of men think Democrats care more about dudes who want to become women than they do about dudes just wanna be dudes . No amount of hunting cosplay or cringy videos is gonna change it . The bed is made . ”,men
spin_cycle_kamala_surrogates_explain_away_her_man_problem.txt_2224,20,20,"Me , on Harris’s problems w / working class men of all races on @cnn : “ Alot of",men,think Democrats care more about dudes who want to become women than they do about dudes just wanna be dudes . No amount of hunting cosplay or cringy videos is gonna change it . The bed is made . ” pic.twitter.com / X5BW2xJzOj,men
spin_cycle_kamala_surrogates_explain_away_her_man_problem.txt_2224,31,31,"Me , on Harris’s problems w / working class men of all races on @cnn : “ Alot of men think Democrats care more about dudes who want to become",women,than they do about dudes just wanna be dudes . No amount of hunting cosplay or cringy videos is gonna change it . The bed is made . ” pic.twitter.com / X5BW2xJzOj,men
spin_cycle_kamala_surrogates_explain_away_her_man_problem.txt_2227,15,15,"To top it off , the most recent NBC poll suggests that any lead",Harris,"gained after the September 10 debate on ABC has evaporated , leaving her and former President Trump locked in a dead heat with just over three weeks to go .",harris
spin_cycle_kamala_surrogates_explain_away_her_man_problem.txt_2227,32,32,"To top it off , the most recent NBC poll suggests that any lead Harris gained after the September 10 debate on ABC has evaporated , leaving her and former President",Trump,locked in a dead heat with just over three weeks to go .,trump
spin_cycle_kamala_surrogates_explain_away_her_man_problem.txt_2228,3,3,NEW :,Kamala,Harris and Donald Trump are deadlocked in the latest NBC News poll . @SteveKornacki breaks down the numbers on #MTP . pic.twitter.com / 9PiPiwVCoA,kamala
spin_cycle_kamala_surrogates_explain_away_her_man_problem.txt_2228,4,4,NEW : Kamala,Harris,and Donald Trump are deadlocked in the latest NBC News poll . @SteveKornacki breaks down the numbers on #MTP . pic.twitter.com / 9PiPiwVCoA,harris
spin_cycle_kamala_surrogates_explain_away_her_man_problem.txt_2228,6,6,NEW : Kamala Harris and,Donald,Trump are deadlocked in the latest NBC News poll . @SteveKornacki breaks down the numbers on #MTP . pic.twitter.com / 9PiPiwVCoA,donald
spin_cycle_kamala_surrogates_explain_away_her_man_problem.txt_2228,7,7,NEW : Kamala Harris and Donald,Trump,are deadlocked in the latest NBC News poll . @SteveKornacki breaks down the numbers on #MTP . pic.twitter.com / 9PiPiwVCoA,trump
st_kamala_tries_to_laugh_off_hot_mic_moment_at_a_bar_with_gretchen_whitmer.txt_2236,9,9,‘ S * * t ! ’ :,Kamala,Tries To Laugh Off Hot Mic Moment At A Bar With Gretchen Whitmer,kamala
st_kamala_tries_to_laugh_off_hot_mic_moment_at_a_bar_with_gretchen_whitmer.txt_2236,16,16,‘ S * * t ! ’ : Kamala Tries To Laugh Off Hot Mic,Moment,At A Bar With Gretchen Whitmer,men
st_kamala_tries_to_laugh_off_hot_mic_moment_at_a_bar_with_gretchen_whitmer.txt_2243,3,3,Vice President,Kamala,Harris got caught on a hot mic while chatting with campaign surrogate and Governor Gretchen Whitmer ( D-MI ) — and then tried to laugh it off after she appeared to admit that her team was struggling to reach male voters .,kamala
st_kamala_tries_to_laugh_off_hot_mic_moment_at_a_bar_with_gretchen_whitmer.txt_2243,4,4,Vice President Kamala,Harris,got caught on a hot mic while chatting with campaign surrogate and Governor Gretchen Whitmer ( D-MI ) — and then tried to laugh it off after she appeared to admit that her team was struggling to reach male voters .,harris
st_kamala_tries_to_laugh_off_hot_mic_moment_at_a_bar_with_gretchen_whitmer.txt_2244,1,1,,Harris,", who was catapulted to the top of the Democratic Party’s 2024 ticket after President Joe Biden was effectively forced out of the race , has continued to poll poorly among male voters despite a series of targeted efforts to mitigate that weakness . Sitting down with Whitmer at a",harris
st_kamala_tries_to_laugh_off_hot_mic_moment_at_a_bar_with_gretchen_whitmer.txt_2244,54,54,"was catapulted to the top of the Democratic Party’s 2024 ticket after President Joe Biden was effectively forced out of the race , has continued to poll poorly among male voters despite a series of targeted efforts to mitigate that weakness . Sitting down with Whitmer at a bar ,",Harris,seemed to acknowledge that shortcoming before she realized that there were eyes and ears — and cameras and microphones — everywhere .,harris
st_kamala_tries_to_laugh_off_hot_mic_moment_at_a_bar_with_gretchen_whitmer.txt_2246,1,1,,Kamala,"appears to acknowledge she's struggling with male voters before noticing there are "" microphones in here just listening to everything . """,kamala
st_kamala_tries_to_laugh_off_hot_mic_moment_at_a_bar_with_gretchen_whitmer.txt_2249,2,2,—,Trump,"War Room ( @TrumpWarRoom ) October 27 , 2024",trump
st_kamala_tries_to_laugh_off_hot_mic_moment_at_a_bar_with_gretchen_whitmer.txt_2249,6,6,— Trump War Room (,@TrumpWarRoom,") October 27 , 2024",trump
st_kamala_tries_to_laugh_off_hot_mic_moment_at_a_bar_with_gretchen_whitmer.txt_2251,1,1,,Harris,", sitting down with the Michigan Governor for a beer , appeared to tell Whitmer that “ we need to move ground with men ” before turning to see a camera on her .",harris
st_kamala_tries_to_laugh_off_hot_mic_moment_at_a_bar_with_gretchen_whitmer.txt_2251,25,25,"Harris , sitting down with the Michigan Governor for a beer , appeared to tell Whitmer that “ we need to move ground with",men,” before turning to see a camera on her .,men
st_kamala_tries_to_laugh_off_hot_mic_moment_at_a_bar_with_gretchen_whitmer.txt_2252,15,15,"“ Oh , we have microphones in here just listening to everything , ”",Harris,said as she and Whitmer looked around the room . “ I didn’t realize that . ”,harris
st_kamala_tries_to_laugh_off_hot_mic_moment_at_a_bar_with_gretchen_whitmer.txt_2253,1,1,,Harris,"laughed and added , “ So … now you tell us . ”",harris
st_kamala_tries_to_laugh_off_hot_mic_moment_at_a_bar_with_gretchen_whitmer.txt_2255,11,11,"“ We just told all the family secrets , ”",Harris,"said , still laughing . “ S * * t ! ”",harris
st_kamala_tries_to_laugh_off_hot_mic_moment_at_a_bar_with_gretchen_whitmer.txt_2256,1,1,,Harris,"turned back to Whitmer and said , “ Anyway , it’s good to see you … ”",harris
st_kamala_tries_to_laugh_off_hot_mic_moment_at_a_bar_with_gretchen_whitmer.txt_2257,1,1,,Harris,"’ hot mic revelation followed a number of polls indicating that her campaign is flagging among male voters . In the final weeks of the presidential contest , Harris ’ team has made a series of efforts to reach out to male voters . Vice presidential nominee and Governor Tim",harris
st_kamala_tries_to_laugh_off_hot_mic_moment_at_a_bar_with_gretchen_whitmer.txt_2257,30,30,"Harris ’ hot mic revelation followed a number of polls indicating that her campaign is flagging among male voters . In the final weeks of the presidential contest ,",Harris,’ team has made a series of efforts to reach out to male voters . Vice presidential nominee and Governor Tim Walz ( D-MN ) participated in a pheasant hunt and appeared on a Twitch-stream alongside Rep . Alexandria Ocasio-Cortez ( D-NY ) . Former President Barack Obama and former,harris
st_kamala_tries_to_laugh_off_hot_mic_moment_at_a_bar_with_gretchen_whitmer.txt_2257,94,94,"voters . Vice presidential nominee and Governor Tim Walz ( D-MN ) participated in a pheasant hunt and appeared on a Twitch-stream alongside Rep . Alexandria Ocasio-Cortez ( D-NY ) . Former President Barack Obama and former First Lady Michelle Obama have also hit the campaign trail , speaking to",men,directly at times in their efforts to push Harris across the finish line .,men
st_kamala_tries_to_laugh_off_hot_mic_moment_at_a_bar_with_gretchen_whitmer.txt_2257,103,103,"( D-MN ) participated in a pheasant hunt and appeared on a Twitch-stream alongside Rep . Alexandria Ocasio-Cortez ( D-NY ) . Former President Barack Obama and former First Lady Michelle Obama have also hit the campaign trail , speaking to men directly at times in their efforts to push",Harris,across the finish line .,harris
st_kamala_tries_to_laugh_off_hot_mic_moment_at_a_bar_with_gretchen_whitmer.txt_2258,5,5,But as CNN Republican,commentator,"Scott Jennings noted , the Obama-method of scolding men to get them to comply might not move the needle as much as they might hope .",men
st_kamala_tries_to_laugh_off_hot_mic_moment_at_a_bar_with_gretchen_whitmer.txt_2258,14,14,"But as CNN Republican commentator Scott Jennings noted , the Obama-method of scolding",men,to get them to comply might not move the needle as much as they might hope .,men
st_kamala_tries_to_laugh_off_hot_mic_moment_at_a_bar_with_gretchen_whitmer.txt_2259,43,43,"“ I don’t think it’s helpful to insult a group of people who are already not enthusiastic about your campaign , but I think that’s what he did today , ” Jennings said . “ The story tonight is they’re struggling with",men,", Obama’s insulting men , and they’re out saying , ‘ Let’s fix it by sending Tim Walz out and hiring Mitt Romney , it’s crazy to me ! ”",men
st_kamala_tries_to_laugh_off_hot_mic_moment_at_a_bar_with_gretchen_whitmer.txt_2259,47,47,"“ I don’t think it’s helpful to insult a group of people who are already not enthusiastic about your campaign , but I think that’s what he did today , ” Jennings said . “ The story tonight is they’re struggling with men , Obama’s insulting",men,", and they’re out saying , ‘ Let’s fix it by sending Tim Walz out and hiring Mitt Romney , it’s crazy to me ! ”",men
team_kamala_angry_at_biden_for_not_thinking_of_campaign_before_praising_desantis.txt_2264,2,2,Team,Kamala,Angry At Biden For Not Thinking Of Campaign Before Praising DeSantis,kamala
team_kamala_angry_at_biden_for_not_thinking_of_campaign_before_praising_desantis.txt_2271,9,9,Tensions have grown between members of Vice President,Kamala,Harris ’ campaign and the Biden White House just weeks before Election Day .,kamala
team_kamala_angry_at_biden_for_not_thinking_of_campaign_before_praising_desantis.txt_2271,10,10,Tensions have grown between members of Vice President Kamala,Harris,’ campaign and the Biden White House just weeks before Election Day .,harris
team_kamala_angry_at_biden_for_not_thinking_of_campaign_before_praising_desantis.txt_2272,35,35,"One of the biggest points of contention between the two camps is President Joe Biden’s praise and discussions with Florida Republican Gov . Ron DeSantis following two major hurricanes , Axios reported . A",Harris,campaign staffer told the outlet that the “ White House is lacking someone in the room thinking first and foremost about how things would affect the campaign . ”,harris
team_kamala_angry_at_biden_for_not_thinking_of_campaign_before_praising_desantis.txt_2273,9,9,The issue stems from early last week when,Harris,"attempted to insert herself into hurricane relief operations by attacking DeSantis for purportedly not taking her phone call . Harris had called DeSantis “ utterly irresponsible ” and “ selfish ” even though disaster had just struck Florida and the vice president had no role in disaster relief , The",harris
team_kamala_angry_at_biden_for_not_thinking_of_campaign_before_praising_desantis.txt_2273,29,29,The issue stems from early last week when Harris attempted to insert herself into hurricane relief operations by attacking DeSantis for purportedly not taking her phone call .,Harris,"had called DeSantis “ utterly irresponsible ” and “ selfish ” even though disaster had just struck Florida and the vice president had no role in disaster relief , The Daily Wire reported at the time .",harris
team_kamala_angry_at_biden_for_not_thinking_of_campaign_before_praising_desantis.txt_2276,6,6,DeSantis also pushed back on,Harris,"’ claims about a phone call , saying he had never received calls from her before and she had never been involved in any of his administration’s disaster response efforts previously . He added that she had “ no role ” in the process and wasn’t even in the chain",harris
team_kamala_angry_at_biden_for_not_thinking_of_campaign_before_praising_desantis.txt_2277,9,9,"The day after Biden’s post on X ,",Harris,"appeared on “ The View ” for a softball interview , but Biden decided to appear at a press conference at the same time . During that press conference , Biden discussed his work with DeSantis on hurricane relief efforts .",harris
team_kamala_angry_at_biden_for_not_thinking_of_campaign_before_praising_desantis.txt_2279,9,9,"During that press conference , Biden also undermined",Harris,"’ campaign message of being a change candidate , saying she was directly connected to all of his policy decisions .",harris
team_kamala_angry_at_biden_for_not_thinking_of_campaign_before_praising_desantis.txt_2282,6,6,The tensions between Biden and,Harris,emerged after Democrats pushed Biden to drop out of his re-election bid and inserted Harris as the nominee in order to keep the campaign cash Biden raised .,harris
team_kamala_angry_at_biden_for_not_thinking_of_campaign_before_praising_desantis.txt_2282,21,21,The tensions between Biden and Harris emerged after Democrats pushed Biden to drop out of his re-election bid and inserted,Harris,as the nominee in order to keep the campaign cash Biden raised .,harris
terrified_as_her_numbers_among_black_men_dive_kamala_rolls_out_plan_for_them.txt_2287,6,6,Terrified As Her Numbers Among,Black,"Men Dive , Kamala Rolls Out Plan For Them",black
terrified_as_her_numbers_among_black_men_dive_kamala_rolls_out_plan_for_them.txt_2287,7,7,Terrified As Her Numbers Among Black,Men,"Dive , Kamala Rolls Out Plan For Them",men
terrified_as_her_numbers_among_black_men_dive_kamala_rolls_out_plan_for_them.txt_2287,10,10,"Terrified As Her Numbers Among Black Men Dive ,",Kamala,Rolls Out Plan For Them,kamala
terrified_as_her_numbers_among_black_men_dive_kamala_rolls_out_plan_for_them.txt_2294,7,7,Apparently frightened that her numbers among,black,"men have plummeted , Vice President Kamala Harris rolled out a plan for aiding black men .",black
terrified_as_her_numbers_among_black_men_dive_kamala_rolls_out_plan_for_them.txt_2294,8,8,Apparently frightened that her numbers among black,men,"have plummeted , Vice President Kamala Harris rolled out a plan for aiding black men .",men
terrified_as_her_numbers_among_black_men_dive_kamala_rolls_out_plan_for_them.txt_2294,14,14,"Apparently frightened that her numbers among black men have plummeted , Vice President",Kamala,Harris rolled out a plan for aiding black men .,kamala
terrified_as_her_numbers_among_black_men_dive_kamala_rolls_out_plan_for_them.txt_2294,15,15,"Apparently frightened that her numbers among black men have plummeted , Vice President Kamala",Harris,rolled out a plan for aiding black men .,harris
terrified_as_her_numbers_among_black_men_dive_kamala_rolls_out_plan_for_them.txt_2294,22,22,"Apparently frightened that her numbers among black men have plummeted , Vice President Kamala Harris rolled out a plan for aiding",black,men .,black
terrified_as_her_numbers_among_black_men_dive_kamala_rolls_out_plan_for_them.txt_2294,23,23,"Apparently frightened that her numbers among black men have plummeted , Vice President Kamala Harris rolled out a plan for aiding black",men,.,men
terrified_as_her_numbers_among_black_men_dive_kamala_rolls_out_plan_for_them.txt_2295,4,4,“ Vice President,Harris,"Will Deliver for Black Men , ” kamalaHarris.com states , then lists her “ Opportunity Agenda for Black Men , ” which includes :",harris
terrified_as_her_numbers_among_black_men_dive_kamala_rolls_out_plan_for_them.txt_2295,8,8,“ Vice President Harris Will Deliver for,Black,"Men , ” kamalaHarris.com states , then lists her “ Opportunity Agenda for Black Men , ” which includes :",black
terrified_as_her_numbers_among_black_men_dive_kamala_rolls_out_plan_for_them.txt_2295,9,9,“ Vice President Harris Will Deliver for Black,Men,", ” kamalaHarris.com states , then lists her “ Opportunity Agenda for Black Men , ” which includes :",men
terrified_as_her_numbers_among_black_men_dive_kamala_rolls_out_plan_for_them.txt_2295,12,12,"“ Vice President Harris Will Deliver for Black Men , ”",kamalaHarris.com,"states , then lists her “ Opportunity Agenda for Black Men , ” which includes :",kamala
terrified_as_her_numbers_among_black_men_dive_kamala_rolls_out_plan_for_them.txt_2295,12,12,"“ Vice President Harris Will Deliver for Black Men , ”",kamalaHarris.com,"states , then lists her “ Opportunity Agenda for Black Men , ” which includes :",harris
terrified_as_her_numbers_among_black_men_dive_kamala_rolls_out_plan_for_them.txt_2295,22,22,"“ Vice President Harris Will Deliver for Black Men , ” kamalaHarris.com states , then lists her “ Opportunity Agenda for",Black,"Men , ” which includes :",black
terrified_as_her_numbers_among_black_men_dive_kamala_rolls_out_plan_for_them.txt_2295,23,23,"“ Vice President Harris Will Deliver for Black Men , ” kamalaHarris.com states , then lists her “ Opportunity Agenda for Black",Men,", ” which includes :",men
terrified_as_her_numbers_among_black_men_dive_kamala_rolls_out_plan_for_them.txt_2296,11,11,“ Providing 1 million loans that are fully forgivable to,Black,"entrepreneurs and others to start a business ; supporting a regulatory framework for cryptocurrency and other digital assets so Black men who invest in and own these assets are protected ; launching a National Health Equity Initiative focused on Black Men that addresses sickle cell disease , diabetes , mental",black
terrified_as_her_numbers_among_black_men_dive_kamala_rolls_out_plan_for_them.txt_2296,31,31,“ Providing 1 million loans that are fully forgivable to Black entrepreneurs and others to start a business ; supporting a regulatory framework for cryptocurrency and other digital assets so,Black,"men who invest in and own these assets are protected ; launching a National Health Equity Initiative focused on Black Men that addresses sickle cell disease , diabetes , mental health , prostate cancer , and other health challenges that disproportionately impact them , ” and “ legalizing recreational marijuana",black
terrified_as_her_numbers_among_black_men_dive_kamala_rolls_out_plan_for_them.txt_2296,32,32,“ Providing 1 million loans that are fully forgivable to Black entrepreneurs and others to start a business ; supporting a regulatory framework for cryptocurrency and other digital assets so Black,men,"who invest in and own these assets are protected ; launching a National Health Equity Initiative focused on Black Men that addresses sickle cell disease , diabetes , mental health , prostate cancer , and other health challenges that disproportionately impact them , ” and “ legalizing recreational marijuana and",men
terrified_as_her_numbers_among_black_men_dive_kamala_rolls_out_plan_for_them.txt_2296,51,51,“ Providing 1 million loans that are fully forgivable to Black entrepreneurs and others to start a business ; supporting a regulatory framework for cryptocurrency and other digital assets so Black men who invest in and own these assets are protected ; launching a National Health Equity Initiative focused on,Black,"Men that addresses sickle cell disease , diabetes , mental health , prostate cancer , and other health challenges that disproportionately impact them , ” and “ legalizing recreational marijuana and creating opportunities for Black Americans to succeed in this new industry . ”",black
terrified_as_her_numbers_among_black_men_dive_kamala_rolls_out_plan_for_them.txt_2296,52,52,Providing 1 million loans that are fully forgivable to Black entrepreneurs and others to start a business ; supporting a regulatory framework for cryptocurrency and other digital assets so Black men who invest in and own these assets are protected ; launching a National Health Equity Initiative focused on Black,Men,"that addresses sickle cell disease , diabetes , mental health , prostate cancer , and other health challenges that disproportionately impact them , ” and “ legalizing recreational marijuana and creating opportunities for Black Americans to succeed in this new industry . ”",men
terrified_as_her_numbers_among_black_men_dive_kamala_rolls_out_plan_for_them.txt_2296,61,61,"Black entrepreneurs and others to start a business ; supporting a regulatory framework for cryptocurrency and other digital assets so Black men who invest in and own these assets are protected ; launching a National Health Equity Initiative focused on Black Men that addresses sickle cell disease , diabetes ,",mental,"health , prostate cancer , and other health challenges that disproportionately impact them , ” and “ legalizing recreational marijuana and creating opportunities for Black Americans to succeed in this new industry . ”",men
terrified_as_her_numbers_among_black_men_dive_kamala_rolls_out_plan_for_them.txt_2296,86,86,"and own these assets are protected ; launching a National Health Equity Initiative focused on Black Men that addresses sickle cell disease , diabetes , mental health , prostate cancer , and other health challenges that disproportionately impact them , ” and “ legalizing recreational marijuana and creating opportunities for",Black,Americans to succeed in this new industry . ”,black
terrified_as_her_numbers_among_black_men_dive_kamala_rolls_out_plan_for_them.txt_2297,1,1,,Harris,rolls out ' Opportunity Agenda for Black Men ',harris
terrified_as_her_numbers_among_black_men_dive_kamala_rolls_out_plan_for_them.txt_2297,8,8,Harris rolls out ' Opportunity Agenda for,Black,Men ',black
terrified_as_her_numbers_among_black_men_dive_kamala_rolls_out_plan_for_them.txt_2297,9,9,Harris rolls out ' Opportunity Agenda for Black,Men,',men
terrified_as_her_numbers_among_black_men_dive_kamala_rolls_out_plan_for_them.txt_2298,7,7,— 1 million forgivable loans for,black,entrepreneurs starting a biz—Money for education / training programs—Protect cryptocurrency—Health initiative : sickle cell & other conditions—Legalize recreational weed to boost industry,black
terrified_as_her_numbers_among_black_men_dive_kamala_rolls_out_plan_for_them.txt_2302,11,11,"On Monday , CNN pollster Harry Enten spoke of how",Harris,’ support among black men has dwindled and is roughly half of what former President Barack Obama’s was .,harris
terrified_as_her_numbers_among_black_men_dive_kamala_rolls_out_plan_for_them.txt_2302,15,15,"On Monday , CNN pollster Harry Enten spoke of how Harris ’ support among",black,men has dwindled and is roughly half of what former President Barack Obama’s was .,black
terrified_as_her_numbers_among_black_men_dive_kamala_rolls_out_plan_for_them.txt_2302,16,16,"On Monday , CNN pollster Harry Enten spoke of how Harris ’ support among black",men,has dwindled and is roughly half of what former President Barack Obama’s was .,men
terrified_as_her_numbers_among_black_men_dive_kamala_rolls_out_plan_for_them.txt_2303,49,49,"“ You go back to November of 2012 , what do you see ? ” Enten asked rhetorically . “ You see Obama by 81 , Clinton only won them by 63 . Then we’re all the way down to Biden last time around by 53 . A",tremendous,drop already . And then you take a look at the average of the most recent polls and Kamala Harris is up by only 41 points . That is about half the margin that Obama won them by back in November of 2012 . ”,men
terrified_as_her_numbers_among_black_men_dive_kamala_rolls_out_plan_for_them.txt_2303,68,68,"rhetorically . “ You see Obama by 81 , Clinton only won them by 63 . Then we’re all the way down to Biden last time around by 53 . A tremendous drop already . And then you take a look at the average of the most recent polls and",Kamala,Harris is up by only 41 points . That is about half the margin that Obama won them by back in November of 2012 . ”,kamala
terrified_as_her_numbers_among_black_men_dive_kamala_rolls_out_plan_for_them.txt_2303,69,69,". “ You see Obama by 81 , Clinton only won them by 63 . Then we’re all the way down to Biden last time around by 53 . A tremendous drop already . And then you take a look at the average of the most recent polls and Kamala",Harris,is up by only 41 points . That is about half the margin that Obama won them by back in November of 2012 . ”,harris
terrified_as_her_numbers_among_black_men_dive_kamala_rolls_out_plan_for_them.txt_2304,3,3,Asked about,black,"men overall , Enten responded , “ We’re looking once again at younger black men at what looks like the worst Democratic performance since 1960 since JFK versus Richard Nixon . It’s the same thing among black men overall . Again , part of a similar trend , but here",black
terrified_as_her_numbers_among_black_men_dive_kamala_rolls_out_plan_for_them.txt_2304,4,4,Asked about black,men,"overall , Enten responded , “ We’re looking once again at younger black men at what looks like the worst Democratic performance since 1960 since JFK versus Richard Nixon . It’s the same thing among black men overall . Again , part of a similar trend , but here ,",men
terrified_as_her_numbers_among_black_men_dive_kamala_rolls_out_plan_for_them.txt_2304,17,17,"Asked about black men overall , Enten responded , “ We’re looking once again at younger",black,"men at what looks like the worst Democratic performance since 1960 since JFK versus Richard Nixon . It’s the same thing among black men overall . Again , part of a similar trend , but here , actually , the drop off isn’t as dramatic , right ? Barack Obama",black
terrified_as_her_numbers_among_black_men_dive_kamala_rolls_out_plan_for_them.txt_2304,18,18,"Asked about black men overall , Enten responded , “ We’re looking once again at younger black",men,"at what looks like the worst Democratic performance since 1960 since JFK versus Richard Nixon . It’s the same thing among black men overall . Again , part of a similar trend , but here , actually , the drop off isn’t as dramatic , right ? Barack Obama won",men
terrified_as_her_numbers_among_black_men_dive_kamala_rolls_out_plan_for_them.txt_2304,40,40,"Asked about black men overall , Enten responded , “ We’re looking once again at younger black men at what looks like the worst Democratic performance since 1960 since JFK versus Richard Nixon . It’s the same thing among",black,"men overall . Again , part of a similar trend , but here , actually , the drop off isn’t as dramatic , right ? Barack Obama won him by 85 . Then you see 71 Clinton , 69 Biden , basically the same thing holding steady . But here",black
terrified_as_her_numbers_among_black_men_dive_kamala_rolls_out_plan_for_them.txt_2304,41,41,"Asked about black men overall , Enten responded , “ We’re looking once again at younger black men at what looks like the worst Democratic performance since 1960 since JFK versus Richard Nixon . It’s the same thing among black",men,"overall . Again , part of a similar trend , but here , actually , the drop off isn’t as dramatic , right ? Barack Obama won him by 85 . Then you see 71 Clinton , 69 Biden , basically the same thing holding steady . But here ,",men
terrified_as_her_numbers_among_black_men_dive_kamala_rolls_out_plan_for_them.txt_2304,142,142,"again , very , very weak , only a 54-point margin . Now , again , still winning them by a large margin , but considerably lower than what we’re used to . Certainly , considerably lower than what we had during the Obama years . The bottom line is",Kamala,Harris with younger black men and then black men overall putting in historically weak performance for a Democratic candidate . ”,kamala
terrified_as_her_numbers_among_black_men_dive_kamala_rolls_out_plan_for_them.txt_2304,143,143,", very , very weak , only a 54-point margin . Now , again , still winning them by a large margin , but considerably lower than what we’re used to . Certainly , considerably lower than what we had during the Obama years . The bottom line is Kamala",Harris,with younger black men and then black men overall putting in historically weak performance for a Democratic candidate . ”,harris
terrified_as_her_numbers_among_black_men_dive_kamala_rolls_out_plan_for_them.txt_2304,146,146,"very weak , only a 54-point margin . Now , again , still winning them by a large margin , but considerably lower than what we’re used to . Certainly , considerably lower than what we had during the Obama years . The bottom line is Kamala Harris with younger",black,men and then black men overall putting in historically weak performance for a Democratic candidate . ”,black
terrified_as_her_numbers_among_black_men_dive_kamala_rolls_out_plan_for_them.txt_2304,147,147,"weak , only a 54-point margin . Now , again , still winning them by a large margin , but considerably lower than what we’re used to . Certainly , considerably lower than what we had during the Obama years . The bottom line is Kamala Harris with younger black",men,and then black men overall putting in historically weak performance for a Democratic candidate . ”,men
terrified_as_her_numbers_among_black_men_dive_kamala_rolls_out_plan_for_them.txt_2304,150,150,"a 54-point margin . Now , again , still winning them by a large margin , but considerably lower than what we’re used to . Certainly , considerably lower than what we had during the Obama years . The bottom line is Kamala Harris with younger black men and then",black,men overall putting in historically weak performance for a Democratic candidate . ”,black
terrified_as_her_numbers_among_black_men_dive_kamala_rolls_out_plan_for_them.txt_2304,151,151,"54-point margin . Now , again , still winning them by a large margin , but considerably lower than what we’re used to . Certainly , considerably lower than what we had during the Obama years . The bottom line is Kamala Harris with younger black men and then black",men,overall putting in historically weak performance for a Democratic candidate . ”,men
terrified_as_her_numbers_among_black_men_dive_kamala_rolls_out_plan_for_them.txt_2305,13,13,"In mid-September , Reuters reported , “ Over one quarter of younger",Black,"men say they would support Republican candidate Donald Trump in this year’s U.S . presidential election , an NAACP poll showed on Friday . ”",black
terrified_as_her_numbers_among_black_men_dive_kamala_rolls_out_plan_for_them.txt_2305,14,14,"In mid-September , Reuters reported , “ Over one quarter of younger Black",men,"say they would support Republican candidate Donald Trump in this year’s U.S . presidential election , an NAACP poll showed on Friday . ”",men
terrified_as_her_numbers_among_black_men_dive_kamala_rolls_out_plan_for_them.txt_2305,21,21,"In mid-September , Reuters reported , “ Over one quarter of younger Black men say they would support Republican candidate",Donald,"Trump in this year’s U.S . presidential election , an NAACP poll showed on Friday . ”",donald
terrified_as_her_numbers_among_black_men_dive_kamala_rolls_out_plan_for_them.txt_2305,22,22,"In mid-September , Reuters reported , “ Over one quarter of younger Black men say they would support Republican candidate Donald",Trump,"in this year’s U.S . presidential election , an NAACP poll showed on Friday . ”",trump
the_2009_book_was_not_the_only_thing_kamala_plagiarized.txt_2310,8,8,2009 Book Was Not The Only Thing,Kamala,Plagiarized,kamala
the_2009_book_was_not_the_only_thing_kamala_plagiarized.txt_2317,13,13,A recent report from Christopher Rufo detailed the parts of Vice President,Kamala,"Harris ‘ 2009 book that appear to have been plagiarized — but according to a new report from The Washington Free Beacon , the story doesn’t end there .",kamala
the_2009_book_was_not_the_only_thing_kamala_plagiarized.txt_2317,14,14,A recent report from Christopher Rufo detailed the parts of Vice President Kamala,Harris,"‘ 2009 book that appear to have been plagiarized — but according to a new report from The Washington Free Beacon , the story doesn’t end there .",harris
the_2009_book_was_not_the_only_thing_kamala_plagiarized.txt_2318,24,24,A new report from the Free Beacon’s Aaron Sibarium showed that in 2007 — while she was the San Francisco District Attorney —,Harris,lifted text from a Republican state attorney and then presented it as her own when testifying before Congress on a loan repayment program for prosecutors .,harris
the_2009_book_was_not_the_only_thing_kamala_plagiarized.txt_2318,46,46,A new report from the Free Beacon’s Aaron Sibarium showed that in 2007 — while she was the San Francisco District Attorney — Harris lifted text from a Republican state attorney and then presented it as her own when testifying before Congress on a loan,repayment,program for prosecutors .,men
the_2009_book_was_not_the_only_thing_kamala_plagiarized.txt_2320,43,43,"Virtually her entire testimony about the bill was taken from that of another district attorney , Paul Logli of Winnebago County , Illinois , who had testified in support of the legislation two months earlier before the Senate Judiciary Committee . Both",statements,"cite the same surveys , use the same language , and make the same points in the same order , with a paragraph added here or there . They even contain the same typos , such as missing punctuation or mistaken plurals . One error—a “ who ” that should",men
the_2009_book_was_not_the_only_thing_kamala_plagiarized.txt_2320,104,104,"and make the same points in the same order , with a paragraph added here or there . They even contain the same typos , such as missing punctuation or mistaken plurals . One error—a “ who ” that should have been a “ whom ” — was corrected in",Harris’s,transposition .,harris
the_2009_book_was_not_the_only_thing_kamala_plagiarized.txt_2320,105,105,"make the same points in the same order , with a paragraph added here or there . They even contain the same typos , such as missing punctuation or mistaken plurals . One error—a “ who ” that should have been a “ whom ” — was corrected in Harris’s",transposition,.,trans
the_2009_book_was_not_the_only_thing_kamala_plagiarized.txt_2321,21,21,Sibarium posted a lengthy thread to X along with screenshots of Logli’s testimony — from several months earlier — alongside,Harris,"’ testimony , which was submitted to the Senate Judiciary Committee in April .",harris
the_2009_book_was_not_the_only_thing_kamala_plagiarized.txt_2322,5,5,"“ In 2007 ,",Kamala,"Harris plagiarized pages of Congressional testimony from a Republican colleague . And in 2012 , she plagiarized a fictionalized story about sex trafficking—but presented it as a real case . It’s not just one book ; it’s a career-long pattern , ” he began the thread .",kamala
the_2009_book_was_not_the_only_thing_kamala_plagiarized.txt_2322,6,6,"“ In 2007 , Kamala",Harris,"plagiarized pages of Congressional testimony from a Republican colleague . And in 2012 , she plagiarized a fictionalized story about sex trafficking—but presented it as a real case . It’s not just one book ; it’s a career-long pattern , ” he began the thread .",harris
the_2009_book_was_not_the_only_thing_kamala_plagiarized.txt_2323,7,7,"On April 24 , 2007 ,",Harris,"testified before the House Judiciary Committee in support of a student loan repayment program . Virtually her entire testimony about the program was taken from that of another district attorney , Paul Logli of Winnebago County , Illinois . pic.twitter.com / FmJX5KBu8z",harris
the_2009_book_was_not_the_only_thing_kamala_plagiarized.txt_2323,20,20,"On April 24 , 2007 , Harris testified before the House Judiciary Committee in support of a student loan",repayment,"program . Virtually her entire testimony about the program was taken from that of another district attorney , Paul Logli of Winnebago County , Illinois . pic.twitter.com / FmJX5KBu8z",men
the_85_of_voters_want_cbs_news_to_release_transcript_of_kamalas_60_minutes_interview.txt_2343,10,10,85 % Of Voters Want CBS News To Release,Transcript,Of Kamala’s ’ 60 Minutes ’ Interview,trans
the_85_of_voters_want_cbs_news_to_release_transcript_of_kamalas_60_minutes_interview.txt_2343,12,12,85 % Of Voters Want CBS News To Release Transcript Of,Kamala’s,’ 60 Minutes ’ Interview,kamala
the_85_of_voters_want_cbs_news_to_release_transcript_of_kamalas_60_minutes_interview.txt_2350,13,13,The overwhelming majority of Americans want CBS News to release the full,transcript,of their “ 60 Minutes ” interview with Vice President Kamala Harris after the network was widely accused of deceptively editing Harris ’ answers .,trans
the_85_of_voters_want_cbs_news_to_release_transcript_of_kamalas_60_minutes_interview.txt_2350,24,24,The overwhelming majority of Americans want CBS News to release the full transcript of their “ 60 Minutes ” interview with Vice President,Kamala,Harris after the network was widely accused of deceptively editing Harris ’ answers .,kamala
the_85_of_voters_want_cbs_news_to_release_transcript_of_kamalas_60_minutes_interview.txt_2350,25,25,The overwhelming majority of Americans want CBS News to release the full transcript of their “ 60 Minutes ” interview with Vice President Kamala,Harris,after the network was widely accused of deceptively editing Harris ’ answers .,harris
the_85_of_voters_want_cbs_news_to_release_transcript_of_kamalas_60_minutes_interview.txt_2350,35,35,The overwhelming majority of Americans want CBS News to release the full transcript of their “ 60 Minutes ” interview with Vice President Kamala Harris after the network was widely accused of deceptively editing,Harris,’ answers .,harris
the_85_of_voters_want_cbs_news_to_release_transcript_of_kamalas_60_minutes_interview.txt_2351,29,29,A staggering 85 % of voters — including 88 % of Republicans and 87 % of Democrats — said that they think CBS News should release the full,transcript,"of the interview , while only 15 % said it should not release it .",trans
the_85_of_voters_want_cbs_news_to_release_transcript_of_kamalas_60_minutes_interview.txt_2352,14,14,53 % said that they believed that the interview was edited to make,Harris,"“ look better , ” while 47 % said that they believed the interview was “ fair and objective . ”",harris
the_85_of_voters_want_cbs_news_to_release_transcript_of_kamalas_60_minutes_interview.txt_2353,6,6,BREAKING : New Harvard Caps,Harris,Poll,harris
the_85_of_voters_want_cbs_news_to_release_transcript_of_kamalas_60_minutes_interview.txt_2354,17,17,“ A strong majority of voters ( DEM + GOP ) think CBS should release the,transcript,of the 60 Minutes ’ Harris interview ; A slight majority say CBS edited it to make her look better . ”,trans
the_85_of_voters_want_cbs_news_to_release_transcript_of_kamalas_60_minutes_interview.txt_2354,23,23,“ A strong majority of voters ( DEM + GOP ) think CBS should release the transcript of the 60 Minutes ’,Harris,interview ; A slight majority say CBS edited it to make her look better . ”,harris
the_85_of_voters_want_cbs_news_to_release_transcript_of_kamalas_60_minutes_interview.txt_2357,17,17,The findings come after the Associated Press reported that the “ 60 Minutes ” interview with,Harris,was 45 minutes long and was cut down to fit a 20-minute segment that aired on television and separate 6-minute segment that was posted to social media .,harris
the_85_of_voters_want_cbs_news_to_release_transcript_of_kamalas_60_minutes_interview.txt_2357,30,30,The findings come after the Associated Press reported that the “ 60 Minutes ” interview with Harris was 45 minutes long and was cut down to fit a 20-minute,segment,that aired on television and separate 6-minute segment that was posted to social media .,men
the_85_of_voters_want_cbs_news_to_release_transcript_of_kamalas_60_minutes_interview.txt_2357,38,38,The findings come after the Associated Press reported that the “ 60 Minutes ” interview with Harris was 45 minutes long and was cut down to fit a 20-minute segment that aired on television and separate 6-minute,segment,that was posted to social media .,men
the_85_of_voters_want_cbs_news_to_release_transcript_of_kamalas_60_minutes_interview.txt_2359,15,15,"However , less than 15 minutes of the interview was aired between the two",segments,", meaning that less than one out of every three minutes of film was shown to the public .",men
the_85_of_voters_want_cbs_news_to_release_transcript_of_kamalas_60_minutes_interview.txt_2360,2,2,The,Trump,"campaign , top U.S . Senators , former CBS News journalists , and various publications have all called for the program to release the full footage and transcript of the interview , but they refuse to do so .",trump
the_85_of_voters_want_cbs_news_to_release_transcript_of_kamalas_60_minutes_interview.txt_2360,30,30,"The Trump campaign , top U.S . Senators , former CBS News journalists , and various publications have all called for the program to release the full footage and",transcript,"of the interview , but they refuse to do so .",trans
the_85_of_voters_want_cbs_news_to_release_transcript_of_kamalas_60_minutes_interview.txt_2362,2,2,The,moment,that sparked controversy on the show happened when host Bill Whitaker was discussing with Harris the United States ’ financial support for Israel in its war against genocidal Islamic terrorists in the region .,men
the_85_of_voters_want_cbs_news_to_release_transcript_of_kamalas_60_minutes_interview.txt_2362,17,17,The moment that sparked controversy on the show happened when host Bill Whitaker was discussing with,Harris,the United States ’ financial support for Israel in its war against genocidal Islamic terrorists in the region .,harris
the_85_of_voters_want_cbs_news_to_release_transcript_of_kamalas_60_minutes_interview.txt_2363,17,17,"“ But it seems that Prime Minister Netanyahu is not listening , ” Whitaker said to",Harris,.,harris
the_85_of_voters_want_cbs_news_to_release_transcript_of_kamalas_60_minutes_interview.txt_2364,14,14,"In a promotional clip that was posted by CBS News on Sunday ,",Harris,"responded to that statement from Whitaker by saying : “ The work that we have done has resulted in a number of movements in that region by Israel that were very much prompted by or a result of many things , including our advocacy for what needs to happen in",harris
the_85_of_voters_want_cbs_news_to_release_transcript_of_kamalas_60_minutes_interview.txt_2364,18,18,"In a promotional clip that was posted by CBS News on Sunday , Harris responded to that",statement,"from Whitaker by saying : “ The work that we have done has resulted in a number of movements in that region by Israel that were very much prompted by or a result of many things , including our advocacy for what needs to happen in the region . ”",men
the_85_of_voters_want_cbs_news_to_release_transcript_of_kamalas_60_minutes_interview.txt_2364,37,37,"In a promotional clip that was posted by CBS News on Sunday , Harris responded to that statement from Whitaker by saying : “ The work that we have done has resulted in a number of",movements,"in that region by Israel that were very much prompted by or a result of many things , including our advocacy for what needs to happen in the region . ”",men
the_85_of_voters_want_cbs_news_to_release_transcript_of_kamalas_60_minutes_interview.txt_2365,14,14,"However , when the full interview was published by the network , that",statement,"from Harris was nowhere to be found . Those words were not included anywhere in the television broadcast , nor did they appear in the interview when it was posted on YouTube , the interview’s transcript , or the show’s “ Overtime ” segment .",men
the_85_of_voters_want_cbs_news_to_release_transcript_of_kamalas_60_minutes_interview.txt_2365,16,16,"However , when the full interview was published by the network , that statement from",Harris,"was nowhere to be found . Those words were not included anywhere in the television broadcast , nor did they appear in the interview when it was posted on YouTube , the interview’s transcript , or the show’s “ Overtime ” segment .",harris
the_85_of_voters_want_cbs_news_to_release_transcript_of_kamalas_60_minutes_interview.txt_2365,50,50,"However , when the full interview was published by the network , that statement from Harris was nowhere to be found . Those words were not included anywhere in the television broadcast , nor did they appear in the interview when it was posted on YouTube , the interview’s",transcript,", or the show’s “ Overtime ” segment .",trans
the_85_of_voters_want_cbs_news_to_release_transcript_of_kamalas_60_minutes_interview.txt_2365,58,58,"published by the network , that statement from Harris was nowhere to be found . Those words were not included anywhere in the television broadcast , nor did they appear in the interview when it was posted on YouTube , the interview’s transcript , or the show’s “ Overtime ”",segment,.,men
the_85_of_voters_want_cbs_news_to_release_transcript_of_kamalas_60_minutes_interview.txt_2366,14,14,"Instead , on television and in the interview posted online , Whitaker’s identical",statement,that “ it seems that Prime Minister Netanyahu is not listening ” is followed by Harris saying : “ We are not gonna stop pursuing what is necessary for the United States to be clear about where we stand on the need for this war to end . ”,men
the_85_of_voters_want_cbs_news_to_release_transcript_of_kamalas_60_minutes_interview.txt_2366,30,30,"Instead , on television and in the interview posted online , Whitaker’s identical statement that “ it seems that Prime Minister Netanyahu is not listening ” is followed by",Harris,saying : “ We are not gonna stop pursuing what is necessary for the United States to be clear about where we stand on the need for this war to end . ”,harris
the_dei_candidate_matt_walsh_blasts_kamala_calls_out_dems_race_obsession.txt_2371,10,10,‘ The DEI Candidate ’ : Matt Walsh Blasts,Kamala,", Calls Out Dems ’ Race Obsession",kamala
the_dei_candidate_matt_walsh_blasts_kamala_calls_out_dems_race_obsession.txt_2378,25,25,Matt Walsh appeared on Fox News Monday night to discuss the streaming release of “ Am I Racist ? ” and blasted Vice President,Kamala,Harris and the Democratic Party over their obsession with racial identity .,kamala
the_dei_candidate_matt_walsh_blasts_kamala_calls_out_dems_race_obsession.txt_2378,26,26,Matt Walsh appeared on Fox News Monday night to discuss the streaming release of “ Am I Racist ? ” and blasted Vice President Kamala,Harris,and the Democratic Party over their obsession with racial identity .,harris
the_dei_candidate_matt_walsh_blasts_kamala_calls_out_dems_race_obsession.txt_2379,19,19,Walsh told Fox News host Trace Gallagher that the Democrats ’ uproar over jokes made at former President,Donald,Trump’s Madison Square Garden rally highlights how the Left focuses on “ the victim and oppressor narrative . ”,donald
the_dei_candidate_matt_walsh_blasts_kamala_calls_out_dems_race_obsession.txt_2379,20,20,Walsh told Fox News host Trace Gallagher that the Democrats ’ uproar over jokes made at former President Donald,Trump’s,Madison Square Garden rally highlights how the Left focuses on “ the victim and oppressor narrative . ”,trump
the_dei_candidate_matt_walsh_blasts_kamala_calls_out_dems_race_obsession.txt_2381,20,20,"Gallagher played a clip of Dr . Phil blasting diversity , equity , and inclusion during a speech at",Trump’s,rally and asked the Daily Wire host why the Left is outraged about Dr . Phil’s comments .,trump
the_dei_candidate_matt_walsh_blasts_kamala_calls_out_dems_race_obsession.txt_2381,37,37,"Gallagher played a clip of Dr . Phil blasting diversity , equity , and inclusion during a speech at Trump’s rally and asked the Daily Wire host why the Left is outraged about Dr . Phil’s",comments,.,men
the_dei_candidate_matt_walsh_blasts_kamala_calls_out_dems_race_obsession.txt_2382,15,15,“ Dr . Phil’s message is particularly inconvenient for the Left right now because,Kamala,"Harris is the DEI candidate , ” Walsh said . “ I mean , she’s the first DEI presidential candidate , and we say that not just as some kind of slur . It’s true . She’s the first presidential candidate in history to be handed that position as the",kamala
the_dei_candidate_matt_walsh_blasts_kamala_calls_out_dems_race_obsession.txt_2382,16,16,“ Dr . Phil’s message is particularly inconvenient for the Left right now because Kamala,Harris,"is the DEI candidate , ” Walsh said . “ I mean , she’s the first DEI presidential candidate , and we say that not just as some kind of slur . It’s true . She’s the first presidential candidate in history to be handed that position as the nominee",harris
the_dei_candidate_matt_walsh_blasts_kamala_calls_out_dems_race_obsession.txt_2383,23,23,Walsh also said the timing of “ Am I Racist ? ” couldn’t have been better as Americans prepare to vote between,Trump,and Harris in the 2024 presidential election .,trump
the_dei_candidate_matt_walsh_blasts_kamala_calls_out_dems_race_obsession.txt_2383,25,25,Walsh also said the timing of “ Am I Racist ? ” couldn’t have been better as Americans prepare to vote between Trump and,Harris,in the 2024 presidential election .,harris
the_dei_candidate_matt_walsh_blasts_kamala_calls_out_dems_race_obsession.txt_2385,4,4,“ If [,Kamala,"] ends up in the White House , then she’s going to bring that ideology that is opposed to merit , that kills merit and puts demographics above it , and she’s going to bring that into the White House , which is not good for the country , ”",kamala
the_dei_candidate_matt_walsh_blasts_kamala_calls_out_dems_race_obsession.txt_2386,72,72,"as the company’s first theatrical release for an in-house production . It outperformed expectations at the box office , grossing more than $ 12 million and debuting in the top five films in the country on its opening weekend . “ Am I Racist ? ” also became the top-grossing",documentary,of the decade .,men
the_faithful_should_fear_a_kamala_presidency.txt_2392,6,6,The Faithful Should Fear A,Kamala,Presidency,kamala
the_faithful_should_fear_a_kamala_presidency.txt_2399,29,29,"The ballots aren’t even counted , yet no amount of scripture citing or fake accents while playing preacher on the Sunday morning campaign stump can distract from what",Kamala,Harris has already promised — she’s no friend of the faithful .,kamala
the_faithful_should_fear_a_kamala_presidency.txt_2399,30,30,"The ballots aren’t even counted , yet no amount of scripture citing or fake accents while playing preacher on the Sunday morning campaign stump can distract from what Kamala",Harris,has already promised — she’s no friend of the faithful .,harris
the_faithful_should_fear_a_kamala_presidency.txt_2401,7,7,"At a recent Wisconsin rally ,",Kamala,"told two students who shouted “ Jesus is Lord ” they were at the wrong rally , before having them escorted out . She was so pleased with herself as she cackled at her off-the-cuff remark , painfully ignorant that we live in a country where 68 % of people",kamala
the_faithful_should_fear_a_kamala_presidency.txt_2402,13,13,"Nobody laughed but her , and a weekend damage control tour to",black,churches in Georgia quickly followed .,black
the_faithful_should_fear_a_kamala_presidency.txt_2408,27,27,"It doesn’t end there . She pushed the FACE Act as California Attorney General , which would have forced pregnancy centers to make abortion referrals to",women,". By their very nature most pregnancy centers are faith-based and provide numerous resources and support to both the mom and the baby throughout the pregnancy , as well as afterward .",men
the_faithful_should_fear_a_kamala_presidency.txt_2409,14,14,Doesn’t matter . This is from the party that pretends to care about,women,.,men
the_faithful_should_fear_a_kamala_presidency.txt_2410,35,35,As Attorney General she also joined her counterparts to go after Hobby Lobby and other faith-based employers in an attempt to force them to include abortion pills as part of their health benefits .,Harris,"also supported the Equality Act , which would have forced religious institutions to hire people at odds with their beliefs — read “ gender ideology . ”",harris
the_faithful_should_fear_a_kamala_presidency.txt_2411,16,16,"But , you say , what about that 30-year-old Religious Freedom Restoration Act that keeps",government,out of the business of Americans ’ religious rights — the one even then Sen . Joe Biden supported ? Throw it in the trash . This “ Equality Act ” would have provided zero equality for any faith-based institution .,men
the_faithful_should_fear_a_kamala_presidency.txt_2423,25,25,"Pastors have a responsibility to arm their congregations with a Biblical worldview on cultural issues . As Pastor Gary Hamrick said , “ Good",government,"cannot save us , but bad government can destroy us . ”",men
the_faithful_should_fear_a_kamala_presidency.txt_2423,32,32,"Pastors have a responsibility to arm their congregations with a Biblical worldview on cultural issues . As Pastor Gary Hamrick said , “ Good government cannot save us , but bad",government,can destroy us . ”,men
the_faithful_should_fear_a_kamala_presidency.txt_2424,8,8,"We know that , if elected ,",Kamala,is coming for our religious freedom . She’s done it before and she’s already promising she’ll do it again .,kamala
the_lefts_betrayal_of_the_first_amendment.txt_2433,7,7,The Left’s Betrayal Of The First,Amendment,,men
the_lefts_betrayal_of_the_first_amendment.txt_2440,6,6,"Today’s Democrats , led by",Kamala,"Harris , Barack Obama and Joe Biden , are not just tiptoeing around the edges of censorship ; they’re creating an Orwellian nightmare where the state is being called upon to regulate speech and to determine what is fit to be heard in the public square .",kamala
the_lefts_betrayal_of_the_first_amendment.txt_2440,7,7,"Today’s Democrats , led by Kamala",Harris,", Barack Obama and Joe Biden , are not just tiptoeing around the edges of censorship ; they’re creating an Orwellian nightmare where the state is being called upon to regulate speech and to determine what is fit to be heard in the public square .",harris
the_lefts_betrayal_of_the_first_amendment.txt_2441,21,21,The Media Research Center took a stroll down memory lane to measure the seismic shift in attitudes toward the First,Amendment,"for Harris and the other Democratic nominees of the 21st century , including Biden , Hillary Clinton , Obama , John Kerry and Al Gore .",men
the_lefts_betrayal_of_the_first_amendment.txt_2441,23,23,The Media Research Center took a stroll down memory lane to measure the seismic shift in attitudes toward the First Amendment for,Harris,"and the other Democratic nominees of the 21st century , including Biden , Hillary Clinton , Obama , John Kerry and Al Gore .",harris
the_lefts_betrayal_of_the_first_amendment.txt_2445,7,7,"In 2015 , Obama affirmed that",government,"propaganda “ runs contrary to everything we believe . ” Yet , in 2022 , Obama called on Americans to “ pick a side ” regarding whether social media companies should be forced to censor Americans .",men
the_lefts_betrayal_of_the_first_amendment.txt_2446,47,47,"In 2015 , Kerry rebuked censorship , affirming that “ freedom must win out over censorship . ” A year earlier , he condemned the very acts committed by his own party today : “ Imagine if I couldn’t talk to you today simply because my",government,had shut down or censored the internet . ” But now Kerry unashamedly attacks the First Amendment “ as a major block . ”,men
the_lefts_betrayal_of_the_first_amendment.txt_2446,64,64,"out over censorship . ” A year earlier , he condemned the very acts committed by his own party today : “ Imagine if I couldn’t talk to you today simply because my government had shut down or censored the internet . ” But now Kerry unashamedly attacks the First",Amendment,“ as a major block . ”,men
the_lefts_betrayal_of_the_first_amendment.txt_2447,34,34,"In 2017 , Biden passionately defended free speech rights for all : “ [ W ] e hurt ourselves badly when we don’t allow the speech to take place . … The First",Amendment,"is one of the defining features of who we are in the Bill of Rights . And to shut it down in the name of what is appropriate is simply wrong . ” In that same year , Harris similarly tweeted , “ The free and open internet is a",men
the_lefts_betrayal_of_the_first_amendment.txt_2447,73,73,"don’t allow the speech to take place . … The First Amendment is one of the defining features of who we are in the Bill of Rights . And to shut it down in the name of what is appropriate is simply wrong . ” In that same year ,",Harris,"similarly tweeted , “ The free and open internet is a cornerstone of our society and must be protected at all costs . ”",harris
the_lefts_betrayal_of_the_first_amendment.txt_2448,8,8,"But like their predecessors , Biden and",Harris,"have flip-flopped , deciding instead that the best way to combat ideas they dislike is not through debate , but through deletion . In the guise of combatting mis - and dis-information , they created the largest censorship regime in U.S . history , spanning 10 federal departments and six",harris
the_lefts_betrayal_of_the_first_amendment.txt_2448,56,56,"Biden and Harris have flip-flopped , deciding instead that the best way to combat ideas they dislike is not through debate , but through deletion . In the guise of combatting mis - and dis-information , they created the largest censorship regime in U.S . history , spanning 10 federal",departments,and six additional regulatory agencies .,men
the_lefts_betrayal_of_the_first_amendment.txt_2449,9,9,"For example , the State and Homeland Security",Departments,"have partnered repeatedly to censor conservatives in the media . The Pentagon has also used our tax dollars to bludgeon advertisers , cajoling them not to work with conservative media outlets .",men
the_lefts_betrayal_of_the_first_amendment.txt_2450,37,37,"Independent agencies are at it , too . The Federal Communications Commission is punishing free-speech advocate Elon Musk while rewarding anti-free speech zealot George Soros . And the National Science Foundation is competing with the Energy",Department,to be the wizard behind the censorship curtain .,men
the_lefts_betrayal_of_the_first_amendment.txt_2452,38,38,"While elites in the Democratic Party play the role of speech censors , conservatives have joined with traditional Democrats in a coalition to protect speech rights . This coalition is led mostly by former Democrats , including",Donald,"Trump , Elon Musk and two former presidential candidates , Robert F . Kennedy and Tulsi Gabbard .",donald
the_lefts_betrayal_of_the_first_amendment.txt_2452,39,39,"While elites in the Democratic Party play the role of speech censors , conservatives have joined with traditional Democrats in a coalition to protect speech rights . This coalition is led mostly by former Democrats , including Donald",Trump,", Elon Musk and two former presidential candidates , Robert F . Kennedy and Tulsi Gabbard .",trump
the_lefts_betrayal_of_the_first_amendment.txt_2453,1,1,,Trump’s,"running mate JD Vance articulated the correct perspective on speech in the vice presidential debate : “ I believe we actually do have a threat to democracy in this country , but unfortunately , it’s not the threat to democracy that Kamala Harris and Tim Walz want to talk about",trump
the_lefts_betrayal_of_the_first_amendment.txt_2453,43,43,"Trump’s running mate JD Vance articulated the correct perspective on speech in the vice presidential debate : “ I believe we actually do have a threat to democracy in this country , but unfortunately , it’s not the threat to democracy that",Kamala,Harris and Tim Walz want to talk about : It is the threat of censorship . ”,kamala
the_lefts_betrayal_of_the_first_amendment.txt_2453,44,44,"Trump’s running mate JD Vance articulated the correct perspective on speech in the vice presidential debate : “ I believe we actually do have a threat to democracy in this country , but unfortunately , it’s not the threat to democracy that Kamala",Harris,and Tim Walz want to talk about : It is the threat of censorship . ”,harris
the_lefts_betrayal_of_the_first_amendment.txt_2454,32,32,Vance is sounding a wake-up call that resonates like the siren many of us heard as school children during nuclear-war fallout drills . We’re not just at risk of losing an,argument,; we’re at risk of losing America .,men
the_most_absurd_dei_moments_under_biden_harris.txt_2465,5,5,The Most Absurd DEI,Moments,Under Biden-Harris,men
the_most_absurd_dei_moments_under_biden_harris.txt_2465,7,7,The Most Absurd DEI Moments Under,Biden-Harris,,harris
the_most_absurd_dei_moments_under_biden_harris.txt_2471,4,4,"These DEI """,achievements,""" reveal how backwards and incompetent our government has become over the past four years .",men
the_most_absurd_dei_moments_under_biden_harris.txt_2471,12,12,"These DEI "" achievements "" reveal how backwards and incompetent our",government,has become over the past four years .,men
the_most_absurd_dei_moments_under_biden_harris.txt_2472,26,26,"There’s been a lot of very negative coverage of diversity , equity and inclusion lately . Some of you may know that , as I’ve",mentioned,"once or twice , I recently put together a movie on the topic : “ Am I Racist ? ” Streaming on Daily Wire right now . I’ve also done a lot of shows about DEI and for good reason . In fact , a DEI candidate is on the",men
the_most_absurd_dei_moments_under_biden_harris.txt_2473,29,29,"All that being said , I’d be lying if I said that , deep down , I don’t have a soft spot for certain DEI policies that the",Biden-Harris,"administration has implemented . You see , as a certified DEI expert myself , I’m trained to recognize that not all DEI programs are equal . Some of them are just straight-up racist , sure . Virtually all of them are counterproductive . But I’m capable of identifying , based",harris
the_most_absurd_dei_moments_under_biden_harris.txt_2473,32,32,"All that being said , I’d be lying if I said that , deep down , I don’t have a soft spot for certain DEI policies that the Biden-Harris administration has",implemented,". You see , as a certified DEI expert myself , I’m trained to recognize that not all DEI programs are equal . Some of them are just straight-up racist , sure . Virtually all of them are counterproductive . But I’m capable of identifying , based on my extensive",men
the_most_absurd_dei_moments_under_biden_harris.txt_2473,99,99,"not all DEI programs are equal . Some of them are just straight-up racist , sure . Virtually all of them are counterproductive . But I’m capable of identifying , based on my extensive training , some DEI policies that are really diamonds in the rough . Some of them",transcend,"politics and stand as monuments to the unfettered ingenuity of the Biden-Harris administration . The more you think about these policies , the more you come around to the idea that maybe , just maybe , DEI is worth keeping around in some form — if only because , in",trans
the_most_absurd_dei_moments_under_biden_harris.txt_2473,104,104,"equal . Some of them are just straight-up racist , sure . Virtually all of them are counterproductive . But I’m capable of identifying , based on my extensive training , some DEI policies that are really diamonds in the rough . Some of them transcend politics and stand as",monuments,"to the unfettered ingenuity of the Biden-Harris administration . The more you think about these policies , the more you come around to the idea that maybe , just maybe , DEI is worth keeping around in some form — if only because , in many cases , these policies",men
the_most_absurd_dei_moments_under_biden_harris.txt_2473,111,111,"straight-up racist , sure . Virtually all of them are counterproductive . But I’m capable of identifying , based on my extensive training , some DEI policies that are really diamonds in the rough . Some of them transcend politics and stand as monuments to the unfettered ingenuity of the",Biden-Harris,"administration . The more you think about these policies , the more you come around to the idea that maybe , just maybe , DEI is worth keeping around in some form — if only because , in many cases , these policies are hilarious . Or at least ,",harris
the_most_absurd_dei_moments_under_biden_harris.txt_2474,40,40,In that spirit — and because we could all use a breather going into what may be the most heated and contested presidential election since the Civil War — I’m going to rank my favorite DEI policies from the,Biden-Harris,"administration . The group “ Do No Harm ” assembled a gigantic database of all the zillions of ways the administration has implemented DEI , and I’ve whittled that database down to my personal top 10 list . I’m posting that list on X , but for the purposes of",harris
the_most_absurd_dei_moments_under_biden_harris.txt_2474,63,63,going into what may be the most heated and contested presidential election since the Civil War — I’m going to rank my favorite DEI policies from the Biden-Harris administration . The group “ Do No Harm ” assembled a gigantic database of all the zillions of ways the administration has,implemented,"DEI , and I’ve whittled that database down to my personal top 10 list . I’m posting that list on X , but for the purposes of this article I’ll whittle that list down even further .",men
the_most_absurd_dei_moments_under_biden_harris.txt_2475,45,45,"We’ll start with this one , which is probably the best . With very little fanfare , under the administration’s “ equity ” mandate , The TSA deployed new “ advanced imaging technology ” to , “ reduce the instances of enhanced screening for",trans,"persons . ” According to the TSA , “ this update eliminated the need for TSA officers to determine a passenger’s gender prior to Advanced Imaging screening . ” This is a program that taxpayers spent millions of dollars to implement . But how does it work exactly ? How",trans
the_most_absurd_dei_moments_under_biden_harris.txt_2475,86,86,", “ reduce the instances of enhanced screening for trans persons . ” According to the TSA , “ this update eliminated the need for TSA officers to determine a passenger’s gender prior to Advanced Imaging screening . ” This is a program that taxpayers spent millions of dollars to",implement,". But how does it work exactly ? How , precisely , is imaging technology resulting in less false flags for self-identified “ trans people ” ?",men
the_most_absurd_dei_moments_under_biden_harris.txt_2475,110,110,"for TSA officers to determine a passenger’s gender prior to Advanced Imaging screening . ” This is a program that taxpayers spent millions of dollars to implement . But how does it work exactly ? How , precisely , is imaging technology resulting in less false flags for self-identified “",trans,people ” ?,trans
the_most_absurd_dei_moments_under_biden_harris.txt_2479,35,35,"Anyone with a child’s understanding of biology can figure out that this makes a lot of sense . It’s not exactly a foolproof system , but it does make it a little harder for",women,to smuggle contraband through a body scanner .,men
the_most_absurd_dei_moments_under_biden_harris.txt_2480,7,7,"But the TSA , under the",Biden-Harris,"administration , has made the technology more “ accurate , ” supposedly . How did that do that ? According to the TSA , last summer they introduced a “ gender-neutral algorithm ” to the body scanners . In other words , presumably they’ve stopped looking for mismatches between someone’s",harris
the_most_absurd_dei_moments_under_biden_harris.txt_2482,6,6,That brings me to another,monumental,"DEI achievement under the Biden-Harris administration . This one comes to us from the Department of Energy , which recently became notorious for employing its own gender-neutral menace . You might have heard that the Department of Energy’s esteemed nuclear waste disposal expert , Sam Brinton , turned out to",men
the_most_absurd_dei_moments_under_biden_harris.txt_2482,8,8,That brings me to another monumental DEI,achievement,"under the Biden-Harris administration . This one comes to us from the Department of Energy , which recently became notorious for employing its own gender-neutral menace . You might have heard that the Department of Energy’s esteemed nuclear waste disposal expert , Sam Brinton , turned out to be an",men
the_most_absurd_dei_moments_under_biden_harris.txt_2482,11,11,That brings me to another monumental DEI achievement under the,Biden-Harris,"administration . This one comes to us from the Department of Energy , which recently became notorious for employing its own gender-neutral menace . You might have heard that the Department of Energy’s esteemed nuclear waste disposal expert , Sam Brinton , turned out to be an expert in stealing",harris
the_most_absurd_dei_moments_under_biden_harris.txt_2482,21,21,That brings me to another monumental DEI achievement under the Biden-Harris administration . This one comes to us from the,Department,"of Energy , which recently became notorious for employing its own gender-neutral menace . You might have heard that the Department of Energy’s esteemed nuclear waste disposal expert , Sam Brinton , turned out to be an expert in stealing women’s luggage from airport baggage claims . That whole episode",men
the_most_absurd_dei_moments_under_biden_harris.txt_2482,34,34,"That brings me to another monumental DEI achievement under the Biden-Harris administration . This one comes to us from the Department of Energy , which recently became notorious for employing its own gender-neutral",menace,". You might have heard that the Department of Energy’s esteemed nuclear waste disposal expert , Sam Brinton , turned out to be an expert in stealing women’s luggage from airport baggage claims . That whole episode led to a lot of bad press , which is too bad because",men
the_most_absurd_dei_moments_under_biden_harris.txt_2482,42,42,"That brings me to another monumental DEI achievement under the Biden-Harris administration . This one comes to us from the Department of Energy , which recently became notorious for employing its own gender-neutral menace . You might have heard that the",Department,"of Energy’s esteemed nuclear waste disposal expert , Sam Brinton , turned out to be an expert in stealing women’s luggage from airport baggage claims . That whole episode led to a lot of bad press , which is too bad because it distracted everyone from the Department of Energy’s",men
the_most_absurd_dei_moments_under_biden_harris.txt_2482,62,62,"administration . This one comes to us from the Department of Energy , which recently became notorious for employing its own gender-neutral menace . You might have heard that the Department of Energy’s esteemed nuclear waste disposal expert , Sam Brinton , turned out to be an expert in stealing",women’s,"luggage from airport baggage claims . That whole episode led to a lot of bad press , which is too bad because it distracted everyone from the Department of Energy’s historic achievement in the field of DEI . Fortunately , as a certified DEI professional , I’m here to rectify",men
the_most_absurd_dei_moments_under_biden_harris.txt_2482,90,90,"that the Department of Energy’s esteemed nuclear waste disposal expert , Sam Brinton , turned out to be an expert in stealing women’s luggage from airport baggage claims . That whole episode led to a lot of bad press , which is too bad because it distracted everyone from the",Department,"of Energy’s historic achievement in the field of DEI . Fortunately , as a certified DEI professional , I’m here to rectify that oversight .",men
the_most_absurd_dei_moments_under_biden_harris.txt_2482,94,94,"Energy’s esteemed nuclear waste disposal expert , Sam Brinton , turned out to be an expert in stealing women’s luggage from airport baggage claims . That whole episode led to a lot of bad press , which is too bad because it distracted everyone from the Department of Energy’s historic",achievement,"in the field of DEI . Fortunately , as a certified DEI professional , I’m here to rectify that oversight .",men
the_most_absurd_dei_moments_under_biden_harris.txt_2483,16,16,This is a very real paragraph from the “ Equity Action Plan ” at the,Department,of Energy . I hope you’re sitting down for this :,men
the_most_absurd_dei_moments_under_biden_harris.txt_2485,9,9,I’ll read that last part again . The,Department,"of Energy raised the Progress Pride Flag three years in a row , with the Energy Secretary in attendance . They didn’t just raise the flag for one year . They didn’t just raise the flag for two years . They did it three whole years . In a row",men
the_most_absurd_dei_moments_under_biden_harris.txt_2486,18,18,This is something that a bureaucrat — paid by your tax dollars — wrote down in a,government,"document as a major achievement for equity . And then they published this document online , to brag to the whole world . Just to make sure I wasn’t missing anything , I pulled up a video of what this Progress Pride “ flag raising ” ceremony looked like .",men
the_most_absurd_dei_moments_under_biden_harris.txt_2486,19,19,This is something that a bureaucrat — paid by your tax dollars — wrote down in a government,document,"as a major achievement for equity . And then they published this document online , to brag to the whole world . Just to make sure I wasn’t missing anything , I pulled up a video of what this Progress Pride “ flag raising ” ceremony looked like . Here’s",men
the_most_absurd_dei_moments_under_biden_harris.txt_2486,23,23,This is something that a bureaucrat — paid by your tax dollars — wrote down in a government document as a major,achievement,"for equity . And then they published this document online , to brag to the whole world . Just to make sure I wasn’t missing anything , I pulled up a video of what this Progress Pride “ flag raising ” ceremony looked like . Here’s some of that riveting",men
the_most_absurd_dei_moments_under_biden_harris.txt_2486,32,32,This is something that a bureaucrat — paid by your tax dollars — wrote down in a government document as a major achievement for equity . And then they published this,document,"online , to brag to the whole world . Just to make sure I wasn’t missing anything , I pulled up a video of what this Progress Pride “ flag raising ” ceremony looked like . Here’s some of that riveting footage :",men
the_most_absurd_dei_moments_under_biden_harris.txt_2488,3,3,It’s just,monumental,"stuff . So first of all , the Department of Energy lady says that “ PRIDE ” stands for “ promoting respect , inclusion , diversity and equity . ” That’s the first time I’ve ever heard that , but she just says it as fact .",men
the_most_absurd_dei_moments_under_biden_harris.txt_2488,12,12,"It’s just monumental stuff . So first of all , the",Department,"of Energy lady says that “ PRIDE ” stands for “ promoting respect , inclusion , diversity and equity . ” That’s the first time I’ve ever heard that , but she just says it as fact .",men
the_most_absurd_dei_moments_under_biden_harris.txt_2489,102,102,"University of San Francisco’s LGBTQ center claims that PRIDE stands for “ professionalism , respect , integrity , diversity , and excellence . ” So there are some differences there . Three of the five words are different . And of course when you think of gay pride parades with",men,"walking around in leather bondage gear in front of children , the first word that comes to mind to describe the scene is : professionalism . Also respect and integrity .",men
the_most_absurd_dei_moments_under_biden_harris.txt_2491,18,18,"So already , this is all very confusing . And then it gets more confusing when the",Department,"of Energy lady says this : “ Pride is for everyone , whether you are a member of the community or an ally . ” In other words , Pride is for everyone , except all of the people who think Pride is dumb , evil , divisive , and",men
the_most_absurd_dei_moments_under_biden_harris.txt_2492,11,11,"Speaking of pride , NASA was particularly proud under the",Biden-Harris,"administration to launch something called “ Mission Equity . ” No , “ Mission Equity ” doesn’t refer to a trip to Mars , or catching a rocket booster mid-air so that they can reuse it later . You’re thinking too small . After all , who needs reusable rocket",harris
the_most_absurd_dei_moments_under_biden_harris.txt_2492,79,79,"refer to a trip to Mars , or catching a rocket booster mid-air so that they can reuse it later . You’re thinking too small . After all , who needs reusable rocket boosters when you have NASA’s “ LGBTQI + Gender Equity Forum , ” which connects nonbinary ,",trans,"and queer folx with government procurement experts ? I mean , if you give any sane person the choice between those two achievements , they’re obviously going to go with the gender equity forum .",trans
the_most_absurd_dei_moments_under_biden_harris.txt_2492,84,84,"Mars , or catching a rocket booster mid-air so that they can reuse it later . You’re thinking too small . After all , who needs reusable rocket boosters when you have NASA’s “ LGBTQI + Gender Equity Forum , ” which connects nonbinary , trans and queer folx with",government,"procurement experts ? I mean , if you give any sane person the choice between those two achievements , they’re obviously going to go with the gender equity forum .",men
the_most_absurd_dei_moments_under_biden_harris.txt_2492,85,85,", or catching a rocket booster mid-air so that they can reuse it later . You’re thinking too small . After all , who needs reusable rocket boosters when you have NASA’s “ LGBTQI + Gender Equity Forum , ” which connects nonbinary , trans and queer folx with government",procurement,"experts ? I mean , if you give any sane person the choice between those two achievements , they’re obviously going to go with the gender equity forum .",men
the_most_absurd_dei_moments_under_biden_harris.txt_2492,102,102,"too small . After all , who needs reusable rocket boosters when you have NASA’s “ LGBTQI + Gender Equity Forum , ” which connects nonbinary , trans and queer folx with government procurement experts ? I mean , if you give any sane person the choice between those two",achievements,", they’re obviously going to go with the gender equity forum .",men
the_most_absurd_dei_moments_under_biden_harris.txt_2493,15,15,But that’s not even my favorite part of what NASA accomplished in the DEI,department,"over the last four years . They also put together what , in my humble opinion as a DEI expert , is maybe the single creepiest DEI town hall that’s ever been put together by a government agency . One after another , the entire agency — including the director",men
the_most_absurd_dei_moments_under_biden_harris.txt_2493,52,52,"that’s not even my favorite part of what NASA accomplished in the DEI department over the last four years . They also put together what , in my humble opinion as a DEI expert , is maybe the single creepiest DEI town hall that’s ever been put together by a",government,"agency . One after another , the entire agency — including the director — delivered some mindless lines about Joe Biden’s executive order on equity , and how important it is . And then they announced the launch of Mission Equity . Watch :",men
the_most_absurd_dei_moments_under_biden_harris.txt_2496,27,27,There are a bunch of other examples of this rot that Do No Harm has collected . The Forest Service spent $ 1 billion on “,environmental,"justice , ” which is a term that no one can define . The N.E.A . spent more than $ 6 million to make the art world more “ equitable ” because , as we all know , the art world is a haven for those dreaded MAGA Republicans .",men
the_most_absurd_dei_moments_under_biden_harris.txt_2496,79,79,", ” which is a term that no one can define . The N.E.A . spent more than $ 6 million to make the art world more “ equitable ” because , as we all know , the art world is a haven for those dreaded MAGA Republicans . The",Department,"of Commerce allocated $ 70 million exclusively for “ women-owned small businesses , ” which is why a lot of men now list their wives as the “ owner ” of their company . That’s a really big improvement , I guess . We’ve incentivized fraud at a massive scale",men
the_most_absurd_dei_moments_under_biden_harris.txt_2496,89,89,"define . The N.E.A . spent more than $ 6 million to make the art world more “ equitable ” because , as we all know , the art world is a haven for those dreaded MAGA Republicans . The Department of Commerce allocated $ 70 million exclusively for “",women-owned,"small businesses , ” which is why a lot of men now list their wives as the “ owner ” of their company . That’s a really big improvement , I guess . We’ve incentivized fraud at a massive scale .",men
the_most_absurd_dei_moments_under_biden_harris.txt_2496,100,100,"to make the art world more “ equitable ” because , as we all know , the art world is a haven for those dreaded MAGA Republicans . The Department of Commerce allocated $ 70 million exclusively for “ women-owned small businesses , ” which is why a lot of",men,"now list their wives as the “ owner ” of their company . That’s a really big improvement , I guess . We’ve incentivized fraud at a massive scale .",men
the_most_absurd_dei_moments_under_biden_harris.txt_2496,118,118,"world is a haven for those dreaded MAGA Republicans . The Department of Commerce allocated $ 70 million exclusively for “ women-owned small businesses , ” which is why a lot of men now list their wives as the “ owner ” of their company . That’s a really big",improvement,", I guess . We’ve incentivized fraud at a massive scale .",men
the_most_absurd_dei_moments_under_biden_harris.txt_2497,15,15,"Meanwhile , over at the CIA , they took a break from overthrowing foreign",governments,"so that they could sponsor robotics camps for “ middle school students from underserved communities . ” And the Federal Motor Carrier Safety Administration , which regulates commercial vehicles , held the first-ever meeting of the “ Women of Trucking Advisory Board . ” That makes sense , because if",men
the_most_absurd_dei_moments_under_biden_harris.txt_2497,53,53,"over at the CIA , they took a break from overthrowing foreign governments so that they could sponsor robotics camps for “ middle school students from underserved communities . ” And the Federal Motor Carrier Safety Administration , which regulates commercial vehicles , held the first-ever meeting of the “",Women,"of Trucking Advisory Board . ” That makes sense , because if there’s one thing we desperately need as a country , it’s more women spending weeks away from their families while they drive 30-ton trucks all over the country .",men
the_most_absurd_dei_moments_under_biden_harris.txt_2497,78,78,"from underserved communities . ” And the Federal Motor Carrier Safety Administration , which regulates commercial vehicles , held the first-ever meeting of the “ Women of Trucking Advisory Board . ” That makes sense , because if there’s one thing we desperately need as a country , it’s more",women,spending weeks away from their families while they drive 30-ton trucks all over the country .,men
the_most_absurd_dei_moments_under_biden_harris.txt_2498,12,12,"Of course , cataloging all of the DEI programs that the",Biden-Harris,"administration has implemented is nearly impossible . There’s just too many of them . But having looked at the database from “ Do No Harm , ” those are some of my favorites . They’re the DEI “ achievements ” that reveal how backwards and incompetent our government has become",harris
the_most_absurd_dei_moments_under_biden_harris.txt_2498,15,15,"Of course , cataloging all of the DEI programs that the Biden-Harris administration has",implemented,"is nearly impossible . There’s just too many of them . But having looked at the database from “ Do No Harm , ” those are some of my favorites . They’re the DEI “ achievements ” that reveal how backwards and incompetent our government has become over the past",men
the_most_absurd_dei_moments_under_biden_harris.txt_2498,51,51,"Of course , cataloging all of the DEI programs that the Biden-Harris administration has implemented is nearly impossible . There’s just too many of them . But having looked at the database from “ Do No Harm , ” those are some of my favorites . They’re the DEI “",achievements,"” that reveal how backwards and incompetent our government has become over the past four years . And if nothing else , they’re one last incentive to vote if you haven’t already .",men
the_most_absurd_dei_moments_under_biden_harris.txt_2498,60,60,"that the Biden-Harris administration has implemented is nearly impossible . There’s just too many of them . But having looked at the database from “ Do No Harm , ” those are some of my favorites . They’re the DEI “ achievements ” that reveal how backwards and incompetent our",government,"has become over the past four years . And if nothing else , they’re one last incentive to vote if you haven’t already .",men
the_most_absurd_dei_moments_under_biden_harris.txt_2499,15,15,All of this is reversible . We just have to fire the people who,implemented,"these policies on Tuesday . And then , after we’re done laughing at these imbeciles , we can tell the next crop of government employees to get back to work .",men
the_most_absurd_dei_moments_under_biden_harris.txt_2499,39,39,"All of this is reversible . We just have to fire the people who implemented these policies on Tuesday . And then , after we’re done laughing at these imbeciles , we can tell the next crop of",government,employees to get back to work .,men
the_talking_points_have_been_disseminated_media_swoops_in_to_defend_kamala_in_lock_step.txt_2505,13,13,The Talking Points Have Been Disseminated : Media Swoops In To Defend,Kamala,In Lock-Step,kamala
the_talking_points_have_been_disseminated_media_swoops_in_to_defend_kamala_in_lock_step.txt_2512,6,6,Within hours of Vice President,Kamala,"Harris ‘ appearance on Fox News , it became clear that the legacy media outlets had all received their pre-written talking points and their marching orders .",kamala
the_talking_points_have_been_disseminated_media_swoops_in_to_defend_kamala_in_lock_step.txt_2512,7,7,Within hours of Vice President Kamala,Harris,"‘ appearance on Fox News , it became clear that the legacy media outlets had all received their pre-written talking points and their marching orders .",harris
the_talking_points_have_been_disseminated_media_swoops_in_to_defend_kamala_in_lock_step.txt_2513,35,35,"The interview , which was shortened to just over 20 minutes after the vice president arrived late — grew combative at times as Bret Baier pressed the Democratic presidential nominee for real answers .",Harris,"responded to each question — regardless of topic — by filibustering until she found a point from which she could pivot and attack her Republican rival , former President Donald Trump .",harris
the_talking_points_have_been_disseminated_media_swoops_in_to_defend_kamala_in_lock_step.txt_2513,65,65,"president arrived late — grew combative at times as Bret Baier pressed the Democratic presidential nominee for real answers . Harris responded to each question — regardless of topic — by filibustering until she found a point from which she could pivot and attack her Republican rival , former President",Donald,Trump .,donald
the_talking_points_have_been_disseminated_media_swoops_in_to_defend_kamala_in_lock_step.txt_2513,66,66,"arrived late — grew combative at times as Bret Baier pressed the Democratic presidential nominee for real answers . Harris responded to each question — regardless of topic — by filibustering until she found a point from which she could pivot and attack her Republican rival , former President Donald",Trump,.,trump
the_talking_points_have_been_disseminated_media_swoops_in_to_defend_kamala_in_lock_step.txt_2514,22,22,"Democrats and multiple media personalities took to X to do damage control because , as Mark Hemingway noted , “ If",Kamala,"had done well , they’d be posting her highlights from the interview , not attacking Baier , who was perfectly professional . ”",kamala
the_talking_points_have_been_disseminated_media_swoops_in_to_defend_kamala_in_lock_step.txt_2520,26,26,"CNN's Jim Acosta and Brian Stelter held a Legion of Stupid meeting just now and , needless to say , they HATED how @BretBaier treated",Kamala,Harris and believe he was deceptively misleading her pic.twitter.com / 5OkRKLmDhf,kamala
the_talking_points_have_been_disseminated_media_swoops_in_to_defend_kamala_in_lock_step.txt_2520,27,27,"CNN's Jim Acosta and Brian Stelter held a Legion of Stupid meeting just now and , needless to say , they HATED how @BretBaier treated Kamala",Harris,and believe he was deceptively misleading her pic.twitter.com / 5OkRKLmDhf,harris
the_talking_points_have_been_disseminated_media_swoops_in_to_defend_kamala_in_lock_step.txt_2523,17,17,Stelter’s initial response to the interview was fairly telling as well — without highlighting anything that,Harris,"actually said , he claimed that she had given a show of strength simply because she was willing to make an appearance on Fox News .",harris
the_talking_points_have_been_disseminated_media_swoops_in_to_defend_kamala_in_lock_step.txt_2525,12,12,. @brianstelter : This was one of the most adversarial interviews,Kamala,"Harris has probably ever done . A lot of viewers are going to come away saying , ' Wow , she's willing to do that . That's a sign of toughness and strength ' pic.twitter.com / DExzpPBSvE",kamala
the_talking_points_have_been_disseminated_media_swoops_in_to_defend_kamala_in_lock_step.txt_2525,13,13,. @brianstelter : This was one of the most adversarial interviews Kamala,Harris,"has probably ever done . A lot of viewers are going to come away saying , ' Wow , she's willing to do that . That's a sign of toughness and strength ' pic.twitter.com / DExzpPBSvE",harris
the_talking_points_have_been_disseminated_media_swoops_in_to_defend_kamala_in_lock_step.txt_2526,2,2,—,Kamala,"HQ ( @KamalaHQ ) October 16 , 2024",kamala
the_talking_points_have_been_disseminated_media_swoops_in_to_defend_kamala_in_lock_step.txt_2526,5,5,— Kamala HQ (,@KamalaHQ,") October 16 , 2024",kamala
the_talking_points_have_been_disseminated_media_swoops_in_to_defend_kamala_in_lock_step.txt_2528,27,27,MSNBC anchor Joe Scarborough complained that Baier was “ shockingly rude . ” The hosts of ABC’s “ The View ” argued that Baier only challenged,Harris,"with tough questions because she was a woman — despite the fact that Baier’s interview with Trump in 2023 was equally , if not more , contentious .",harris
the_talking_points_have_been_disseminated_media_swoops_in_to_defend_kamala_in_lock_step.txt_2528,44,44,MSNBC anchor Joe Scarborough complained that Baier was “ shockingly rude . ” The hosts of ABC’s “ The View ” argued that Baier only challenged Harris with tough questions because she was a woman — despite the fact that Baier’s interview with,Trump,"in 2023 was equally , if not more , contentious .",trump
the_talking_points_have_been_disseminated_media_swoops_in_to_defend_kamala_in_lock_step.txt_2534,6,6,While Democrats tried to spin,Harris,"’ appearance , the Trump campaign took a different approach . They posted the interview , unedited and in its entirety , saying , “ Our newest ad just dropped . ”",harris
the_talking_points_have_been_disseminated_media_swoops_in_to_defend_kamala_in_lock_step.txt_2534,11,11,"While Democrats tried to spin Harris ’ appearance , the",Trump,"campaign took a different approach . They posted the interview , unedited and in its entirety , saying , “ Our newest ad just dropped . ”",trump
the_talking_points_have_been_disseminated_media_swoops_in_to_defend_kamala_in_lock_step.txt_2536,2,2,—,Trump,"War Room ( @TrumpWarRoom ) October 16 , 2024",trump
the_talking_points_have_been_disseminated_media_swoops_in_to_defend_kamala_in_lock_step.txt_2536,6,6,— Trump War Room (,@TrumpWarRoom,") October 16 , 2024",trump
the_view_hosts_try_to_spin_kamalas_fox_news_interview_that_was_not_fair_and_balanced.txt_2542,9,9,‘ The View ’ Hosts Try To Spin,Kamala’s,Fox News Interview : ‘ That Was Not Fair And Balanced ’,kamala
the_view_hosts_try_to_spin_kamalas_fox_news_interview_that_was_not_fair_and_balanced.txt_2549,17,17,The hosts of ABC’s “ The View ” worked overtime on Thursday to recast Vice President,Kamala,Harris ‘ latest interview — with Fox News anchor Bret Baier — as a win for Democrats .,kamala
the_view_hosts_try_to_spin_kamalas_fox_news_interview_that_was_not_fair_and_balanced.txt_2549,18,18,The hosts of ABC’s “ The View ” worked overtime on Thursday to recast Vice President Kamala,Harris,‘ latest interview — with Fox News anchor Bret Baier — as a win for Democrats .,harris
the_view_hosts_try_to_spin_kamalas_fox_news_interview_that_was_not_fair_and_balanced.txt_2550,13,13,Their strategy — which mirrored the strategy adopted by a number of,pro-Harris,"accounts on X — was to attack Baier , suggesting that he was unfair and rude to the Democratic presidential nominee and arguing that he only pushed back on her because she’s a woman .",harris
the_view_hosts_try_to_spin_kamalas_fox_news_interview_that_was_not_fair_and_balanced.txt_2553,26,26,"Faux conservative clown Alyssa Farah Griffin whines that Baier asked "" questions Fox News viewers want answers to "" and lies about the clip of",Trump,"he played . Hostin calls it "" misinformation . "" They also decry that Baier not letting their girl filibuster / lie the entire interview . pic.twitter.com / 7z30SjD4tz",trump
the_view_hosts_try_to_spin_kamalas_fox_news_interview_that_was_not_fair_and_balanced.txt_2556,24,24,Cohost Alyssa Farah Griffin conceded that Baier was asking questions that a number of Americans would like to see answered — and by,Harris,in particular — but her cohost quickly stepped on her point and went right back to complaining about Baier .,harris
the_view_hosts_try_to_spin_kamalas_fox_news_interview_that_was_not_fair_and_balanced.txt_2557,5,5,Sara Haines claimed that,Harris,— who responded to each question by rambling until she found a good point on which to pivot and attack former President Donald Trump — had “ held her own ” and argued that Baier’s attempts to keep Harris on track amounted to sexism .,harris
the_view_hosts_try_to_spin_kamalas_fox_news_interview_that_was_not_fair_and_balanced.txt_2557,28,28,Sara Haines claimed that Harris — who responded to each question by rambling until she found a good point on which to pivot and attack former President,Donald,Trump — had “ held her own ” and argued that Baier’s attempts to keep Harris on track amounted to sexism .,donald
the_view_hosts_try_to_spin_kamalas_fox_news_interview_that_was_not_fair_and_balanced.txt_2557,29,29,Sara Haines claimed that Harris — who responded to each question by rambling until she found a good point on which to pivot and attack former President Donald,Trump,— had “ held her own ” and argued that Baier’s attempts to keep Harris on track amounted to sexism .,trump
the_view_hosts_try_to_spin_kamalas_fox_news_interview_that_was_not_fair_and_balanced.txt_2557,44,44,Sara Haines claimed that Harris — who responded to each question by rambling until she found a good point on which to pivot and attack former President Donald Trump — had “ held her own ” and argued that Baier’s attempts to keep,Harris,on track amounted to sexism .,harris
the_view_hosts_try_to_spin_kamalas_fox_news_interview_that_was_not_fair_and_balanced.txt_2560,18,18,"Staunchly racist Sunny Hostin lashed out at Dana Perino , suggesting she was racist because she criticized",Harris's,"interview performance : "" Perino offered this very predictable assessment … Harris came in hot and then got angrier … The angry black woman trope . "" pic.twitter.com / xD6dVpZ9mo",harris
the_view_hosts_try_to_spin_kamalas_fox_news_interview_that_was_not_fair_and_balanced.txt_2560,28,28,"Staunchly racist Sunny Hostin lashed out at Dana Perino , suggesting she was racist because she criticized Harris's interview performance : "" Perino offered this very predictable",assessment,"… Harris came in hot and then got angrier … The angry black woman trope . "" pic.twitter.com / xD6dVpZ9mo",men
the_view_hosts_try_to_spin_kamalas_fox_news_interview_that_was_not_fair_and_balanced.txt_2560,30,30,"Staunchly racist Sunny Hostin lashed out at Dana Perino , suggesting she was racist because she criticized Harris's interview performance : "" Perino offered this very predictable assessment …",Harris,"came in hot and then got angrier … The angry black woman trope . "" pic.twitter.com / xD6dVpZ9mo",harris
the_view_hosts_try_to_spin_kamalas_fox_news_interview_that_was_not_fair_and_balanced.txt_2560,41,41,"Staunchly racist Sunny Hostin lashed out at Dana Perino , suggesting she was racist because she criticized Harris's interview performance : "" Perino offered this very predictable assessment … Harris came in hot and then got angrier … The angry",black,"woman trope . "" pic.twitter.com / xD6dVpZ9mo",black
the_view_hosts_try_to_spin_kamalas_fox_news_interview_that_was_not_fair_and_balanced.txt_2563,16,16,Hostin lashed out at “ America’s Newsroom ” anchor Dana Perino — who conceded that,Harris,may have landed at least a few shots on Trump during the interview — and complained that her analysis was ultimately racist .,harris
the_view_hosts_try_to_spin_kamalas_fox_news_interview_that_was_not_fair_and_balanced.txt_2563,26,26,Hostin lashed out at “ America’s Newsroom ” anchor Dana Perino — who conceded that Harris may have landed at least a few shots on,Trump,during the interview — and complained that her analysis was ultimately racist .,trump
the_view_hosts_try_to_spin_kamalas_fox_news_interview_that_was_not_fair_and_balanced.txt_2564,7,7,“ Perino offered this very predictable,assessment,"… Harris came in hot and then got angrier . … The angry black woman trope , ” Hostin complained .",men
the_view_hosts_try_to_spin_kamalas_fox_news_interview_that_was_not_fair_and_balanced.txt_2564,9,9,“ Perino offered this very predictable assessment …,Harris,"came in hot and then got angrier . … The angry black woman trope , ” Hostin complained .",harris
the_view_hosts_try_to_spin_kamalas_fox_news_interview_that_was_not_fair_and_balanced.txt_2564,21,21,“ Perino offered this very predictable assessment … Harris came in hot and then got angrier . … The angry,black,"woman trope , ” Hostin complained .",black
the_view_hosts_try_to_spin_kamalas_fox_news_interview_that_was_not_fair_and_balanced.txt_2570,12,12,But even as Democrats complained that Baier was especially tough on,Harris,"because she was a woman , video surfaced of Baier interviewing former President Trump — and arguably being much harder on him .",harris
the_view_hosts_try_to_spin_kamalas_fox_news_interview_that_was_not_fair_and_balanced.txt_2570,26,26,"But even as Democrats complained that Baier was especially tough on Harris because she was a woman , video surfaced of Baier interviewing former President",Trump,— and arguably being much harder on him .,trump
the_view_hosts_try_to_spin_kamalas_fox_news_interview_that_was_not_fair_and_balanced.txt_2572,8,8,Remember last year when Bret Baier grilled,Donald,Trump and interrupted him 20 + times in a twenty minute interview ?,donald
the_view_hosts_try_to_spin_kamalas_fox_news_interview_that_was_not_fair_and_balanced.txt_2572,9,9,Remember last year when Bret Baier grilled Donald,Trump,and interrupted him 20 + times in a twenty minute interview ?,trump
the_view_hosts_try_to_spin_kamalas_fox_news_interview_that_was_not_fair_and_balanced.txt_2573,3,3,Far harsher,treatment,"than he gave Kamala , but only now is the media accusing him of a disgusting "" ambush . "" pic.twitter.com / R5Kv0buuhB",men
the_view_hosts_try_to_spin_kamalas_fox_news_interview_that_was_not_fair_and_balanced.txt_2573,7,7,Far harsher treatment than he gave,Kamala,", but only now is the media accusing him of a disgusting "" ambush . "" pic.twitter.com / R5Kv0buuhB",kamala
top_bloomberg_editor_calls_out_kamala_for_declining_interview.txt_2580,6,6,Top Bloomberg Editor Calls Out,Kamala,For Declining Interview,kamala
top_bloomberg_editor_calls_out_kamala_for_declining_interview.txt_2586,1,1,,Trump,showed up .,trump
top_bloomberg_editor_calls_out_kamala_for_declining_interview.txt_2587,11,11,Bloomberg Editor-in-Chief John Micklethwait declared on Tuesday that Vice President,Kamala,Harris is “ so far ” dodging an interview about her economic policies three weeks before Election Day .,kamala
top_bloomberg_editor_calls_out_kamala_for_declining_interview.txt_2587,12,12,Bloomberg Editor-in-Chief John Micklethwait declared on Tuesday that Vice President Kamala,Harris,is “ so far ” dodging an interview about her economic policies three weeks before Election Day .,harris
top_bloomberg_editor_calls_out_kamala_for_declining_interview.txt_2588,6,6,The top journalist made the,comment,"at the beginning of an interview with Harris ’ rival in the 2024 presidential race , former President Donald Trump , at the Economic Club of Chicago .",men
top_bloomberg_editor_calls_out_kamala_for_declining_interview.txt_2588,14,14,The top journalist made the comment at the beginning of an interview with,Harris,"’ rival in the 2024 presidential race , former President Donald Trump , at the Economic Club of Chicago .",harris
top_bloomberg_editor_calls_out_kamala_for_declining_interview.txt_2588,25,25,"The top journalist made the comment at the beginning of an interview with Harris ’ rival in the 2024 presidential race , former President",Donald,"Trump , at the Economic Club of Chicago .",donald
top_bloomberg_editor_calls_out_kamala_for_declining_interview.txt_2588,26,26,"The top journalist made the comment at the beginning of an interview with Harris ’ rival in the 2024 presidential race , former President Donald",Trump,", at the Economic Club of Chicago .",trump
top_bloomberg_editor_calls_out_kamala_for_declining_interview.txt_2589,24,24,"“ Just for the record and those people watching on television , the Economic Club of Chicago and Bloomberg both invited Vice President",Harris,"to a similar interview about her economic plans — she has declined so far , ” Micklethwait said .",harris
top_bloomberg_editor_calls_out_kamala_for_declining_interview.txt_2590,3,3,Unlike President,Trump,", Kamala Harris has DECLINED to speak about her economic plans at the Economic Club of Chicago :",trump
top_bloomberg_editor_calls_out_kamala_for_declining_interview.txt_2590,5,5,"Unlike President Trump ,",Kamala,Harris has DECLINED to speak about her economic plans at the Economic Club of Chicago :,kamala
top_bloomberg_editor_calls_out_kamala_for_declining_interview.txt_2590,6,6,"Unlike President Trump , Kamala",Harris,has DECLINED to speak about her economic plans at the Economic Club of Chicago :,harris
top_bloomberg_editor_calls_out_kamala_for_declining_interview.txt_2591,13,13,“ The Economic Club of Chicago and Bloomberg both invited Vice President,Harris,to a similar interview about her economic plans — she has declined so far . ” pic.twitter.com / N1Uzml0xg1,harris
top_bloomberg_editor_calls_out_kamala_for_declining_interview.txt_2594,1,1,,Harris,"was similarly called out over the weekend by Salesforce CEO Marc Benioff for refusing to do an interview with his magazine , TIME , as Trump and President Joe Biden — before he dropped out of the 2024 election — had done .",harris
top_bloomberg_editor_calls_out_kamala_for_declining_interview.txt_2594,27,27,"Harris was similarly called out over the weekend by Salesforce CEO Marc Benioff for refusing to do an interview with his magazine , TIME , as",Trump,and President Joe Biden — before he dropped out of the 2024 election — had done .,trump
top_bloomberg_editor_calls_out_kamala_for_declining_interview.txt_2596,14,14,"“ Despite multiple requests , TIME has not been granted an interview with",Kamala,"Harris — unlike every other Presidential candidate , ” he said on X . “ We believe in transparency and publish each interview in full . Why isn’t the Vice President engaging with the public on the same level ? ”",kamala
top_bloomberg_editor_calls_out_kamala_for_declining_interview.txt_2596,15,15,"“ Despite multiple requests , TIME has not been granted an interview with Kamala",Harris,"— unlike every other Presidential candidate , ” he said on X . “ We believe in transparency and publish each interview in full . Why isn’t the Vice President engaging with the public on the same level ? ”",harris
top_bloomberg_editor_calls_out_kamala_for_declining_interview.txt_2596,33,33,"“ Despite multiple requests , TIME has not been granted an interview with Kamala Harris — unlike every other Presidential candidate , ” he said on X . “ We believe in",transparency,and publish each interview in full . Why isn’t the Vice President engaging with the public on the same level ? ”,trans
top_bloomberg_editor_calls_out_kamala_for_declining_interview.txt_2597,3,3,"Still ,",Harris,has begun to ramp up her interview schedule in the final weeks before Election Day after largely ducking the press early in her campaign and facing claims that she struggles without a teleprompter .,harris
top_bloomberg_editor_calls_out_kamala_for_declining_interview.txt_2598,7,7,The shift comes as polling shows,Harris,"and Trump in a close race . However , Trump has the “ edge ” on top issues in swing states , The Wall Street Journal reported last week , and he is surging ahead in betting markets .",harris
top_bloomberg_editor_calls_out_kamala_for_declining_interview.txt_2598,9,9,The shift comes as polling shows Harris and,Trump,"in a close race . However , Trump has the “ edge ” on top issues in swing states , The Wall Street Journal reported last week , and he is surging ahead in betting markets .",trump
top_bloomberg_editor_calls_out_kamala_for_declining_interview.txt_2598,17,17,"The shift comes as polling shows Harris and Trump in a close race . However ,",Trump,"has the “ edge ” on top issues in swing states , The Wall Street Journal reported last week , and he is surging ahead in betting markets .",trump
top_bloomberg_editor_calls_out_kamala_for_declining_interview.txt_2599,1,1,,Harris,"recently participated in a slew of relatively friendly interviews , including ABC’s “ The View , ” Sirius XM radio host Howard Stern , late-night host Stephen Colbert on CBS , and Alex Cooper’s podcast “ Call Her Daddy . ”",harris
top_bloomberg_editor_calls_out_kamala_for_declining_interview.txt_2600,20,20,Another interview with CBS News ’ “ 60 Minutes ” drew controversy because the network deceptively edited remarks from,Harris,", leading to calls for more transparency and an investigation . Harris has interviews with radio host Charlamagne Tha God and Fox News scheduled this week .",harris
top_bloomberg_editor_calls_out_kamala_for_declining_interview.txt_2600,27,27,"Another interview with CBS News ’ “ 60 Minutes ” drew controversy because the network deceptively edited remarks from Harris , leading to calls for more",transparency,and an investigation . Harris has interviews with radio host Charlamagne Tha God and Fox News scheduled this week .,trans
top_bloomberg_editor_calls_out_kamala_for_declining_interview.txt_2600,32,32,"Another interview with CBS News ’ “ 60 Minutes ” drew controversy because the network deceptively edited remarks from Harris , leading to calls for more transparency and an investigation .",Harris,has interviews with radio host Charlamagne Tha God and Fox News scheduled this week .,harris
top_bloomberg_editor_calls_out_kamala_for_declining_interview.txt_2601,11,11,"During his interview at the Economic Club of Chicago ,",Trump,defended his sweeping plan to implement tariffs on imports after Micklethwait noted it would have a “ massive ” effect on the economy .,trump
top_bloomberg_editor_calls_out_kamala_for_declining_interview.txt_2601,17,17,"During his interview at the Economic Club of Chicago , Trump defended his sweeping plan to",implement,tariffs on imports after Micklethwait noted it would have a “ massive ” effect on the economy .,men
top_bloomberg_editor_calls_out_kamala_for_declining_interview.txt_2603,2,2,President,Trump,": "" I agree it's going to have a massive effect — positive effect … it must be hard for you to spend 25 years talking … pic.twitter.com / zyb1GfXCTi",trump
top_bloomberg_editor_calls_out_kamala_for_declining_interview.txt_2604,2,2,—,Trump,"War Room ( @TrumpWarRoom ) October 15 , 2024",trump
top_bloomberg_editor_calls_out_kamala_for_declining_interview.txt_2604,6,6,— Trump War Room (,@TrumpWarRoom,") October 15 , 2024",trump
top_bloomberg_editor_calls_out_kamala_for_declining_interview.txt_2606,44,44,"“ I agree it’s going to have a massive effect — positive effect … it must be hard for you to spend 25 years talking about tariffs as being negative and then have somebody explain to you that you’re totally wrong , ”",Trump,said .,trump
totally_incompetent_trump_reiterates_call_for_kamala_to_take_cognitive_test_after_fox_interview.txt_2611,6,6,‘ Totally Incompetent ’ :,Trump,Reiterates Call For Kamala To Take Cognitive Test After Fox Interview,trump
totally_incompetent_trump_reiterates_call_for_kamala_to_take_cognitive_test_after_fox_interview.txt_2611,10,10,‘ Totally Incompetent ’ : Trump Reiterates Call For,Kamala,To Take Cognitive Test After Fox Interview,kamala
totally_incompetent_trump_reiterates_call_for_kamala_to_take_cognitive_test_after_fox_interview.txt_2617,1,1,,Harris,was pressed on her record for nearly 30 minutes by Bret Baier .,harris
totally_incompetent_trump_reiterates_call_for_kamala_to_take_cognitive_test_after_fox_interview.txt_2618,3,3,Former President,Donald,Trump again called for Vice President Kamala Harris to have a cognitive test after her combative interview with Fox News host Bret Baier on Wednesday .,donald
totally_incompetent_trump_reiterates_call_for_kamala_to_take_cognitive_test_after_fox_interview.txt_2618,4,4,Former President Donald,Trump,again called for Vice President Kamala Harris to have a cognitive test after her combative interview with Fox News host Bret Baier on Wednesday .,trump
totally_incompetent_trump_reiterates_call_for_kamala_to_take_cognitive_test_after_fox_interview.txt_2618,10,10,Former President Donald Trump again called for Vice President,Kamala,Harris to have a cognitive test after her combative interview with Fox News host Bret Baier on Wednesday .,kamala
totally_incompetent_trump_reiterates_call_for_kamala_to_take_cognitive_test_after_fox_interview.txt_2618,11,11,Former President Donald Trump again called for Vice President Kamala,Harris,to have a cognitive test after her combative interview with Fox News host Bret Baier on Wednesday .,harris
totally_incompetent_trump_reiterates_call_for_kamala_to_take_cognitive_test_after_fox_interview.txt_2619,7,7,"In reaction to the interview ,",Trump,criticized Harris for pivoting to attack him when asked about her policy positions . Baier’s interview with Harris lasted nearly 30 minutes as he pressed her on issues from the border crisis to what she would do differently from President Joe Biden .,trump
totally_incompetent_trump_reiterates_call_for_kamala_to_take_cognitive_test_after_fox_interview.txt_2619,9,9,"In reaction to the interview , Trump criticized",Harris,for pivoting to attack him when asked about her policy positions . Baier’s interview with Harris lasted nearly 30 minutes as he pressed her on issues from the border crisis to what she would do differently from President Joe Biden .,harris
totally_incompetent_trump_reiterates_call_for_kamala_to_take_cognitive_test_after_fox_interview.txt_2619,25,25,"In reaction to the interview , Trump criticized Harris for pivoting to attack him when asked about her policy positions . Baier’s interview with",Harris,lasted nearly 30 minutes as he pressed her on issues from the border crisis to what she would do differently from President Joe Biden .,harris
totally_incompetent_trump_reiterates_call_for_kamala_to_take_cognitive_test_after_fox_interview.txt_2620,1,1,,Trump,praised Baier and criticized Harris’s record on illegal immigration on Truth Social after the pre-taped interview aired .,trump
totally_incompetent_trump_reiterates_call_for_kamala_to_take_cognitive_test_after_fox_interview.txt_2620,6,6,Trump praised Baier and criticized,Harris’s,record on illegal immigration on Truth Social after the pre-taped interview aired .,harris
totally_incompetent_trump_reiterates_call_for_kamala_to_take_cognitive_test_after_fox_interview.txt_2620,10,10,Trump praised Baier and criticized Harris’s record on illegal,immigration,on Truth Social after the pre-taped interview aired .,immigration
totally_incompetent_trump_reiterates_call_for_kamala_to_take_cognitive_test_after_fox_interview.txt_2621,13,13,“ Great job by Bret Baier in his Interview with Lyin ’,Kamala,"Harris . She has a massive and irredeemable case of TRUMP DERANGEMENT SYNDROME – So bad , in fact , that she is barely able to talk about any subject other than the man who had the best economy ever , the strongest border in history , and who just",kamala
totally_incompetent_trump_reiterates_call_for_kamala_to_take_cognitive_test_after_fox_interview.txt_2621,14,14,“ Great job by Bret Baier in his Interview with Lyin ’ Kamala,Harris,". She has a massive and irredeemable case of TRUMP DERANGEMENT SYNDROME – So bad , in fact , that she is barely able to talk about any subject other than the man who had the best economy ever , the strongest border in history , and who just got",harris
totally_incompetent_trump_reiterates_call_for_kamala_to_take_cognitive_test_after_fox_interview.txt_2621,24,24,“ Great job by Bret Baier in his Interview with Lyin ’ Kamala Harris . She has a massive and irredeemable case of,TRUMP,"DERANGEMENT SYNDROME – So bad , in fact , that she is barely able to talk about any subject other than the man who had the best economy ever , the strongest border in history , and who just got the UNANIMOUS ENDORSEMENT OF THE U.S . Border Patrol ,",trump
totally_incompetent_trump_reiterates_call_for_kamala_to_take_cognitive_test_after_fox_interview.txt_2621,25,25,“ Great job by Bret Baier in his Interview with Lyin ’ Kamala Harris . She has a massive and irredeemable case of TRUMP,DERANGEMENT,"SYNDROME – So bad , in fact , that she is barely able to talk about any subject other than the man who had the best economy ever , the strongest border in history , and who just got the UNANIMOUS ENDORSEMENT OF THE U.S . Border Patrol , ME",men
totally_incompetent_trump_reiterates_call_for_kamala_to_take_cognitive_test_after_fox_interview.txt_2621,67,67,"has a massive and irredeemable case of TRUMP DERANGEMENT SYNDROME – So bad , in fact , that she is barely able to talk about any subject other than the man who had the best economy ever , the strongest border in history , and who just got the UNANIMOUS",ENDORSEMENT,"OF THE U.S . Border Patrol , ME ! Their Endorsement was a TREMENDOUS HONOR ! ! ! They said that Comrade Kamala did a terrible job , the absolute worst in memory , and can’t be allowed to do it again , ” he posted .",men
totally_incompetent_trump_reiterates_call_for_kamala_to_take_cognitive_test_after_fox_interview.txt_2621,78,78,"So bad , in fact , that she is barely able to talk about any subject other than the man who had the best economy ever , the strongest border in history , and who just got the UNANIMOUS ENDORSEMENT OF THE U.S . Border Patrol , ME ! Their",Endorsement,"was a TREMENDOUS HONOR ! ! ! They said that Comrade Kamala did a terrible job , the absolute worst in memory , and can’t be allowed to do it again , ” he posted .",men
totally_incompetent_trump_reiterates_call_for_kamala_to_take_cognitive_test_after_fox_interview.txt_2621,81,81,"in fact , that she is barely able to talk about any subject other than the man who had the best economy ever , the strongest border in history , and who just got the UNANIMOUS ENDORSEMENT OF THE U.S . Border Patrol , ME ! Their Endorsement was a",TREMENDOUS,"HONOR ! ! ! They said that Comrade Kamala did a terrible job , the absolute worst in memory , and can’t be allowed to do it again , ” he posted .",men
totally_incompetent_trump_reiterates_call_for_kamala_to_take_cognitive_test_after_fox_interview.txt_2621,90,90,"talk about any subject other than the man who had the best economy ever , the strongest border in history , and who just got the UNANIMOUS ENDORSEMENT OF THE U.S . Border Patrol , ME ! Their Endorsement was a TREMENDOUS HONOR ! ! ! They said that Comrade",Kamala,"did a terrible job , the absolute worst in memory , and can’t be allowed to do it again , ” he posted .",kamala
totally_incompetent_trump_reiterates_call_for_kamala_to_take_cognitive_test_after_fox_interview.txt_2622,9,9,"In the same post , he called for",Harris,"to have a cognitive test , echoing a call on Sunday when he said Harris had “ slow and lethargic ” answers during interviews .",harris
totally_incompetent_trump_reiterates_call_for_kamala_to_take_cognitive_test_after_fox_interview.txt_2622,24,24,"In the same post , he called for Harris to have a cognitive test , echoing a call on Sunday when he said",Harris,had “ slow and lethargic ” answers during interviews .,harris
totally_incompetent_trump_reiterates_call_for_kamala_to_take_cognitive_test_after_fox_interview.txt_2623,20,20,"“ She is also the WORST Vice President in history , but hopefully will soon be GONE , ”",Trump,"said Wednesday . “ Again , congratulations to Bret Baier on a tough but very fair interview , one that clearly showed how totally incompetent Kamala is . For the good of our Nation , her inferior Cognitive ability must be tested at once ! ”",trump
totally_incompetent_trump_reiterates_call_for_kamala_to_take_cognitive_test_after_fox_interview.txt_2623,46,46,"“ She is also the WORST Vice President in history , but hopefully will soon be GONE , ” Trump said Wednesday . “ Again , congratulations to Bret Baier on a tough but very fair interview , one that clearly showed how totally incompetent",Kamala,"is . For the good of our Nation , her inferior Cognitive ability must be tested at once ! ”",kamala
totally_incompetent_trump_reiterates_call_for_kamala_to_take_cognitive_test_after_fox_interview.txt_2625,3,3,Baier asked,Harris,about her campaign slogan : “ It’s time to turn the page . ”,harris
totally_incompetent_trump_reiterates_call_for_kamala_to_take_cognitive_test_after_fox_interview.txt_2626,18,18,"“ So what are you turning the page from ? ” he asked , noting that the",Biden-Harris,administration has been in charge for more than three years .,harris
totally_incompetent_trump_reiterates_call_for_kamala_to_take_cognitive_test_after_fox_interview.txt_2627,28,28,"“ Well , first of all , turning the page from the last decade in which we have been burdened with the kind of rhetoric coming from",Donald,"Trump that has been designed and implemented to divide our country and have Americans literally point fingers at each other , rhetoric and an approach to leadership that suggests that the strength of a leader is based on who you beat down instead of what we all know . The",donald
totally_incompetent_trump_reiterates_call_for_kamala_to_take_cognitive_test_after_fox_interview.txt_2627,29,29,"“ Well , first of all , turning the page from the last decade in which we have been burdened with the kind of rhetoric coming from Donald",Trump,"that has been designed and implemented to divide our country and have Americans literally point fingers at each other , rhetoric and an approach to leadership that suggests that the strength of a leader is based on who you beat down instead of what we all know . The strength",trump
totally_incompetent_trump_reiterates_call_for_kamala_to_take_cognitive_test_after_fox_interview.txt_2627,35,35,"“ Well , first of all , turning the page from the last decade in which we have been burdened with the kind of rhetoric coming from Donald Trump that has been designed and",implemented,"to divide our country and have Americans literally point fingers at each other , rhetoric and an approach to leadership that suggests that the strength of a leader is based on who you beat down instead of what we all know . The strength of leadership is based on who",men
totally_incompetent_trump_reiterates_call_for_kamala_to_take_cognitive_test_after_fox_interview.txt_2627,91,91,"have Americans literally point fingers at each other , rhetoric and an approach to leadership that suggests that the strength of a leader is based on who you beat down instead of what we all know . The strength of leadership is based on who you lift up , ”",Harris,replied .,harris
totally_incompetent_trump_reiterates_call_for_kamala_to_take_cognitive_test_after_fox_interview.txt_2628,1,1,,Harris,"was also pressed on the record number of illegal immigrants who entered the United States under the Biden-Harris administration’s watch , her handling of Biden’s apparent cognitive decline , and her economic proposals .",harris
totally_incompetent_trump_reiterates_call_for_kamala_to_take_cognitive_test_after_fox_interview.txt_2628,11,11,Harris was also pressed on the record number of illegal,immigrants,"who entered the United States under the Biden-Harris administration’s watch , her handling of Biden’s apparent cognitive decline , and her economic proposals .",immigrant
totally_incompetent_trump_reiterates_call_for_kamala_to_take_cognitive_test_after_fox_interview.txt_2628,19,19,Harris was also pressed on the record number of illegal immigrants who entered the United States under the,Biden-Harris,"administration’s watch , her handling of Biden’s apparent cognitive decline , and her economic proposals .",harris
trump_fec_complaint_alleges_washington_post_illegally_boosted_kamala.txt_2633,1,1,,Trump,FEC Complaint Alleges Washington Post Illegally Boosted Kamala,trump
trump_fec_complaint_alleges_washington_post_illegally_boosted_kamala.txt_2633,9,9,Trump FEC Complaint Alleges Washington Post Illegally Boosted,Kamala,,kamala
trump_fec_complaint_alleges_washington_post_illegally_boosted_kamala.txt_2640,3,3,Former president,Donald,"Trump’s campaign has filed a Federal Election Commission ( FEC ) complaint against the Washington Post , accusing the publication of making “ illegal corporate in-kind contributions to Harris for President . ”",donald
trump_fec_complaint_alleges_washington_post_illegally_boosted_kamala.txt_2640,4,4,Former president Donald,Trump’s,"campaign has filed a Federal Election Commission ( FEC ) complaint against the Washington Post , accusing the publication of making “ illegal corporate in-kind contributions to Harris for President . ”",trump
trump_fec_complaint_alleges_washington_post_illegally_boosted_kamala.txt_2640,32,32,"Former president Donald Trump’s campaign has filed a Federal Election Commission ( FEC ) complaint against the Washington Post , accusing the publication of making “ illegal corporate in-kind contributions to",Harris,for President . ”,harris
trump_fec_complaint_alleges_washington_post_illegally_boosted_kamala.txt_2641,20,20,The FEC complaint cites a Semafor report on how the Washington Post pays to boost stories “ critical of,Trump,"as subscribers flee , ” a story that mentions how the Washington Post “ aggressively ramped up its paid advertising campaign , boosting dozens of articles related to the election , ” starting Monday , Oct . 28 . The Post was boosting generally positive stories about Kamala Harris ,",trump
trump_fec_complaint_alleges_washington_post_illegally_boosted_kamala.txt_2641,29,29,"The FEC complaint cites a Semafor report on how the Washington Post pays to boost stories “ critical of Trump as subscribers flee , ” a story that",mentions,"how the Washington Post “ aggressively ramped up its paid advertising campaign , boosting dozens of articles related to the election , ” starting Monday , Oct . 28 . The Post was boosting generally positive stories about Kamala Harris , the report says .",men
trump_fec_complaint_alleges_washington_post_illegally_boosted_kamala.txt_2641,68,68,"critical of Trump as subscribers flee , ” a story that mentions how the Washington Post “ aggressively ramped up its paid advertising campaign , boosting dozens of articles related to the election , ” starting Monday , Oct . 28 . The Post was boosting generally positive stories about",Kamala,"Harris , the report says .",kamala
trump_fec_complaint_alleges_washington_post_illegally_boosted_kamala.txt_2641,69,69,"of Trump as subscribers flee , ” a story that mentions how the Washington Post “ aggressively ramped up its paid advertising campaign , boosting dozens of articles related to the election , ” starting Monday , Oct . 28 . The Post was boosting generally positive stories about Kamala",Harris,", the report says .",harris
trump_fec_complaint_alleges_washington_post_illegally_boosted_kamala.txt_2642,15,15,"“ The facts support a reasonable inference that The Washington Post made , and",Harris,"for President accepted , an illegal corporate contribution in the form of coordinated communications , ” the complaint states . “ Therefore , the Commission should find reason to believe a violation has occurred , conduct an immediate investigation , and assess an appropriate sanction for this corporate interference in",harris
trump_fec_complaint_alleges_washington_post_illegally_boosted_kamala.txt_2643,9,9,"In a letter sent Oct . 31 ,",Trump,"deputy general counsel Gary Lawkowski writes that “ on the eve of the 2024 general election , ” the Washington Post is reportedly “ conducting a dark money corporate campaign in opposition to President Donald J . Trump — pretextually using its own online advertising efforts to promote Kamala Harris’s",trump
trump_fec_complaint_alleges_washington_post_illegally_boosted_kamala.txt_2643,44,44,"In a letter sent Oct . 31 , Trump deputy general counsel Gary Lawkowski writes that “ on the eve of the 2024 general election , ” the Washington Post is reportedly “ conducting a dark money corporate campaign in opposition to President",Donald,J . Trump — pretextually using its own online advertising efforts to promote Kamala Harris’s presidential candidacy . ”,donald
trump_fec_complaint_alleges_washington_post_illegally_boosted_kamala.txt_2643,47,47,"In a letter sent Oct . 31 , Trump deputy general counsel Gary Lawkowski writes that “ on the eve of the 2024 general election , ” the Washington Post is reportedly “ conducting a dark money corporate campaign in opposition to President Donald J .",Trump,— pretextually using its own online advertising efforts to promote Kamala Harris’s presidential candidacy . ”,trump
trump_fec_complaint_alleges_washington_post_illegally_boosted_kamala.txt_2643,58,58,", Trump deputy general counsel Gary Lawkowski writes that “ on the eve of the 2024 general election , ” the Washington Post is reportedly “ conducting a dark money corporate campaign in opposition to President Donald J . Trump — pretextually using its own online advertising efforts to promote",Kamala,Harris’s presidential candidacy . ”,kamala
trump_fec_complaint_alleges_washington_post_illegally_boosted_kamala.txt_2643,59,59,"Trump deputy general counsel Gary Lawkowski writes that “ on the eve of the 2024 general election , ” the Washington Post is reportedly “ conducting a dark money corporate campaign in opposition to President Donald J . Trump — pretextually using its own online advertising efforts to promote Kamala",Harris’s,presidential candidacy . ”,harris
trump_fec_complaint_alleges_washington_post_illegally_boosted_kamala.txt_2645,19,19,I smell an FEC complaint this is classic election interference Washington Post pays to boost stories critical of,Trump,as subscribers flee | Semafor : / / t.co / UaV1yVB7Gv,trump
trump_fec_complaint_alleges_washington_post_illegally_boosted_kamala.txt_2647,31,31,The Washington Post has drawn backlash from its readers and writers after it announced last week that it would not endorse a presidential candidate . Owner Jeff Bezos defended the,announcement,", saying that “ presidential endorsements do nothing to tip the scales of an election . ”",men
trump_fec_complaint_alleges_washington_post_illegally_boosted_kamala.txt_2647,37,37,"The Washington Post has drawn backlash from its readers and writers after it announced last week that it would not endorse a presidential candidate . Owner Jeff Bezos defended the announcement , saying that “ presidential",endorsements,do nothing to tip the scales of an election . ”,men
trump_fec_complaint_alleges_washington_post_illegally_boosted_kamala.txt_2649,15,15,"“ According to reports , the Post is using its advertising powers to promote",pro-Kamala,"and anti-Trump coverage to voters in the final days of the election , ” the Trump campaign said in a release . “ While they declined to endorse her publicly , they have endorsed her in the dark ; so much for ‘ Democracy Dies in Darkness . ' ”",kamala
trump_fec_complaint_alleges_washington_post_illegally_boosted_kamala.txt_2649,17,17,"“ According to reports , the Post is using its advertising powers to promote pro-Kamala and",anti-Trump,"coverage to voters in the final days of the election , ” the Trump campaign said in a release . “ While they declined to endorse her publicly , they have endorsed her in the dark ; so much for ‘ Democracy Dies in Darkness . ' ”",trump
trump_fec_complaint_alleges_washington_post_illegally_boosted_kamala.txt_2649,31,31,"“ According to reports , the Post is using its advertising powers to promote pro-Kamala and anti-Trump coverage to voters in the final days of the election , ” the",Trump,"campaign said in a release . “ While they declined to endorse her publicly , they have endorsed her in the dark ; so much for ‘ Democracy Dies in Darkness . ' ”",trump
trump_fec_complaint_alleges_washington_post_illegally_boosted_kamala.txt_2650,10,10,“ The mainstream media has become nothing more than,pro-Kamala,"propaganda , ” the Trump campaign added . “ The Democrat machine must be held accountable . ”",kamala
trump_fec_complaint_alleges_washington_post_illegally_boosted_kamala.txt_2650,15,15,"“ The mainstream media has become nothing more than pro-Kamala propaganda , ” the",Trump,campaign added . “ The Democrat machine must be held accountable . ”,trump
trump_fec_complaint_alleges_washington_post_illegally_boosted_kamala.txt_2652,15,15,It continues : “ The Washington Post’s public advertising efforts in coordination with the,Harris,campaign is ‘ core electioneering activity ’ and thus not protected under the media exemption . ”,harris
trump_fec_complaint_alleges_washington_post_illegally_boosted_kamala.txt_2653,2,2,The,Harris,campaign did not immediately respond to a request for comment .,harris
trump_fec_complaint_alleges_washington_post_illegally_boosted_kamala.txt_2653,12,12,The Harris campaign did not immediately respond to a request for,comment,.,men
trumps_cruising_kamalas_crashing.txt_2658,1,1,,Trump’s,"Cruising , Kamala’s Crashing",trump
trumps_cruising_kamalas_crashing.txt_2658,4,4,"Trump’s Cruising ,",Kamala’s,Crashing,kamala
trumps_cruising_kamalas_crashing.txt_2664,4,4,It appears that,Donald,"Trump has regained momentum not only in the swing states , but also in the battleground states .",donald
trumps_cruising_kamalas_crashing.txt_2664,5,5,It appears that Donald,Trump,"has regained momentum not only in the swing states , but also in the battleground states .",trump
trumps_cruising_kamalas_crashing.txt_2664,8,8,It appears that Donald Trump has regained,momentum,"not only in the swing states , but also in the battleground states .",men
trumps_cruising_kamalas_crashing.txt_2665,10,10,We are two weeks out from the election and,Donald,Trump currently has all the momentum . Not some of the momentum — all the momentum .,donald
trumps_cruising_kamalas_crashing.txt_2665,11,11,We are two weeks out from the election and Donald,Trump,currently has all the momentum . Not some of the momentum — all the momentum .,trump
trumps_cruising_kamalas_crashing.txt_2665,16,16,We are two weeks out from the election and Donald Trump currently has all the,momentum,. Not some of the momentum — all the momentum .,men
trumps_cruising_kamalas_crashing.txt_2665,22,22,We are two weeks out from the election and Donald Trump currently has all the momentum . Not some of the,momentum,— all the momentum .,men
trumps_cruising_kamalas_crashing.txt_2665,26,26,We are two weeks out from the election and Donald Trump currently has all the momentum . Not some of the momentum — all the,momentum,.,men
trumps_cruising_kamalas_crashing.txt_2666,9,9,This has been a wild race because the,momentum,"shifts have been insane . When Joe Biden was in the race , Trump had all the momentum . Then Joe Biden dropped out of the race and Kamala Harris was put into the middle of the race and suddenly there was “ joy ” and “ wonder ” and",men
trumps_cruising_kamalas_crashing.txt_2666,23,23,"This has been a wild race because the momentum shifts have been insane . When Joe Biden was in the race ,",Trump,had all the momentum . Then Joe Biden dropped out of the race and Kamala Harris was put into the middle of the race and suddenly there was “ joy ” and “ wonder ” and all the momentum shifted over to the Democrats .,trump
trumps_cruising_kamalas_crashing.txt_2666,27,27,"This has been a wild race because the momentum shifts have been insane . When Joe Biden was in the race , Trump had all the",momentum,. Then Joe Biden dropped out of the race and Kamala Harris was put into the middle of the race and suddenly there was “ joy ” and “ wonder ” and all the momentum shifted over to the Democrats .,men
trumps_cruising_kamalas_crashing.txt_2666,38,38,"This has been a wild race because the momentum shifts have been insane . When Joe Biden was in the race , Trump had all the momentum . Then Joe Biden dropped out of the race and",Kamala,Harris was put into the middle of the race and suddenly there was “ joy ” and “ wonder ” and all the momentum shifted over to the Democrats .,kamala
trumps_cruising_kamalas_crashing.txt_2666,39,39,"This has been a wild race because the momentum shifts have been insane . When Joe Biden was in the race , Trump had all the momentum . Then Joe Biden dropped out of the race and Kamala",Harris,was put into the middle of the race and suddenly there was “ joy ” and “ wonder ” and all the momentum shifted over to the Democrats .,harris
trumps_cruising_kamalas_crashing.txt_2666,62,62,"been insane . When Joe Biden was in the race , Trump had all the momentum . Then Joe Biden dropped out of the race and Kamala Harris was put into the middle of the race and suddenly there was “ joy ” and “ wonder ” and all the",momentum,shifted over to the Democrats .,men
trumps_cruising_kamalas_crashing.txt_2668,4,4,It appears that,Donald,"Trump has regained momentum not only in the swing states , but also in the battleground states . According to the Real Clear Politics polling average , Trump leads in Michigan , Pennsylvania , Wisconsin , Arizona , North Carolina and Georgia .",donald
trumps_cruising_kamalas_crashing.txt_2668,5,5,It appears that Donald,Trump,"has regained momentum not only in the swing states , but also in the battleground states . According to the Real Clear Politics polling average , Trump leads in Michigan , Pennsylvania , Wisconsin , Arizona , North Carolina and Georgia .",trump
trumps_cruising_kamalas_crashing.txt_2668,8,8,It appears that Donald Trump has regained,momentum,"not only in the swing states , but also in the battleground states . According to the Real Clear Politics polling average , Trump leads in Michigan , Pennsylvania , Wisconsin , Arizona , North Carolina and Georgia .",men
trumps_cruising_kamalas_crashing.txt_2668,32,32,"It appears that Donald Trump has regained momentum not only in the swing states , but also in the battleground states . According to the Real Clear Politics polling average ,",Trump,"leads in Michigan , Pennsylvania , Wisconsin , Arizona , North Carolina and Georgia .",trump
trumps_cruising_kamalas_crashing.txt_2671,1,1,,Trump,"is going to win the election . In order for Kamala Harris to win this election , she probably needs to be up at least two and a half to three points in the popular vote . She does not appear to have those numbers behind her right now ,",trump
trumps_cruising_kamalas_crashing.txt_2671,12,12,Trump is going to win the election . In order for,Kamala,"Harris to win this election , she probably needs to be up at least two and a half to three points in the popular vote . She does not appear to have those numbers behind her right now , unless the polls are very , very wrong .",kamala
trumps_cruising_kamalas_crashing.txt_2671,13,13,Trump is going to win the election . In order for Kamala,Harris,"to win this election , she probably needs to be up at least two and a half to three points in the popular vote . She does not appear to have those numbers behind her right now , unless the polls are very , very wrong .",harris
trumps_cruising_kamalas_crashing.txt_2672,56,56,"is flagging . She’s totally disconnected from the American people . In fact , she is attempting to reach out to the Liz Cheney voter . There aren’t that many of those folks , the disaffected Republicans who love Liz Cheney and now are going to move on over from",Donald,Trump to Kamala Harris . Those people are incredibly rare . That number is vanishingly small .,donald
trumps_cruising_kamalas_crashing.txt_2672,57,57,"flagging . She’s totally disconnected from the American people . In fact , she is attempting to reach out to the Liz Cheney voter . There aren’t that many of those folks , the disaffected Republicans who love Liz Cheney and now are going to move on over from Donald",Trump,to Kamala Harris . Those people are incredibly rare . That number is vanishingly small .,trump
trumps_cruising_kamalas_crashing.txt_2672,59,59,"She’s totally disconnected from the American people . In fact , she is attempting to reach out to the Liz Cheney voter . There aren’t that many of those folks , the disaffected Republicans who love Liz Cheney and now are going to move on over from Donald Trump to",Kamala,Harris . Those people are incredibly rare . That number is vanishingly small .,kamala
trumps_cruising_kamalas_crashing.txt_2672,60,60,"totally disconnected from the American people . In fact , she is attempting to reach out to the Liz Cheney voter . There aren’t that many of those folks , the disaffected Republicans who love Liz Cheney and now are going to move on over from Donald Trump to Kamala",Harris,. Those people are incredibly rare . That number is vanishingly small .,harris
trumps_cruising_kamalas_crashing.txt_2674,1,1,,Harris,"is expected to hold events on Monday with Cheney in suburbs in Pennsylvania , Michigan and Wisconsin . She’s also hosting separate get-out-the-vote rallies later in the week with former President Obama and first lady Michelle Obama in Georgia and Michigan , swing states where Harris needs to run up",harris
trumps_cruising_kamalas_crashing.txt_2674,47,47,"Harris is expected to hold events on Monday with Cheney in suburbs in Pennsylvania , Michigan and Wisconsin . She’s also hosting separate get-out-the-vote rallies later in the week with former President Obama and first lady Michelle Obama in Georgia and Michigan , swing states where",Harris,needs to run up large margins in the urban centers and suburbs . So she’s now relying on a halo effect from the Obamas to bring out the black vote in Georgia and Michigan .,harris
trumps_cruising_kamalas_crashing.txt_2674,76,76,"later in the week with former President Obama and first lady Michelle Obama in Georgia and Michigan , swing states where Harris needs to run up large margins in the urban centers and suburbs . So she’s now relying on a halo effect from the Obamas to bring out the",black,vote in Georgia and Michigan .,black
trumps_cruising_kamalas_crashing.txt_2677,7,7,"Over the weekend , it was",Kamala,Harris’s birthday . Kamala Harris decided she was going to celebrate it with Stevie Wonder . She went to a historically black church and she did some sort of birthday routine with Stevie Wonder .,kamala
trumps_cruising_kamalas_crashing.txt_2677,8,8,"Over the weekend , it was Kamala",Harris’s,birthday . Kamala Harris decided she was going to celebrate it with Stevie Wonder . She went to a historically black church and she did some sort of birthday routine with Stevie Wonder .,harris
trumps_cruising_kamalas_crashing.txt_2677,11,11,"Over the weekend , it was Kamala Harris’s birthday .",Kamala,Harris decided she was going to celebrate it with Stevie Wonder . She went to a historically black church and she did some sort of birthday routine with Stevie Wonder .,kamala
trumps_cruising_kamalas_crashing.txt_2677,12,12,"Over the weekend , it was Kamala Harris’s birthday . Kamala",Harris,decided she was going to celebrate it with Stevie Wonder . She went to a historically black church and she did some sort of birthday routine with Stevie Wonder .,harris
trumps_cruising_kamalas_crashing.txt_2677,29,29,"Over the weekend , it was Kamala Harris’s birthday . Kamala Harris decided she was going to celebrate it with Stevie Wonder . She went to a historically",black,church and she did some sort of birthday routine with Stevie Wonder .,black
trumps_cruising_kamalas_crashing.txt_2678,3,3,"Meanwhile ,",Trump,"was at the Steelers-Jets game , getting standing ovations and having people run around the field with pro-Trump signs .",trump
trumps_cruising_kamalas_crashing.txt_2678,21,21,"Meanwhile , Trump was at the Steelers-Jets game , getting standing ovations and having people run around the field with",pro-Trump,signs .,trump
trumps_cruising_kamalas_crashing.txt_2679,8,8,And that wasn’t the best thing that,Trump,did all weekend .,trump
trumps_cruising_kamalas_crashing.txt_2680,7,7,The Left lost their mind because,Donald,Trump did something unthinkable . He went to a McDonald’s and worked the fry station and the drive-thru window .,donald
trumps_cruising_kamalas_crashing.txt_2680,8,8,The Left lost their mind because Donald,Trump,did something unthinkable . He went to a McDonald’s and worked the fry station and the drive-thru window .,trump
trumps_cruising_kamalas_crashing.txt_2680,17,17,The Left lost their mind because Donald Trump did something unthinkable . He went to a,McDonald’s,and worked the fry station and the drive-thru window .,donald
trumps_cruising_kamalas_crashing.txt_2681,28,28,That was old school politicking in the United States . It was charming . It was funny . It is meant to highlight the disconnect between what,Kamala,Harris says she is and what she is .,kamala
trumps_cruising_kamalas_crashing.txt_2681,29,29,That was old school politicking in the United States . It was charming . It was funny . It is meant to highlight the disconnect between what Kamala,Harris,says she is and what she is .,harris
trumps_cruising_kamalas_crashing.txt_2682,14,14,You’ll recall that she has now claimed multiple times that she worked at,McDonald’s,while she was a college student . And there are some fairly serious questions about whether that’s true or not . She has yet to name which McDonald’s she actually worked at . There are no records of her having worked at McDonald’s so far as anyone is aware .,donald
trumps_cruising_kamalas_crashing.txt_2682,42,42,You’ll recall that she has now claimed multiple times that she worked at McDonald’s while she was a college student . And there are some fairly serious questions about whether that’s true or not . She has yet to name which,McDonald’s,she actually worked at . There are no records of her having worked at McDonald’s so far as anyone is aware .,donald
trumps_cruising_kamalas_crashing.txt_2682,57,57,claimed multiple times that she worked at McDonald’s while she was a college student . And there are some fairly serious questions about whether that’s true or not . She has yet to name which McDonald’s she actually worked at . There are no records of her having worked at,McDonald’s,so far as anyone is aware .,donald
trumps_cruising_kamalas_crashing.txt_2684,2,2,So,Trump,"went to a McDonald’s , worked the drive-thru window , and looked perfectly authentic there .",trump
trumps_cruising_kamalas_crashing.txt_2684,6,6,So Trump went to a,McDonald’s,", worked the drive-thru window , and looked perfectly authentic there .",donald
trumps_cruising_kamalas_crashing.txt_2685,7,7,I don’t care whether you like,Donald,Trump or you hate Donald Trump . He is excellent at this . It’s a special quality that some politicians have ; he is amazingly good one-on-one with people .,donald
trumps_cruising_kamalas_crashing.txt_2685,8,8,I don’t care whether you like Donald,Trump,or you hate Donald Trump . He is excellent at this . It’s a special quality that some politicians have ; he is amazingly good one-on-one with people .,trump
trumps_cruising_kamalas_crashing.txt_2685,12,12,I don’t care whether you like Donald Trump or you hate,Donald,Trump . He is excellent at this . It’s a special quality that some politicians have ; he is amazingly good one-on-one with people .,donald
trumps_cruising_kamalas_crashing.txt_2685,13,13,I don’t care whether you like Donald Trump or you hate Donald,Trump,. He is excellent at this . It’s a special quality that some politicians have ; he is amazingly good one-on-one with people .,trump
trumps_cruising_kamalas_crashing.txt_2686,1,1,,Trump,speaks to people as though they are family . Donald Trump enjoys other human beings .,trump
trumps_cruising_kamalas_crashing.txt_2686,11,11,Trump speaks to people as though they are family .,Donald,Trump enjoys other human beings .,donald
trumps_cruising_kamalas_crashing.txt_2686,12,12,Trump speaks to people as though they are family . Donald,Trump,enjoys other human beings .,trump
trumps_cruising_kamalas_crashing.txt_2687,1,1,,Kamala,Harris doesn’t look like she’s ever met a human .,kamala
trumps_cruising_kamalas_crashing.txt_2687,2,2,Kamala,Harris,doesn’t look like she’s ever met a human .,harris
trumps_cruising_kamalas_crashing.txt_2688,17,17,I’m not sure a lot of other politicians would be able to get away with what,Trump,"did , except that he eats McDonald’s all the time . When he was president of the United States , he had a giant meal sponsored at the White House in the giant reception room that was filled with fast food from places like McDonald’s .",trump
trumps_cruising_kamalas_crashing.txt_2688,24,24,"I’m not sure a lot of other politicians would be able to get away with what Trump did , except that he eats",McDonald’s,"all the time . When he was president of the United States , he had a giant meal sponsored at the White House in the giant reception room that was filled with fast food from places like McDonald’s .",donald
trumps_cruising_kamalas_crashing.txt_2688,62,62,"to get away with what Trump did , except that he eats McDonald’s all the time . When he was president of the United States , he had a giant meal sponsored at the White House in the giant reception room that was filled with fast food from places like",McDonald’s,.,donald
trumps_cruising_kamalas_crashing.txt_2689,3,3,And at,McDonald’s,", he looked like he was having a good time , which is a good indication that he is winning , because you can often tell a winning campaign from a losing campaign by who’s having a better time on the campaign trail .",donald
trumps_cruising_kamalas_crashing.txt_2691,7,7,And that’s how it feels with,Kamala,Harris .,kamala
trumps_cruising_kamalas_crashing.txt_2691,8,8,And that’s how it feels with Kamala,Harris,.,harris
trumps_cruising_kamalas_crashing.txt_2692,1,1,,Trump,is in a very good mood . He’s definitely enjoying this campaign .,trump
trumps_cruising_kamalas_crashing.txt_2693,1,1,,Kamala,Harris is definitely not enjoying this campaign .,kamala
trumps_cruising_kamalas_crashing.txt_2693,2,2,Kamala,Harris,is definitely not enjoying this campaign .,harris
watch_kamala_voters_say_trump_supporters_are_nazis_want_trump_in_prison.txt_2700,3,3,WATCH :,Kamala,"Voters Say Trump Supporters Are ‘ Nazis , ’ Want Trump In Prison",kamala
watch_kamala_voters_say_trump_supporters_are_nazis_want_trump_in_prison.txt_2700,6,6,WATCH : Kamala Voters Say,Trump,"Supporters Are ‘ Nazis , ’ Want Trump In Prison",trump
watch_kamala_voters_say_trump_supporters_are_nazis_want_trump_in_prison.txt_2700,14,14,"WATCH : Kamala Voters Say Trump Supporters Are ‘ Nazis , ’ Want",Trump,In Prison,trump
watch_kamala_voters_say_trump_supporters_are_nazis_want_trump_in_prison.txt_2707,9,9,"WASHINGTON , D.C . — As Vice President",Kamala,"Harris made a final electoral appeal to the nation , her supporters doubled down on extreme rhetoric , calling former President Donald Trump and his supporters Nazis and fascists .",kamala
watch_kamala_voters_say_trump_supporters_are_nazis_want_trump_in_prison.txt_2707,10,10,"WASHINGTON , D.C . — As Vice President Kamala",Harris,"made a final electoral appeal to the nation , her supporters doubled down on extreme rhetoric , calling former President Donald Trump and his supporters Nazis and fascists .",harris
watch_kamala_voters_say_trump_supporters_are_nazis_want_trump_in_prison.txt_2707,31,31,"WASHINGTON , D.C . — As Vice President Kamala Harris made a final electoral appeal to the nation , her supporters doubled down on extreme rhetoric , calling former President",Donald,Trump and his supporters Nazis and fascists .,donald
watch_kamala_voters_say_trump_supporters_are_nazis_want_trump_in_prison.txt_2707,32,32,"WASHINGTON , D.C . — As Vice President Kamala Harris made a final electoral appeal to the nation , her supporters doubled down on extreme rhetoric , calling former President Donald",Trump,and his supporters Nazis and fascists .,trump
watch_kamala_voters_say_trump_supporters_are_nazis_want_trump_in_prison.txt_2708,33,33,"“ If he wins in November it will be the birth of the American Nazi Party with him at the top of it , ” Bill Wood told The Daily Wire outside",Harris’s,"Tuesday speech at the Ellipse . “ He’s going to take anybody who disagrees with him and put them in jail , and from there , he’s going to deport them out of the United States altogether . ”",harris
watch_kamala_voters_say_trump_supporters_are_nazis_want_trump_in_prison.txt_2709,2,2,“,Trump,"is nothing but a dictator , he wants to subvert our democracy , ” said Marc Petitpierre , who traveled to the rally from West Virginia . “ He’s a damn Nazi ! He’s a fascist ! Of course he is ! ” Petitpierre responded when asked his thoughts about",trump
watch_kamala_voters_say_trump_supporters_are_nazis_want_trump_in_prison.txt_2709,61,61,"to subvert our democracy , ” said Marc Petitpierre , who traveled to the rally from West Virginia . “ He’s a damn Nazi ! He’s a fascist ! Of course he is ! ” Petitpierre responded when asked his thoughts about Democrat vice presidential candidate Tim Walz’s comparison of",Trump,with Nazis .,trump
watch_kamala_voters_say_trump_supporters_are_nazis_want_trump_in_prison.txt_2710,8,8,WATCH : Our @SpencerLndqst went to a,Kamala,Harris rally to see whether her supporters really think Trump is the next Hitler . And they do .,kamala
watch_kamala_voters_say_trump_supporters_are_nazis_want_trump_in_prison.txt_2710,9,9,WATCH : Our @SpencerLndqst went to a Kamala,Harris,rally to see whether her supporters really think Trump is the next Hitler . And they do .,harris
watch_kamala_voters_say_trump_supporters_are_nazis_want_trump_in_prison.txt_2710,18,18,WATCH : Our @SpencerLndqst went to a Kamala Harris rally to see whether her supporters really think,Trump,is the next Hitler . And they do .,trump
watch_kamala_voters_say_trump_supporters_are_nazis_want_trump_in_prison.txt_2714,26,26,"“ I think he wants to basically turn this into a white Christian nation , which it is not , ” another attendee said of",Trump’s,"motives , before saying that she isn’t concerned that the heated rhetoric could inspire more violence against the former president .",trump
watch_kamala_voters_say_trump_supporters_are_nazis_want_trump_in_prison.txt_2715,17,17,"“ I think it is a totally reasonable assumption , ” she said of claims that",Trump,"is a Nazi . “ I mean , Elon Musk is wearing a ‘ Make America Great Again ’ hat in the Nazi font , ” she continued , referring to Trump’s rally at Madison Square Garden . “ That was definitely the vibe there , it was frightening and",trump
watch_kamala_voters_say_trump_supporters_are_nazis_want_trump_in_prison.txt_2715,49,49,"“ I think it is a totally reasonable assumption , ” she said of claims that Trump is a Nazi . “ I mean , Elon Musk is wearing a ‘ Make America Great Again ’ hat in the Nazi font , ” she continued , referring to",Trump’s,"rally at Madison Square Garden . “ That was definitely the vibe there , it was frightening and disgusting . ”",trump
watch_kamala_voters_say_trump_supporters_are_nazis_want_trump_in_prison.txt_2717,6,6,One man said that both,Trump,and his supporters were Nazis .,trump
watch_kamala_voters_say_trump_supporters_are_nazis_want_trump_in_prison.txt_2718,26,26,"“ You committed treason , and we hate your ever f * * * ing guts , ” he said of people who vote for",Trump,", adding that the Republican presidential contender “ wants to destroy all life on earth . ”",trump
watch_kamala_voters_say_trump_supporters_are_nazis_want_trump_in_prison.txt_2721,5,5,"During her speech ,",Harris,"called Trump a “ petty tyrant ” and a “ wannabe dictator , ” and compared her opponent to King George III . Shortly after Trump narrowly escaped death at the hands of a would-be assassin in Butler , Pennsylvania in July , President Joe Biden urged Americans to “",harris
watch_kamala_voters_say_trump_supporters_are_nazis_want_trump_in_prison.txt_2721,7,7,"During her speech , Harris called",Trump,"a “ petty tyrant ” and a “ wannabe dictator , ” and compared her opponent to King George III . Shortly after Trump narrowly escaped death at the hands of a would-be assassin in Butler , Pennsylvania in July , President Joe Biden urged Americans to “ lower the",trump
watch_kamala_voters_say_trump_supporters_are_nazis_want_trump_in_prison.txt_2721,31,31,"During her speech , Harris called Trump a “ petty tyrant ” and a “ wannabe dictator , ” and compared her opponent to King George III . Shortly after",Trump,"narrowly escaped death at the hands of a would-be assassin in Butler , Pennsylvania in July , President Joe Biden urged Americans to “ lower the temperature ” in politics .",trump
watch_michael_knowles_gives_eight_reasons_why_not_to_vote_for_kamala.txt_2726,13,13,WATCH : Michael Knowles Gives Eight Reasons Why Not To Vote For,Kamala,,kamala
watch_michael_knowles_gives_eight_reasons_why_not_to_vote_for_kamala.txt_2732,3,3,' The,establishment,media have done their best to cover up the many historic failures of the Biden-Harris administration . But we have the receipts . ',men
watch_michael_knowles_gives_eight_reasons_why_not_to_vote_for_kamala.txt_2732,18,18,' The establishment media have done their best to cover up the many historic failures of the,Biden-Harris,administration . But we have the receipts . ',harris
watch_michael_knowles_gives_eight_reasons_why_not_to_vote_for_kamala.txt_2733,24,24,"Daily Wire host Michael Knowles exposes the failures , the fatal disasters , and the just plain “ weird ” happenings of the",Biden-Harris,presidency in his damning 10-minute election recap .,harris
watch_michael_knowles_gives_eight_reasons_why_not_to_vote_for_kamala.txt_2734,19,19,From the border crisis and botched withdrawal from Afghanistan to spying on Catholics and cross-dressing admin officials stealing,women’s,"luggage , Knowles takes a “ trip down memory lane ” for any voter still unsure of how to vote this cycle .",men
watch_michael_knowles_gives_eight_reasons_why_not_to_vote_for_kamala.txt_2735,2,2,The,Biden-Harris,Presidency EXPOSED In 10 Mins pic.twitter.com / kKx8x9MdM7,harris
watch_michael_knowles_gives_eight_reasons_why_not_to_vote_for_kamala.txt_2737,32,32,"“ Election Day is almost here , and it has been a crazy three and a half years that led us to this point , ” Knowles says . “ The",establishment,media have done their best to cover up the many historic failures of the Biden-Harris administration . But we have the receipts . ”,men
watch_michael_knowles_gives_eight_reasons_why_not_to_vote_for_kamala.txt_2737,47,47,"“ Election Day is almost here , and it has been a crazy three and a half years that led us to this point , ” Knowles says . “ The establishment media have done their best to cover up the many historic failures of the",Biden-Harris,administration . But we have the receipts . ”,harris
watch_michael_knowles_gives_eight_reasons_why_not_to_vote_for_kamala.txt_2741,6,6,Knowles detailed how Biden and,Harris,"nullified former President Donald Trump’s border policies within hours of being sworn in , and later ended Trump’s vital “ Remain in Mexico ” policy .",harris
watch_michael_knowles_gives_eight_reasons_why_not_to_vote_for_kamala.txt_2741,10,10,Knowles detailed how Biden and Harris nullified former President,Donald,"Trump’s border policies within hours of being sworn in , and later ended Trump’s vital “ Remain in Mexico ” policy .",donald
watch_michael_knowles_gives_eight_reasons_why_not_to_vote_for_kamala.txt_2741,11,11,Knowles detailed how Biden and Harris nullified former President Donald,Trump’s,"border policies within hours of being sworn in , and later ended Trump’s vital “ Remain in Mexico ” policy .",trump
watch_michael_knowles_gives_eight_reasons_why_not_to_vote_for_kamala.txt_2741,24,24,"Knowles detailed how Biden and Harris nullified former President Donald Trump’s border policies within hours of being sworn in , and later ended",Trump’s,vital “ Remain in Mexico ” policy .,trump
watch_michael_knowles_gives_eight_reasons_why_not_to_vote_for_kamala.txt_2745,2,2,The,Biden-Harris,"administration mandated the COVID vaccine for federal workers and tried to extend the mandate to some private sector companies . The Daily Wire sued over that mandate , and won at the Supreme Court , invalidating the order .",harris
watch_michael_knowles_gives_eight_reasons_why_not_to_vote_for_kamala.txt_2748,5,5,Seven months into the,Biden-Harris,"presidency , the administration “ botched the pullout from Afghanistan , a decision that left 13 U.S . servicemen dead , and surrendered more than $ 7 billion worth of military equipment to the Taliban , which quickly retook control of Afghanistan , squandering two decades of American involvement in",harris
watch_michael_knowles_gives_eight_reasons_why_not_to_vote_for_kamala.txt_2748,24,24,"Seven months into the Biden-Harris presidency , the administration “ botched the pullout from Afghanistan , a decision that left 13 U.S .",servicemen,"dead , and surrendered more than $ 7 billion worth of military equipment to the Taliban , which quickly retook control of Afghanistan , squandering two decades of American involvement in the region , ” Knowles recalled .",men
watch_michael_knowles_gives_eight_reasons_why_not_to_vote_for_kamala.txt_2748,37,37,"Seven months into the Biden-Harris presidency , the administration “ botched the pullout from Afghanistan , a decision that left 13 U.S . servicemen dead , and surrendered more than $ 7 billion worth of military",equipment,"to the Taliban , which quickly retook control of Afghanistan , squandering two decades of American involvement in the region , ” Knowles recalled .",men
watch_michael_knowles_gives_eight_reasons_why_not_to_vote_for_kamala.txt_2748,54,54,"the Biden-Harris presidency , the administration “ botched the pullout from Afghanistan , a decision that left 13 U.S . servicemen dead , and surrendered more than $ 7 billion worth of military equipment to the Taliban , which quickly retook control of Afghanistan , squandering two decades of American",involvement,"in the region , ” Knowles recalled .",men
watch_michael_knowles_gives_eight_reasons_why_not_to_vote_for_kamala.txt_2749,1,1,,Harris,has since bragged about being the “ last person in the room ” with Biden when he made the decision to pull out .,harris
watch_michael_knowles_gives_eight_reasons_why_not_to_vote_for_kamala.txt_2752,8,8,Knowles also explained the moves from the,Biden-Harris,administration that allowed Russian President Vladimir Putin to invade Ukraine .,harris
watch_michael_knowles_gives_eight_reasons_why_not_to_vote_for_kamala.txt_2754,4,4,Under Biden and,Harris,", the United States also watched “ as China flew a spy balloon over U.S . territory for eight days straight , ” Knowles noted . The admin also gave Iran access to $ 16 billion in previously frozen assets , which Knowles called “ a favor Iran repaid a",harris
watch_michael_knowles_gives_eight_reasons_why_not_to_vote_for_kamala.txt_2757,42,42,"On the economy , Knowles explained how the ironically-named Inflation Reduction Act actually “ exacerbated inflation , ” driving it up a total of 20 % . He also points out that U.S . debt has increased substantially under Biden and",Harris,.,harris
watch_michael_knowles_gives_eight_reasons_why_not_to_vote_for_kamala.txt_2760,18,18,"Moving on to the “ just plain odd , ” Knowles recalled how Sam Brinton , the",Biden-Harris,"“ nuclear waste guru ” was “ arrested for stealing women’s clothing at airports . ” Dialing up their commitment to LGBT ideology , the administration also declared Easter Sunday a “ Transgender Day of Visibility ” in 2024 , and mandated schools permit males into female spaces if they",harris
watch_michael_knowles_gives_eight_reasons_why_not_to_vote_for_kamala.txt_2760,29,29,"Moving on to the “ just plain odd , ” Knowles recalled how Sam Brinton , the Biden-Harris “ nuclear waste guru ” was “ arrested for stealing",women’s,"clothing at airports . ” Dialing up their commitment to LGBT ideology , the administration also declared Easter Sunday a “ Transgender Day of Visibility ” in 2024 , and mandated schools permit males into female spaces if they identify as transgender .",men
watch_michael_knowles_gives_eight_reasons_why_not_to_vote_for_kamala.txt_2760,38,38,"Moving on to the “ just plain odd , ” Knowles recalled how Sam Brinton , the Biden-Harris “ nuclear waste guru ” was “ arrested for stealing women’s clothing at airports . ” Dialing up their",commitment,"to LGBT ideology , the administration also declared Easter Sunday a “ Transgender Day of Visibility ” in 2024 , and mandated schools permit males into female spaces if they identify as transgender .",men
watch_michael_knowles_gives_eight_reasons_why_not_to_vote_for_kamala.txt_2760,51,51,"Moving on to the “ just plain odd , ” Knowles recalled how Sam Brinton , the Biden-Harris “ nuclear waste guru ” was “ arrested for stealing women’s clothing at airports . ” Dialing up their commitment to LGBT ideology , the administration also declared Easter Sunday a “",Transgender,"Day of Visibility ” in 2024 , and mandated schools permit males into female spaces if they identify as transgender .",trans
watch_michael_knowles_gives_eight_reasons_why_not_to_vote_for_kamala.txt_2760,71,71,"waste guru ” was “ arrested for stealing women’s clothing at airports . ” Dialing up their commitment to LGBT ideology , the administration also declared Easter Sunday a “ Transgender Day of Visibility ” in 2024 , and mandated schools permit males into female spaces if they identify as",transgender,.,trans
watch_michael_knowles_gives_eight_reasons_why_not_to_vote_for_kamala.txt_2763,5,5,Knowles also highlighted the,Biden-Harris,"administration’s “ spying ” on traditional Catholic parishes , lying about that spying , and targeting concerned parents at school board meetings .",harris
watch_michael_knowles_gives_eight_reasons_why_not_to_vote_for_kamala.txt_2765,3,3,8 .,Harris,Covering Up Biden’s Decline,harris
watch_michael_knowles_gives_eight_reasons_why_not_to_vote_for_kamala.txt_2766,12,12,"Closing the video , Knowles reminded viewers of Democrats , including",Harris,", lying about Biden’s obvious mental decline for years — until the president’s debate performance was so bad , the Democrat party machine replaced him with Harris , who did not win a single primary vote .",harris
watch_michael_knowles_gives_eight_reasons_why_not_to_vote_for_kamala.txt_2766,18,18,"Closing the video , Knowles reminded viewers of Democrats , including Harris , lying about Biden’s obvious",mental,"decline for years — until the president’s debate performance was so bad , the Democrat party machine replaced him with Harris , who did not win a single primary vote .",men
watch_michael_knowles_gives_eight_reasons_why_not_to_vote_for_kamala.txt_2766,39,39,"Closing the video , Knowles reminded viewers of Democrats , including Harris , lying about Biden’s obvious mental decline for years — until the president’s debate performance was so bad , the Democrat party machine replaced him with",Harris,", who did not win a single primary vote .",harris
weird_science_kamala_answers_question_about_trump_and_race_with_astronomy_lesson.txt_2771,4,4,Weird Science :,Kamala,Answers Question About Trump And Race With Astronomy Lesson,kamala
weird_science_kamala_answers_question_about_trump_and_race_with_astronomy_lesson.txt_2771,8,8,Weird Science : Kamala Answers Question About,Trump,And Race With Astronomy Lesson,trump
weird_science_kamala_answers_question_about_trump_and_race_with_astronomy_lesson.txt_2778,3,3,Vice President,Kamala,"Harris appeared to get sidetracked during an interview with journalist Roland S . Martin , delivering a brief if confusing astronomy lesson during a conversation about her plan to implement policies that will disproportionately benefit black voters .",kamala
weird_science_kamala_answers_question_about_trump_and_race_with_astronomy_lesson.txt_2778,4,4,Vice President Kamala,Harris,"appeared to get sidetracked during an interview with journalist Roland S . Martin , delivering a brief if confusing astronomy lesson during a conversation about her plan to implement policies that will disproportionately benefit black voters .",harris
weird_science_kamala_answers_question_about_trump_and_race_with_astronomy_lesson.txt_2778,33,33,"Vice President Kamala Harris appeared to get sidetracked during an interview with journalist Roland S . Martin , delivering a brief if confusing astronomy lesson during a conversation about her plan to",implement,policies that will disproportionately benefit black voters .,men
weird_science_kamala_answers_question_about_trump_and_race_with_astronomy_lesson.txt_2778,39,39,"Vice President Kamala Harris appeared to get sidetracked during an interview with journalist Roland S . Martin , delivering a brief if confusing astronomy lesson during a conversation about her plan to implement policies that will disproportionately benefit",black,voters .,black
weird_science_kamala_answers_question_about_trump_and_race_with_astronomy_lesson.txt_2779,15,15,"Martin set her up with a question about her political opponent , former President",Donald,"Trump , claiming that he was specifically targeting cities that had high minority populations and attacking them as failing . Martin made no mention of the fact that Detroit — one of the cities in question — has had only Democrat mayors since 1962 , but focused solely on racial",donald
weird_science_kamala_answers_question_about_trump_and_race_with_astronomy_lesson.txt_2779,16,16,"Martin set her up with a question about her political opponent , former President Donald",Trump,", claiming that he was specifically targeting cities that had high minority populations and attacking them as failing . Martin made no mention of the fact that Detroit — one of the cities in question — has had only Democrat mayors since 1962 , but focused solely on racial demographics",trump
weird_science_kamala_answers_question_about_trump_and_race_with_astronomy_lesson.txt_2779,39,39,"Martin set her up with a question about her political opponent , former President Donald Trump , claiming that he was specifically targeting cities that had high minority populations and attacking them as failing . Martin made no",mention,"of the fact that Detroit — one of the cities in question — has had only Democrat mayors since 1962 , but focused solely on racial demographics . The other two cities mentioned , Chicago and Washington , D.C . , have been under Democrat control since 1931 and 1967",men
weird_science_kamala_answers_question_about_trump_and_race_with_astronomy_lesson.txt_2779,72,72,"specifically targeting cities that had high minority populations and attacking them as failing . Martin made no mention of the fact that Detroit — one of the cities in question — has had only Democrat mayors since 1962 , but focused solely on racial demographics . The other two cities",mentioned,", Chicago and Washington , D.C . , have been under Democrat control since 1931 and 1967 , respectively .",men
weird_science_kamala_answers_question_about_trump_and_race_with_astronomy_lesson.txt_2780,1,1,,Harris,nodded in agreement before quickly veering off course .,harris
weird_science_kamala_answers_question_about_trump_and_race_with_astronomy_lesson.txt_2780,4,4,Harris nodded in,agreement,before quickly veering off course .,men
weird_science_kamala_answers_question_about_trump_and_race_with_astronomy_lesson.txt_2782,1,1,,KAMALA,": "" I talked with somebody once who said , ' You know , if you just look at where the stars are in the sky , don't look at ' em as just random things . If you just look at ' em as points , look at the",kamala
weird_science_kamala_answers_question_about_trump_and_race_with_astronomy_lesson.txt_2784,2,2,—,Trump,"War Room ( @TrumpWarRoom ) October 14 , 2024",trump
weird_science_kamala_answers_question_about_trump_and_race_with_astronomy_lesson.txt_2784,6,6,— Trump War Room (,@TrumpWarRoom,") October 14 , 2024",trump
weird_science_kamala_answers_question_about_trump_and_race_with_astronomy_lesson.txt_2786,99,99,"the constellation — what does it show you ? ' ” she asked , turning the question back to Martin and repeating the question : “ So you just outlined it , Roland . What does it show you ? that the cities that he picks on in terms of",black,population or a black mayor or both ? Come on . ”,black
weird_science_kamala_answers_question_about_trump_and_race_with_astronomy_lesson.txt_2786,103,103,"does it show you ? ' ” she asked , turning the question back to Martin and repeating the question : “ So you just outlined it , Roland . What does it show you ? that the cities that he picks on in terms of black population or a",black,mayor or both ? Come on . ”,black
weird_science_kamala_answers_question_about_trump_and_race_with_astronomy_lesson.txt_2788,19,19,"As video of the strange exchange began to circulate , critics wondered what exactly the point was that",Harris,had been trying to make .,harris
weird_science_kamala_answers_question_about_trump_and_race_with_astronomy_lesson.txt_2789,19,19,"“ Ummmm … the wheels are coming off . Or the gummies kicked in , ” Swifties for",Trump,"posted.This is what happens when you pick leaders solely based on their skin pigment , genitals , attraction to genitals , or perception of genitals , ” Mike Davis added .",trump
weird_science_kamala_answers_question_about_trump_and_race_with_astronomy_lesson.txt_2789,33,33,"“ Ummmm … the wheels are coming off . Or the gummies kicked in , ” Swifties for Trump posted.This is what happens when you pick leaders solely based on their skin",pigment,", genitals , attraction to genitals , or perception of genitals , ” Mike Davis added .",men
what_trump_and_kamala_campaigns_are_saying_about_their_internal_data_in_the_final_stretch.txt_2796,2,2,What,Trump,And Kamala Campaigns Are Saying About Their Internal Data In The Final Stretch,trump
what_trump_and_kamala_campaigns_are_saying_about_their_internal_data_in_the_final_stretch.txt_2796,4,4,What Trump And,Kamala,Campaigns Are Saying About Their Internal Data In The Final Stretch,kamala
what_trump_and_kamala_campaigns_are_saying_about_their_internal_data_in_the_final_stretch.txt_2803,7,7,The presidential campaigns of former President,Donald,"Trump over Vice President Kamala Harris touted bullish takeaways from internal data in the final stretch of the 2024 campaign , but each side appears to be focused on different trends .",donald
what_trump_and_kamala_campaigns_are_saying_about_their_internal_data_in_the_final_stretch.txt_2803,8,8,The presidential campaigns of former President Donald,Trump,"over Vice President Kamala Harris touted bullish takeaways from internal data in the final stretch of the 2024 campaign , but each side appears to be focused on different trends .",trump
what_trump_and_kamala_campaigns_are_saying_about_their_internal_data_in_the_final_stretch.txt_2803,12,12,The presidential campaigns of former President Donald Trump over Vice President,Kamala,"Harris touted bullish takeaways from internal data in the final stretch of the 2024 campaign , but each side appears to be focused on different trends .",kamala
what_trump_and_kamala_campaigns_are_saying_about_their_internal_data_in_the_final_stretch.txt_2803,13,13,The presidential campaigns of former President Donald Trump over Vice President Kamala,Harris,"touted bullish takeaways from internal data in the final stretch of the 2024 campaign , but each side appears to be focused on different trends .",harris
what_trump_and_kamala_campaigns_are_saying_about_their_internal_data_in_the_final_stretch.txt_2804,11,11,"As public polls signaled a close race on Monday ,",Trump,campaign national press secretary Karoline Leavitt made an appearance on Fox Business and said early voters in swing states are leaning toward the GOP ticket .,trump
what_trump_and_kamala_campaigns_are_saying_about_their_internal_data_in_the_final_stretch.txt_2805,7,7,“ Our internal polls have President,Trump,"leading in every key battleground state , ” Leavitt said . “ We are cautiously optimistic about a big victory tomorrow night as long as everyone turns out to vote . ”",trump
what_trump_and_kamala_campaigns_are_saying_about_their_internal_data_in_the_final_stretch.txt_2806,9,9,. @kleavittnh : Our internal polls have President,Trump,leading in every key battleground state . We are cautiously optimistic about a big victory tomorrow night as long as everyone turns out to vote . 🔥 pic.twitter.com / Rhust5N1no,trump
what_trump_and_kamala_campaigns_are_saying_about_their_internal_data_in_the_final_stretch.txt_2807,2,2,—,Trump,"War Room ( @TrumpWarRoom ) November 4 , 2024",trump
what_trump_and_kamala_campaigns_are_saying_about_their_internal_data_in_the_final_stretch.txt_2807,6,6,— Trump War Room (,@TrumpWarRoom,") November 4 , 2024",trump
what_trump_and_kamala_campaigns_are_saying_about_their_internal_data_in_the_final_stretch.txt_2810,30,30,"She also suggested Democrats are struggling in certain areas , as “ urban turnout is down compared to what it was in 2020 ” and “ female turnout for",Kamala,Harris is down compared to those that turned out early for Joe Biden ” in the 2020 election .,kamala
what_trump_and_kamala_campaigns_are_saying_about_their_internal_data_in_the_final_stretch.txt_2810,31,31,"She also suggested Democrats are struggling in certain areas , as “ urban turnout is down compared to what it was in 2020 ” and “ female turnout for Kamala",Harris,is down compared to those that turned out early for Joe Biden ” in the 2020 election .,harris
what_trump_and_kamala_campaigns_are_saying_about_their_internal_data_in_the_final_stretch.txt_2811,25,25,"Leavitt concluded that “ all signs point to a victory tomorrow night , but we’re not taking our foot off the gas . President",Trump,has four rallies in battleground states today . And we need everyone to get out and vote . ”,trump
what_trump_and_kamala_campaigns_are_saying_about_their_internal_data_in_the_final_stretch.txt_2813,6,6,"As it turns out ,",Harris,"’ campaign is also feeling “ cautiously optimistic , ” NBC News Washington Correspondent Yamiche Alcindor reported over the weekend .",harris
what_trump_and_kamala_campaigns_are_saying_about_their_internal_data_in_the_final_stretch.txt_2815,3,3,“ Senior,Harris,"campaign officials say their internal data show they are winning battleground voters who have made up their minds in the last week by double digits , ” Alcindor added .",harris
what_trump_and_kamala_campaigns_are_saying_about_their_internal_data_in_the_final_stretch.txt_2816,4,4,"“ Still ,",Harris,"is doing everything possible to avoid the Blue Wall crumbling like it did in 2016 , ” she continued , and therefore Harris was campaigning in the swing state of Michigan .",harris
what_trump_and_kamala_campaigns_are_saying_about_their_internal_data_in_the_final_stretch.txt_2816,27,27,"“ Still , Harris is doing everything possible to avoid the Blue Wall crumbling like it did in 2016 , ” she continued , and therefore",Harris,was campaigning in the swing state of Michigan .,harris
what_trump_and_kamala_campaigns_are_saying_about_their_internal_data_in_the_final_stretch.txt_2817,4,4,Alcindor said a,Harris,"aide told her they have a “ big operation ” focused on Dearborn , which has a large Muslim community , amid uncertainty about whether they will turn away from the VP this election because of conflict in Gaza .",harris
what_trump_and_kamala_campaigns_are_saying_about_their_internal_data_in_the_final_stretch.txt_2818,13,13,"On Friday , RealClearPolitics reporter Philip Wegmann said on X a senior",Harris,campaign official claimed Trump’s rally at Madison Square Garden “ crystalized ” the choice of swing state voters who made up their mind to back the VP in the last week .,harris
what_trump_and_kamala_campaigns_are_saying_about_their_internal_data_in_the_final_stretch.txt_2818,17,17,"On Friday , RealClearPolitics reporter Philip Wegmann said on X a senior Harris campaign official claimed",Trump’s,rally at Madison Square Garden “ crystalized ” the choice of swing state voters who made up their mind to back the VP in the last week .,trump
when_everyone_is_hitler_no_one_is_hitler.txt_2832,20,20,"Beyond the scope of Hitler’s four million-man operation spanning a front line some 1,200 miles from Finland to the",Black,"Sea , it was the viciousness , indeed the racial hatred , that underpinned the assault on the detested Slavs , Bolsheviks , and , of course , Jews , that made this crime and others of Hitler and his Nazi hordes so unique in the annals of warfare .",black
when_everyone_is_hitler_no_one_is_hitler.txt_2834,22,22,"This is the man to whom a desperate Democrat Party is once again shamelessly trying to link their GOP opponent ,",Donald,"Trump . Such lack of shame in making so ludicrous an analogy actually beggars the mind . More so when you consider how many Americans on the left blindly accept this comparison as even remotely valid . As such , although not surprisingly , Trump has been the target of",donald
when_everyone_is_hitler_no_one_is_hitler.txt_2834,23,23,"This is the man to whom a desperate Democrat Party is once again shamelessly trying to link their GOP opponent , Donald",Trump,". Such lack of shame in making so ludicrous an analogy actually beggars the mind . More so when you consider how many Americans on the left blindly accept this comparison as even remotely valid . As such , although not surprisingly , Trump has been the target of three",trump
when_everyone_is_hitler_no_one_is_hitler.txt_2834,67,67,"link their GOP opponent , Donald Trump . Such lack of shame in making so ludicrous an analogy actually beggars the mind . More so when you consider how many Americans on the left blindly accept this comparison as even remotely valid . As such , although not surprisingly ,",Trump,"has been the target of three assassination attempts due to such demonization . After all , when you draw a nexus between him and the architect of Barbarossa , The Holocaust , and other atrocities , it is easy to see how not just the mentally unstable , but even",trump
when_everyone_is_hitler_no_one_is_hitler.txt_2834,113,113,"although not surprisingly , Trump has been the target of three assassination attempts due to such demonization . After all , when you draw a nexus between him and the architect of Barbarossa , The Holocaust , and other atrocities , it is easy to see how not just the",mentally,"unstable , but even many otherwise normal Americans fearing for their nation’s future can want the man dead . In fact , almost one-third of Democrats surveyed expressed disappointment that Trump was not felled by the bullet that took the life of an innocent father of two . That is",men
when_everyone_is_hitler_no_one_is_hitler.txt_2834,142,142,"the architect of Barbarossa , The Holocaust , and other atrocities , it is easy to see how not just the mentally unstable , but even many otherwise normal Americans fearing for their nation’s future can want the man dead . In fact , almost one-third of Democrats surveyed expressed",disappointment,that Trump was not felled by the bullet that took the life of an innocent father of two . That is self-evidently disturbing .,men
when_everyone_is_hitler_no_one_is_hitler.txt_2834,144,144,"of Barbarossa , The Holocaust , and other atrocities , it is easy to see how not just the mentally unstable , but even many otherwise normal Americans fearing for their nation’s future can want the man dead . In fact , almost one-third of Democrats surveyed expressed disappointment that",Trump,was not felled by the bullet that took the life of an innocent father of two . That is self-evidently disturbing .,trump
when_everyone_is_hitler_no_one_is_hitler.txt_2835,4,4,But who is,Donald,"Trump really , when you strip away the bizarre , visceral hatred for the man ? As it turns out , he was a politician who was already President for 1,447 days . And the nation survived with its bedrock civil liberties well intact while the world was at relative",donald
when_everyone_is_hitler_no_one_is_hitler.txt_2835,5,5,But who is Donald,Trump,"really , when you strip away the bizarre , visceral hatred for the man ? As it turns out , he was a politician who was already President for 1,447 days . And the nation survived with its bedrock civil liberties well intact while the world was at relative peace",trump
when_everyone_is_hitler_no_one_is_hitler.txt_2837,14,14,"With that said , I have often wondered if those who somehow compare",Donald,"Trump ( or anyone really ) to Hitler have ever even heard of such nightmarish places as Auschwitz , Treblinka , Belsen , Sobibor , or Dachau . And these infamous death factories , run with the Nazis ’ knack for dispassionate efficiency , are just a handful of the",donald
when_everyone_is_hitler_no_one_is_hitler.txt_2837,15,15,"With that said , I have often wondered if those who somehow compare Donald",Trump,"( or anyone really ) to Hitler have ever even heard of such nightmarish places as Auschwitz , Treblinka , Belsen , Sobibor , or Dachau . And these infamous death factories , run with the Nazis ’ knack for dispassionate efficiency , are just a handful of the over",trump
when_everyone_is_hitler_no_one_is_hitler.txt_2838,15,15,As just one example of the atrocities about which I’ll guarantee you the “,Trump,"is Hitler ” crew are unaware , consider Babi Yar . In September 1941 as the Wehrmacht moved through the Ukraine , Hitler’s roving SS assassins called the Einsatzgruppen , along with elements of the regular German Sixth Army , sent out an order that all Jews in Kyiv were",trump
when_everyone_is_hitler_no_one_is_hitler.txt_2838,48,48,"As just one example of the atrocities about which I’ll guarantee you the “ Trump is Hitler ” crew are unaware , consider Babi Yar . In September 1941 as the Wehrmacht moved through the Ukraine , Hitler’s roving SS assassins called the Einsatzgruppen , along with",elements,"of the regular German Sixth Army , sent out an order that all Jews in Kyiv were to report for relocation . They were instructed to bring ID , money , and warm clothing . The unsuspecting Ukrainian Jews were ignorant of the Nazis ’ rabid anti-Semitism ; until the",men
when_everyone_is_hitler_no_one_is_hitler.txt_2838,140,140,"of the Nazis ’ rabid anti-Semitism ; until the invasion , Stalin had forbidden negative press re : Germany as part of the Molotov-Ribbentrop Non-Aggression Pact . Some 33,000 showed up and were subsequently ushered to the ravine of Babi Yar . Hitler’s executioners then systematically massacred them all …",men,", women , children , the latter of whom were often lined up and shot three at a time with one round to save ammunition . It has been said that before there was “ Shoah by gas ” , there was “ Shoah by bullets . ” And the",men
when_everyone_is_hitler_no_one_is_hitler.txt_2838,142,142,"Nazis ’ rabid anti-Semitism ; until the invasion , Stalin had forbidden negative press re : Germany as part of the Molotov-Ribbentrop Non-Aggression Pact . Some 33,000 showed up and were subsequently ushered to the ravine of Babi Yar . Hitler’s executioners then systematically massacred them all … men ,",women,", children , the latter of whom were often lined up and shot three at a time with one round to save ammunition . It has been said that before there was “ Shoah by gas ” , there was “ Shoah by bullets . ” And the Nazis were",men
when_everyone_is_hitler_no_one_is_hitler.txt_2839,11,11,"As for the broader Ukraine , Hitler and his Nazi",henchmen,"vowed to strip “ Europe’s breadbasket ” of its grain harvest which would be spirited away to the Reich . In what they unashamedly labeled “ der Hungerplan , ” Hitler gleefully expected that his edict would condemn some 30 million to die of slow starvation . The very well-fed",men
when_everyone_is_hitler_no_one_is_hitler.txt_2839,68,68,"” of its grain harvest which would be spirited away to the Reich . In what they unashamedly labeled “ der Hungerplan , ” Hitler gleefully expected that his edict would condemn some 30 million to die of slow starvation . The very well-fed Hermann Göring , echoing his Fuhrer’s",sentiments,", boasted that the population would have to “ eat Cossack saddles ! ”",men
when_everyone_is_hitler_no_one_is_hitler.txt_2841,86,86,"just how close to pure evil this man was . Indeed , for Europe , Hitler’s ascent to power , and the unfathomable suffering and devastation he unleashed upon the continent in his six-year rampage of gore , was , quite simply , the worst thing to happen since the",Black,Death .,black
when_everyone_is_hitler_no_one_is_hitler.txt_2842,12,12,"Yet , now we must endure the latest round of “",Trump,is Hitler ” from the Left that will try any and every approach to save Kamala Harris ’ sinking campaign .,trump
when_everyone_is_hitler_no_one_is_hitler.txt_2842,28,28,"Yet , now we must endure the latest round of “ Trump is Hitler ” from the Left that will try any and every approach to save",Kamala,Harris ’ sinking campaign .,kamala
when_everyone_is_hitler_no_one_is_hitler.txt_2842,29,29,"Yet , now we must endure the latest round of “ Trump is Hitler ” from the Left that will try any and every approach to save Kamala",Harris,’ sinking campaign .,harris
when_everyone_is_hitler_no_one_is_hitler.txt_2845,3,3,To compare,Donald,Trump to Adolf Hitler only serves to shamelessly insult and belittle the memory of the Nazis ’ tens of millions of victims . This is a truly grotesque tactic deployed at the eleventh hour to score cheap political points to salvage a campaign that is rapidly sinking under the weight,donald
when_everyone_is_hitler_no_one_is_hitler.txt_2845,4,4,To compare Donald,Trump,to Adolf Hitler only serves to shamelessly insult and belittle the memory of the Nazis ’ tens of millions of victims . This is a truly grotesque tactic deployed at the eleventh hour to score cheap political points to salvage a campaign that is rapidly sinking under the weight of,trump
when_everyone_is_hitler_no_one_is_hitler.txt_2845,60,60,"to shamelessly insult and belittle the memory of the Nazis ’ tens of millions of victims . This is a truly grotesque tactic deployed at the eleventh hour to score cheap political points to salvage a campaign that is rapidly sinking under the weight of its own candidate’s incompetence ,",mendacity,", and astounding vacuousness . When this campaign is over , no matter who wins , the Democrats will owe not just Trump , but Hitler’s victims , some still living , an apology .",men
when_everyone_is_hitler_no_one_is_hitler.txt_2845,83,83,"deployed at the eleventh hour to score cheap political points to salvage a campaign that is rapidly sinking under the weight of its own candidate’s incompetence , mendacity , and astounding vacuousness . When this campaign is over , no matter who wins , the Democrats will owe not just",Trump,", but Hitler’s victims , some still living , an apology .",trump
where_the_f_were_you_emhoff_says_kamala_berated_him_for_being_in_spin_class_when_biden_dropped_out.txt_2851,15,15,‘ Where The F * * * Were You ? ’ : Emhoff Says,Kamala,Berated Him For Being In Spin Class When Biden Dropped Out,kamala
where_the_f_were_you_emhoff_says_kamala_berated_him_for_being_in_spin_class_when_biden_dropped_out.txt_2858,19,19,"During a podcast appearance on Tuesday , Second Gentleman Doug Emhoff said that his wife , Vice President",Kamala,"Harris , berated him and cursed at him for being at a spin class when President Joe Biden dropped out of the election .",kamala
where_the_f_were_you_emhoff_says_kamala_berated_him_for_being_in_spin_class_when_biden_dropped_out.txt_2858,20,20,"During a podcast appearance on Tuesday , Second Gentleman Doug Emhoff said that his wife , Vice President Kamala",Harris,", berated him and cursed at him for being at a spin class when President Joe Biden dropped out of the election .",harris
where_the_f_were_you_emhoff_says_kamala_berated_him_for_being_in_spin_class_when_biden_dropped_out.txt_2859,31,31,"Emhoff , who reportedly hit an ex-girlfriend in the face , had an affair with a nanny and made her get an abortion , and allegedly favored young , attractive",women,"at work , made the comments against his wife on the Dan Le Batard Show .",men
where_the_f_were_you_emhoff_says_kamala_berated_him_for_being_in_spin_class_when_biden_dropped_out.txt_2859,37,37,"Emhoff , who reportedly hit an ex-girlfriend in the face , had an affair with a nanny and made her get an abortion , and allegedly favored young , attractive women at work , made the",comments,against his wife on the Dan Le Batard Show .,men
where_the_f_were_you_emhoff_says_kamala_berated_him_for_being_in_spin_class_when_biden_dropped_out.txt_2860,8,8,Le Batard told Emhoff that the Second,Gentlemen,"had previously said “ communication is key , ” but pointed out that Harris couldn’t communicate with her husband on the day Biden announced he would no longer seek re-election .",men
where_the_f_were_you_emhoff_says_kamala_berated_him_for_being_in_spin_class_when_biden_dropped_out.txt_2860,22,22,"Le Batard told Emhoff that the Second Gentlemen had previously said “ communication is key , ” but pointed out that",Harris,couldn’t communicate with her husband on the day Biden announced he would no longer seek re-election .,harris
where_the_f_were_you_emhoff_says_kamala_berated_him_for_being_in_spin_class_when_biden_dropped_out.txt_2864,46,46,"“ And I just ran into the car , and there was my phone literally like you could feel the steam , ” he continued . “ Seven or eight messages , all with , you know , ‘ Where are you ? ’ Call",Kamala,", call Kamala . And it was a one minute or less conversation , which started with , ‘ Where the f * * * were you ? I need you right now ’ and basically , ‘ Get to work . ’ And I did . ”",kamala
where_the_f_were_you_emhoff_says_kamala_berated_him_for_being_in_spin_class_when_biden_dropped_out.txt_2864,49,49,"“ And I just ran into the car , and there was my phone literally like you could feel the steam , ” he continued . “ Seven or eight messages , all with , you know , ‘ Where are you ? ’ Call Kamala , call",Kamala,". And it was a one minute or less conversation , which started with , ‘ Where the f * * * were you ? I need you right now ’ and basically , ‘ Get to work . ’ And I did . ”",kamala
where_the_f_were_you_emhoff_says_kamala_berated_him_for_being_in_spin_class_when_biden_dropped_out.txt_2865,8,8,NEW : Doug Emhoff says his wife,Kamala,cussed at him and told him to “ get to work ” when Joe Biden dropped out of the race because he was in a spin class .,kamala
where_the_f_were_you_emhoff_says_kamala_berated_him_for_being_in_spin_class_when_biden_dropped_out.txt_2870,26,26,"In August , a 2019 op-ed from Terry McAteer , a former Nevada County Superintendent of Schools in California , described his son’s experience in",Harris,"’ Attorney General office . Just one month in Harris ’ office traumatized the young man , who decided to leave and intern in then-Sen . Diane Feinstein’s office instead .",harris
where_the_f_were_you_emhoff_says_kamala_berated_him_for_being_in_spin_class_when_biden_dropped_out.txt_2870,36,36,"In August , a 2019 op-ed from Terry McAteer , a former Nevada County Superintendent of Schools in California , described his son’s experience in Harris ’ Attorney General office . Just one month in",Harris,"’ office traumatized the young man , who decided to leave and intern in then-Sen . Diane Feinstein’s office instead .",harris
where_the_f_were_you_emhoff_says_kamala_berated_him_for_being_in_spin_class_when_biden_dropped_out.txt_2871,4,4,McAteer asserted that,Harris,regularly dropped “ ‘ F-bombs ’ and other profanity constantly in her berating of staff and others . ” He said Harris ’ staff was “ in complete fear of her ” and were instructed to stand every morning when she entered the office and tell her : “ Good,harris
where_the_f_were_you_emhoff_says_kamala_berated_him_for_being_in_spin_class_when_biden_dropped_out.txt_2871,26,26,McAteer asserted that Harris regularly dropped “ ‘ F-bombs ’ and other profanity constantly in her berating of staff and others . ” He said,Harris,’ staff was “ in complete fear of her ” and were instructed to stand every morning when she entered the office and tell her : “ Good Morning General . ”,harris
where_the_f_were_you_emhoff_says_kamala_berated_him_for_being_in_spin_class_when_biden_dropped_out.txt_2872,3,3,McAteer said,Harris,never introduced herself to his son and other staff were too afraid of her to introduce him . His son’s only acknowledgement from Harris came in a form letter signed by Harris given to him on his last day in the office . The son was also instructed never to,harris
where_the_f_were_you_emhoff_says_kamala_berated_him_for_being_in_spin_class_when_biden_dropped_out.txt_2872,25,25,McAteer said Harris never introduced herself to his son and other staff were too afraid of her to introduce him . His son’s only,acknowledgement,from Harris came in a form letter signed by Harris given to him on his last day in the office . The son was also instructed never to speak to Harris or look in her eyes – “ as that privilege was only allowed to senior staff members . ”,men
where_the_f_were_you_emhoff_says_kamala_berated_him_for_being_in_spin_class_when_biden_dropped_out.txt_2872,27,27,McAteer said Harris never introduced herself to his son and other staff were too afraid of her to introduce him . His son’s only acknowledgement from,Harris,came in a form letter signed by Harris given to him on his last day in the office . The son was also instructed never to speak to Harris or look in her eyes – “ as that privilege was only allowed to senior staff members . ”,harris
where_the_f_were_you_emhoff_says_kamala_berated_him_for_being_in_spin_class_when_biden_dropped_out.txt_2872,35,35,McAteer said Harris never introduced herself to his son and other staff were too afraid of her to introduce him . His son’s only acknowledgement from Harris came in a form letter signed by,Harris,given to him on his last day in the office . The son was also instructed never to speak to Harris or look in her eyes – “ as that privilege was only allowed to senior staff members . ”,harris
where_the_f_were_you_emhoff_says_kamala_berated_him_for_being_in_spin_class_when_biden_dropped_out.txt_2872,56,56,herself to his son and other staff were too afraid of her to introduce him . His son’s only acknowledgement from Harris came in a form letter signed by Harris given to him on his last day in the office . The son was also instructed never to speak to,Harris,or look in her eyes – “ as that privilege was only allowed to senior staff members . ”,harris
where_the_f_were_you_emhoff_says_kamala_berated_him_for_being_in_spin_class_when_biden_dropped_out.txt_2874,26,26,"“ During my first marriage , Kerstin and I went through some tough times on account of my actions , ” Emhoff said in a",statement,"following the original report from The Daily Mail . “ I took responsibility , and in the years since , we worked through things as a family and have come out stronger on the other side . ”",men
where_the_f_were_you_emhoff_says_kamala_berated_him_for_being_in_spin_class_when_biden_dropped_out.txt_2877,10,10,Former colleagues have also accused Emhoff of favoring attractive,women,"in the workplace and punishing those who wouldn’t flirt with him , The Daily Wire reported .",men
why_kamala_harris_is_a_perfect_poster_child_for_whats_wrong_with_dei.txt_2883,2,2,Why,Kamala,Harris Is A Perfect Poster Child For What’s Wrong With DEI,kamala
why_kamala_harris_is_a_perfect_poster_child_for_whats_wrong_with_dei.txt_2883,3,3,Why Kamala,Harris,Is A Perfect Poster Child For What’s Wrong With DEI,harris
why_kamala_harris_is_a_perfect_poster_child_for_whats_wrong_with_dei.txt_2889,2,2,If,Kamala,"Harris in all her incompetent radicalism were to gain authority over an already out-of-control bureaucracy , we would be in greater danger .",kamala
why_kamala_harris_is_a_perfect_poster_child_for_whats_wrong_with_dei.txt_2889,3,3,If Kamala,Harris,"in all her incompetent radicalism were to gain authority over an already out-of-control bureaucracy , we would be in greater danger .",harris
why_kamala_harris_is_a_perfect_poster_child_for_whats_wrong_with_dei.txt_2891,6,6,It’s for those reasons that,Kamala,"Harris , the Democratic Party’s presidential nominee , has replaced former Harvard University President Claudine Gay as my poster child for the “ adversity of diversity . ” Let me elaborate .",kamala
why_kamala_harris_is_a_perfect_poster_child_for_whats_wrong_with_dei.txt_2891,7,7,It’s for those reasons that Kamala,Harris,", the Democratic Party’s presidential nominee , has replaced former Harvard University President Claudine Gay as my poster child for the “ adversity of diversity . ” Let me elaborate .",harris
why_kamala_harris_is_a_perfect_poster_child_for_whats_wrong_with_dei.txt_2893,28,28,Fast forward to this year . Who would have imagined that the presidency of the United States would be on the DEI line ? The selection-sans-election of,Kamala,"Harris makes it clear that , as always , all qualifications and standards go out the window when DEI enters the picture .",kamala
why_kamala_harris_is_a_perfect_poster_child_for_whats_wrong_with_dei.txt_2893,29,29,Fast forward to this year . Who would have imagined that the presidency of the United States would be on the DEI line ? The selection-sans-election of Kamala,Harris,"makes it clear that , as always , all qualifications and standards go out the window when DEI enters the picture .",harris
why_kamala_harris_is_a_perfect_poster_child_for_whats_wrong_with_dei.txt_2894,63,63,"that manifests itself in the belief that holding racial and ethnic minorities to the same standards as white people means that you will have lily-white institutions and corridors of power , because no minority could possibly meet meritorious standards . To prove their point , adherents of the belief ignore",black,"talent while seeking out mediocre blacks of high pedigree . The Claudine Gays , Ibram X Kendis , and the Kamala Harrises of the world are elevated and lauded . White racism rejects integration , equal opportunity , and fair play . Instead , it insists on group inclusion rather",black
why_kamala_harris_is_a_perfect_poster_child_for_whats_wrong_with_dei.txt_2894,69,69,"that holding racial and ethnic minorities to the same standards as white people means that you will have lily-white institutions and corridors of power , because no minority could possibly meet meritorious standards . To prove their point , adherents of the belief ignore black talent while seeking out mediocre",blacks,"of high pedigree . The Claudine Gays , Ibram X Kendis , and the Kamala Harrises of the world are elevated and lauded . White racism rejects integration , equal opportunity , and fair play . Instead , it insists on group inclusion rather than individual merit . Outcomes are",black
why_kamala_harris_is_a_perfect_poster_child_for_whats_wrong_with_dei.txt_2894,84,84,"you will have lily-white institutions and corridors of power , because no minority could possibly meet meritorious standards . To prove their point , adherents of the belief ignore black talent while seeking out mediocre blacks of high pedigree . The Claudine Gays , Ibram X Kendis , and the",Kamala,"Harrises of the world are elevated and lauded . White racism rejects integration , equal opportunity , and fair play . Instead , it insists on group inclusion rather than individual merit . Outcomes are fixed if you have the approval of the “ right ” white elites .",kamala
why_kamala_harris_is_a_perfect_poster_child_for_whats_wrong_with_dei.txt_2894,85,85,"will have lily-white institutions and corridors of power , because no minority could possibly meet meritorious standards . To prove their point , adherents of the belief ignore black talent while seeking out mediocre blacks of high pedigree . The Claudine Gays , Ibram X Kendis , and the Kamala",Harrises,"of the world are elevated and lauded . White racism rejects integration , equal opportunity , and fair play . Instead , it insists on group inclusion rather than individual merit . Outcomes are fixed if you have the approval of the “ right ” white elites .",harris
why_kamala_harris_is_a_perfect_poster_child_for_whats_wrong_with_dei.txt_2895,2,2,For,Harris,", the die was cast when presidential candidate Joe Biden announced that his vice president would be a woman . This automatically restricted the pool of qualified candidates . It didn’t take long before thousands of influential black women organized a pressure campaign for the nominee to be a black",harris
why_kamala_harris_is_a_perfect_poster_child_for_whats_wrong_with_dei.txt_2895,40,40,"For Harris , the die was cast when presidential candidate Joe Biden announced that his vice president would be a woman . This automatically restricted the pool of qualified candidates . It didn’t take long before thousands of influential",black,"women organized a pressure campaign for the nominee to be a black woman . White women dutifully stepped back . Eventually , the top contenders were whittled down to former Georgia state representative Stacy Abrams and former U.S . California Senator Kamala Harris . It was a beauty contest between",black
why_kamala_harris_is_a_perfect_poster_child_for_whats_wrong_with_dei.txt_2895,41,41,"For Harris , the die was cast when presidential candidate Joe Biden announced that his vice president would be a woman . This automatically restricted the pool of qualified candidates . It didn’t take long before thousands of influential black",women,"organized a pressure campaign for the nominee to be a black woman . White women dutifully stepped back . Eventually , the top contenders were whittled down to former Georgia state representative Stacy Abrams and former U.S . California Senator Kamala Harris . It was a beauty contest between Titans",men
why_kamala_harris_is_a_perfect_poster_child_for_whats_wrong_with_dei.txt_2895,52,52,"Harris , the die was cast when presidential candidate Joe Biden announced that his vice president would be a woman . This automatically restricted the pool of qualified candidates . It didn’t take long before thousands of influential black women organized a pressure campaign for the nominee to be a",black,"woman . White women dutifully stepped back . Eventually , the top contenders were whittled down to former Georgia state representative Stacy Abrams and former U.S . California Senator Kamala Harris . It was a beauty contest between Titans that Harris won . Clearly , her credentials and connections outshone",black
why_kamala_harris_is_a_perfect_poster_child_for_whats_wrong_with_dei.txt_2895,56,56,was cast when presidential candidate Joe Biden announced that his vice president would be a woman . This automatically restricted the pool of qualified candidates . It didn’t take long before thousands of influential black women organized a pressure campaign for the nominee to be a black woman . White,women,"dutifully stepped back . Eventually , the top contenders were whittled down to former Georgia state representative Stacy Abrams and former U.S . California Senator Kamala Harris . It was a beauty contest between Titans that Harris won . Clearly , her credentials and connections outshone and overshadowed Abrams .",men
why_kamala_harris_is_a_perfect_poster_child_for_whats_wrong_with_dei.txt_2895,82,82,"It didn’t take long before thousands of influential black women organized a pressure campaign for the nominee to be a black woman . White women dutifully stepped back . Eventually , the top contenders were whittled down to former Georgia state representative Stacy Abrams and former U.S . California Senator",Kamala,"Harris . It was a beauty contest between Titans that Harris won . Clearly , her credentials and connections outshone and overshadowed Abrams .",kamala
why_kamala_harris_is_a_perfect_poster_child_for_whats_wrong_with_dei.txt_2895,83,83,"didn’t take long before thousands of influential black women organized a pressure campaign for the nominee to be a black woman . White women dutifully stepped back . Eventually , the top contenders were whittled down to former Georgia state representative Stacy Abrams and former U.S . California Senator Kamala",Harris,". It was a beauty contest between Titans that Harris won . Clearly , her credentials and connections outshone and overshadowed Abrams .",harris
why_kamala_harris_is_a_perfect_poster_child_for_whats_wrong_with_dei.txt_2895,93,93,"a pressure campaign for the nominee to be a black woman . White women dutifully stepped back . Eventually , the top contenders were whittled down to former Georgia state representative Stacy Abrams and former U.S . California Senator Kamala Harris . It was a beauty contest between Titans that",Harris,"won . Clearly , her credentials and connections outshone and overshadowed Abrams .",harris
why_kamala_harris_is_a_perfect_poster_child_for_whats_wrong_with_dei.txt_2897,7,7,When we look at the life,accomplishments,"of Kamala Harris , there is nothing that jumps out at us that would make a reasonable person see presidential or even vice presidential material . She has no real accomplishments to date . What has Harris done that would make anyone believe she is qualified to become the leader",men
why_kamala_harris_is_a_perfect_poster_child_for_whats_wrong_with_dei.txt_2897,9,9,When we look at the life accomplishments of,Kamala,"Harris , there is nothing that jumps out at us that would make a reasonable person see presidential or even vice presidential material . She has no real accomplishments to date . What has Harris done that would make anyone believe she is qualified to become the leader of the",kamala
why_kamala_harris_is_a_perfect_poster_child_for_whats_wrong_with_dei.txt_2897,10,10,When we look at the life accomplishments of Kamala,Harris,", there is nothing that jumps out at us that would make a reasonable person see presidential or even vice presidential material . She has no real accomplishments to date . What has Harris done that would make anyone believe she is qualified to become the leader of the free",harris
why_kamala_harris_is_a_perfect_poster_child_for_whats_wrong_with_dei.txt_2897,38,38,"When we look at the life accomplishments of Kamala Harris , there is nothing that jumps out at us that would make a reasonable person see presidential or even vice presidential material . She has no real",accomplishments,to date . What has Harris done that would make anyone believe she is qualified to become the leader of the free world ?,men
why_kamala_harris_is_a_perfect_poster_child_for_whats_wrong_with_dei.txt_2897,44,44,"When we look at the life accomplishments of Kamala Harris , there is nothing that jumps out at us that would make a reasonable person see presidential or even vice presidential material . She has no real accomplishments to date . What has",Harris,done that would make anyone believe she is qualified to become the leader of the free world ?,harris
why_kamala_harris_is_a_perfect_poster_child_for_whats_wrong_with_dei.txt_2898,1,1,,Kamala,"has been given numerous opportunities to demonstrate hidden talents and flashes of brilliance . She has failed every time . Every debate , every unmerited rise to power , every highly-publicized stop along her career path from being Willie Brown’s girlfriend to elective office in California — it all has",kamala
why_kamala_harris_is_a_perfect_poster_child_for_whats_wrong_with_dei.txt_2899,2,2,If,Kamala,"Harris in all her incompetent radicalism were to gain authority over an already out-of-control bureaucracy , we would be in greater danger .",kamala
why_kamala_harris_is_a_perfect_poster_child_for_whats_wrong_with_dei.txt_2899,3,3,If Kamala,Harris,"in all her incompetent radicalism were to gain authority over an already out-of-control bureaucracy , we would be in greater danger .",harris
why_kamala_harris_is_a_perfect_poster_child_for_whats_wrong_with_dei.txt_2900,47,47,Our nation is on the edge of a free-fall . The last thing we need is an unintellectual coward who lacks the vision necessary to strengthen and restore America at the helm . Her leadership skills are reflected in her history of hemorrhaging staff and the,momentous,"decision to choose former Minnesota Governor Tim Walz , an admitted knucklehead , as her vice-president .",men
why_kamala_harris_is_a_perfect_poster_child_for_whats_wrong_with_dei.txt_2901,1,1,,Kamala,"can’t even see the damage she and Joe did over the last four years . A Center Square Poll ( July 2024 ) found that two-thirds of Americans believe the country is headed in the wrong direction . And yet , when asked by two different interviewers ( Fox News",kamala
why_kamala_harris_is_a_perfect_poster_child_for_whats_wrong_with_dei.txt_2901,70,70,"Poll ( July 2024 ) found that two-thirds of Americans believe the country is headed in the wrong direction . And yet , when asked by two different interviewers ( Fox News ’ Bret Baier and The View’s Sunny Hostin ) whether as president she would do anything different ,",Harris,responded to Hostin : “ There is not a thing that comes to mind in terms of — and I’ve been a part of — of the decisions that have had impact . ”,harris
why_kamala_harris_is_a_perfect_poster_child_for_whats_wrong_with_dei.txt_2902,6,6,This disconnect confuses me .,Kamala,could be justifying her work based on the many mainstream media polls that claim her and Donald J . Trump are neck-and-neck among voters . While I tend to believe the outcomes of non-mainstream polls like the one conducted by Center Square are more accurate — judging by the sentiments,kamala
why_kamala_harris_is_a_perfect_poster_child_for_whats_wrong_with_dei.txt_2902,23,23,This disconnect confuses me . Kamala could be justifying her work based on the many mainstream media polls that claim her and,Donald,J . Trump are neck-and-neck among voters . While I tend to believe the outcomes of non-mainstream polls like the one conducted by Center Square are more accurate — judging by the sentiments of average Americans reflecting on their ever-rising cost of living — it may be that the mainstream,donald
why_kamala_harris_is_a_perfect_poster_child_for_whats_wrong_with_dei.txt_2902,26,26,This disconnect confuses me . Kamala could be justifying her work based on the many mainstream media polls that claim her and Donald J .,Trump,are neck-and-neck among voters . While I tend to believe the outcomes of non-mainstream polls like the one conducted by Center Square are more accurate — judging by the sentiments of average Americans reflecting on their ever-rising cost of living — it may be that the mainstream media polls are,trump
why_kamala_harris_is_a_perfect_poster_child_for_whats_wrong_with_dei.txt_2902,56,56,Kamala could be justifying her work based on the many mainstream media polls that claim her and Donald J . Trump are neck-and-neck among voters . While I tend to believe the outcomes of non-mainstream polls like the one conducted by Center Square are more accurate — judging by the,sentiments,of average Americans reflecting on their ever-rising cost of living — it may be that the mainstream media polls are also accurate .,men
