Unnamed: 0,url,title,snippet,date
1,https://www.breitbart.com/politics/2024/08/06/kamala-harriss-vice-president-pick-gov-tim-walz-facing-stolen-valor-accusation/,Kamala Harris's VP Pick Tim Walz Facing Stolen Valor Accusation,"Aug 6, 2024 ... Minnesota Gov. Tim Walz (D) — the vice presidential candidate pick of Democrat presidential nominee Vice President Kamala Harris — has listed on his official ...",2024-08-06
2,https://www.breitbart.com/politics/2024/08/07/walz-flees-when-confronted-with-stolen-valor-accusations/,Tim Walz Flees Reporters When Confronted with Stolen Valor ...,"Aug 7, 2024 ... Walz and Vice President Kamala Harris were wrapping a brief address – during which Harris praised Walz's record – to a small crowd from a Wisconsin tarmac ...",2024-08-07
3,https://www.breitbart.com/politics/2024/08/03/kamala-harris-husband-doug-emhoff-reportedly-cheated-first-wife-nanny-got-her-pregnant/,"Kamala Harris's Husband, Doug Emhoff, Reportedly Cheated on ...","Aug 3, 2024 ... Second gentleman Doug Emhoff, the husband of Vice President Kamala Harris, reportedly cheated on his first wife, film producer Kerstin Emhoff, with their nanny ...",2024-08-03
4,https://www.breitbart.com/2024-election/2024/08/06/past-dui-arrest-continues-to-hound-tim-walz-after-conflicting-claims/,Past DUI Arrest Continues to Hound Tim Walz After Conflicting Claims,"Aug 6, 2024 ... Minnesota Gov. Tim Walz (D), who emerged Tuesday as Vice President Kamala Harris's running mate, will likely face new scrutiny over a 1995 DUI arrest.",2024-08-06
5,https://www.breitbart.com/2024-election/2024/08/02/book-joe-biden-repeatedly-trashed-kamala-harris-as-inauthentic-in-2020/,BOOK: Joe Biden 'Repeatedly' Trashed Kamala Harris as ...,"Aug 2, 2024 ... Joe Biden reportedly ""privately"" and ""repeatedly"" questioned the authenticity of Kamala Harris during the 2020 campaign.",2024-08-02
6,https://www.breitbart.com/politics/2024/08/10/curious-case-media-failure-secure-interview-kamala-harris/,The Curious Case of the Media's Failure to Secure an Interview with ...,"Aug 10, 2024 ... The media timidly began to report this week on the lack of unscripted interviews with Kamala Harris since she became her party's nominee.",2024-08-10
7,https://www.breitbart.com/entertainment/2024/08/02/watch-actress-amanda-seales-unloads-on-phony-disingenuous-kamala-harris/,"Watch: Actress Amanda Seales Unloads on Phony, 'Disingenuous ...","Aug 2, 2024 ... A prominent black actor-comedian, known for her role on the HBO series Insecure, has revealed she once told Kamala Harris that she comes off as “disingenuous.”",2024-08-02
8,https://www.breitbart.com/national-security/2024/08/09/ukrainian-state-media-cheerlead-for-tim-walz-stolen-valor-accusations/,Ukrainian State Media Cheerlead for Tim Walz amid Stolen Valor ...,"Aug 9, 2024 ... ... Kamala Harris's running mate. Ukrinform's article was built around an interview with Luda Anastazievsky, who chairs the Ukrainian American Advocacy ...",2024-08-09
9,https://www.breitbart.com/the-media/2024/08/07/nolte-biden-2-0-media-now-covering-up-kamalas-incompetence/,Nolte: Biden 2.0—Media Now Covering Up Kamala's Incompetence,"Aug 7, 2024 ... Democrat presidential nominee Kamala Harris is scared to answer questions from the media. But the real scandal is this.",2024-08-07
10,https://www.breitbart.com/border/2024/08/06/biden-harris-expand-cbp-one-app-makes-it-easier-for-migrants-to-enter-u-s/,Biden-Harris Admin Expands CBP One App -- Easier for Migrants to ...,"Aug 6, 2024 ... Alejandro Mayorkas · Biden border crisis · Biden-Harris · CBP One · House Judiciary Committee · illegal immigration · Kamala Harris · U.S. Customs and Border ...",2024-08-06
11,https://www.breitbart.com/politics/2024/08/06/kamala-harris-tim-walz-push-ar-15-ban-in-first-joint-campaign-appearance/,"Kamala Harris, Tim Walz Push AR-15 Ban in First Joint Campaign ...","Aug 6, 2024 ... In their first joint campaign appearance, Kamala Harris and Tim Walz pushed a ban on AR-15s and other guns Democrats label ""assault weapons.""",2024-08-06
12,https://www.breitbart.com/entertainment/2024/08/09/fact-check-author-stephen-king-spreads-lie-claiming-trump-didnt-want-to-be-photographed-with-amputee-veterans/,Fact Check: Author Stephen King Spreads Lie Claiming Trump Didn ...,"Aug 9, 2024 ... Bestselling novelist, Hollywood producer, and Kamala Harris supporter Stephen King has spread an easily disprovable lie claiming that then-President Donald ...",2024-08-09
13,https://www.breitbart.com/politics/2024/08/08/exclusive-rnc-chair-michael-whatley-tim-walz-owns-minnesota-burning-ground/,RNC Chair Michael Whatley: Tim Walz Owns 'Minnesota Burning to ...,"Aug 8, 2024 ... ... Kamala Harris's running mate. This happened despite the fact, he said, that President Trump called him and offered to send the National Guard, calling out ...",2024-08-08
14,https://www.breitbart.com/entertainment/2024/08/06/rapoport-josh-shapiro-un-jewed-himself-publicly-and-still-didnt-get-picked/,Michael Rapaport: 'Josh Shapiro Un-Jewed Himself Publicly and ...,"Aug 6, 2024 ... Actor Michael Rapaport reacted Tuesday to Vice President Kamala Harris's choice of Minnesota Gov. Tim Walz as her running mate by mocking rival contender ...",2024-08-06
15,https://www.breitbart.com/politics/2024/08/06/exclusive-lara-trump-on-tim-walz-bernie-sanders-has-been-a-champion-of-his/,Exclusive — Lara Trump on Tim Walz: 'Bernie Sanders Has Been a ...,"Aug 6, 2024 ... Sen. Bernie Sanders has been a ""champion"" of Minnesota Gov. Tim Walz, Vice President Kamala Harris's running mate, Lara Trump said.",2024-08-06
16,https://www.breitbart.com/clips/2024/08/08/nyts-mara-gay-harris-campaign-is-a-pro-democracy-movement-spreading-like-wildfire/,NYT's Mara Gay: Harris Campaign Is a Pro-Democracy Movement ...,"Aug 8, 2024 ... New York Times writer Mara Gay said Thursday on MSNBC's ""Deadline"" that the presidential campaign of Vice President Kamala Harris has become a | Clips.",2024-08-08
17,https://www.breitbart.com/politics/2024/08/02/potential-vp-pick-shapiro-under-fire-for-anti-palestinian-op-ed-in-1993/,Potential VP Pick Shapiro Under Fire for Anti-Palestinian Op-ed in ...,"Aug 2, 2024 ... Josh Shapiro (D), who is considered a likely contender to be Vice President Kamala Harris's running mate, is facing criticism from left-wing Democrats over ...",2024-08-02
18,https://www.breitbart.com/politics/2024/08/10/exclusive-jason-trennert-warns-of-second-wave-of-inflation-unless-donald-trump-is-reelected/,Exclusive: Jason Trennert Warns of 'Second Wave of Inflation ...,"Aug 10, 2024 ... Jason Trennert, the CEO of Strategas Research Partners, warned of a ""second wave of inflation"" in 2025 unless Donald Trump is reelected.",2024-08-10
19,https://www.breitbart.com/politics/2024/08/07/tom-cotton-tim-walz-let-his-troops-go-to-war-without-him/,Tom Cotton: Tim Walz 'Let His Troops Go to War Without Him',"Aug 7, 2024 ... ... Kamala Harris · Minnesota National Guard · stolen valor · Tim Walz · Tom Cotton. COMMENTS. Please let us know if you're having issues with commenting. SOCIAL ...",2024-08-07
20,https://www.breitbart.com/politics/2024/08/07/tim-walz-described-trumps-ban-on-transgender-troops-as-wrong/,Tim Walz Described Trump's Ban on Transgender Troops as 'Wrong',"Aug 7, 2024 ... Vice President Kamala Harris announced on Tuesday that Walz was her pick for vice president. “Before I was the governor of this great state, I was a high ...",2024-08-07
21,https://www.breitbart.com/politics/2024/08/01/rapper-waka-flocka-flame-trump-still-my-president/,Rapper Waka Flocka Flame: 'Trump Still My President',"Aug 1, 2024 ... The news media also distorted Trump's comments about Kamala Harris after Trump accurately said Kamala used to promote herself as solely Indian and only later ...",2024-08-01
22,https://www.breitbart.com/entertainment/2024/08/01/report-pete-davidson-checks-into-facility-for-mental-health/,Report: Pete Davidson Checks into Facility for Mental Health,"Aug 1, 2024 ... Report: Democrats Skeptical About Kamala Harris 2028 Presidential Run ...",2024-08-01
23,https://www.breitbart.com/politics/2024/08/09/beetlejuice-star-jenna-ortega-hollywood-lost-its-humanity-integrity-because-everyone-wants-to-be-politically-correct/,'Beetlejuice' Star Jenna Ortega: Hollywood Lost Its 'Humanity ...,"Aug 9, 2024 ... Poll: Kamala Harris Leads Democrat 2028 Presidential Field · 'Catastrophic' Transformer Fire Closes ...",2024-08-09
1,https://www.breitbart.com/politics/2024/08/13/report-kamala-harriss-muslim-liaison-has-radical-views-battled-jewish-students/,"Report: Kamala Harris's Muslim Liaison Has Radical Views, Battled ...","Aug 13, 2024 ... Kamala Harris has named Nasrina Bargzie as her liaison to Muslim and Arab voters, despite a record battling pro-Israel and Jewish students.",2024-08-13
2,https://www.breitbart.com/politics/2024/08/19/kamala-harris-hires-disgraced-russia-hoaxer-marc-elias-for-election-legal-team/,Kamala Harris Hires Disgraced Russia Hoaxer Marc Elias for ...,"Aug 19, 2024 ... Vice President Kamala Harris has hired disgraced ""Russia collusion"" hoaxer Marc Elias to help lead her massive team of election lawyers.",2024-08-19
3,https://www.breitbart.com/politics/2024/08/14/what-you-hiding-for-stephen-a-smith-criticizes-kamala-harris-for-dodging-questions/,'What You Hiding For?': Stephen A. Smith Criticizes Kamala Harris ...,"Aug 14, 2024 ... Sports media personality Stephen A. Smith said Tuesday on his podcast ""The Stephen A. Smith Show"" that Vice President Kamala Harris should answer questions ...",2024-08-14
4,https://www.breitbart.com/politics/2024/08/17/cnns-wapos-rampell-harris-backed-off-her-own-campaigns-rhetoric-on-gouging/,"CNN's, WaPo's Rampell: Harris Backed Off Her Own Campaign's ...","Aug 17, 2024 ... ... Kamala Harris' economic policy speech was different from the materials her campaign put out on her “price gouging” proposal. Rampell said, “It was ...",2024-08-17
5,https://www.breitbart.com/asia/2024/08/14/peter-schweizer-democrat-vp-pick-tim-walz-tied-chinese-secret-police-stations-kidnap-ccp-critics/,Peter Schweizer: Tim Walz Tied to Chinese 'Secret Police Stations ...,"Aug 14, 2024 ... The New York Times bestselling author claimed that Walz, who was announced as Vice President Kamala Harris's running mate on August 6, is connected to CCP ...",2024-08-14
6,https://www.breitbart.com/politics/2024/08/12/van-jones-harris-is-getting-more-attention-doesnt-need-to-talk-to-press-right-now/,"Van Jones: Harris Is Getting More Attention, Doesn't Need to Talk to ...","Aug 12, 2024 ... Jones began by saying that 2024 Republican presidential candidate former President Donald Trump is “not getting as much attention as Kamala Harris.” He added ...",2024-08-12
7,https://www.breitbart.com/sports/2024/08/16/michele-tafoya-blasts-mina-kimes-for-gushing-over-tim-walzs-masculinity/,Michele Tafoya Blasts Mina Kimes for Gushing Over Tim Walz's ...,"Aug 16, 2024 ... Michele Tafoya blasted ESPN's Mina Kimes for celebrating Kamala Harris VP pick Tim Walz for his particular type of ""masculinity.""",2024-08-16
8,https://www.breitbart.com/politics/2024/08/16/she-doesnt-know-what-a-woman-is-cnn-panel-has-meltdown-over-nancy-mace-criticism-of-kamala/,'She Doesn't Know What a Woman Is': CNN Panel Has Meltdown ...,"Aug 16, 2024 ... ... Eric Dyson and Rep. Nancy Mace (R-SC) had a heated back-and-forth exchange about Vice President Kamala Harris. | Clips.",2024-08-16
9,https://www.breitbart.com/politics/2024/08/18/lindsey-graham-donald-trump-the-provocateur-the-showman-may-not-win-this-election/,"Lindsey Graham: 'Donald Trump the Provocateur, the Showman ...","Aug 18, 2024 ... ... 2024 election to Vice President Kamala Harris if he makes personal attacks the center of his campaign. | Clips.",2024-08-18
10,https://www.breitbart.com/politics/2024/08/13/report-immigrants-gaining-u-s-citizenship-at-fastest-rate-in-a-decade/,'Reshaping the Electorate': Biden-Harris Admin Granting Citizenship ...,"Aug 13, 2024 ... ... on Twitter: or e-mail to: skent@breitbart.com. 2024 Election · Immigration · Politics · 2024 Presidential Election · Donald Trump · Kamala Harris · U.S. ...",2024-08-13
11,https://www.breitbart.com/politics/2024/08/13/report-immigrants-gaining-u-s-citizenship-at-fastest-rate-in-a-decade/,'Reshaping the Electorate': Biden-Harris Admin Granting Citizenship ...,"Aug 13, 2024 ... ... on Twitter: or e-mail to: skent@breitbart.com. 2024 Election · Immigration · Politics · 2024 Presidential Election · Donald Trump · Kamala Harris · U.S. ...",2024-08-13
12,https://www.breitbart.com/tag/masks/,masks Articles - Breitbart,"Aug 12, 2024 ... Hannah Knudsen. 12 Aug 2024, 10:34 AM PDT. Democratic presidential nominee Vice President Kamala Harris and ...",2024-08-12
13,https://www.breitbart.com/clips/2024/08/13/carville-the-range-we-are-in-now-chance-that-harris-wins-by-five/,Carville: The Range We Are In Now 'Chance that Harris Wins By Five',"Aug 13, 2024 ... ... Kamala Harris wins the election in November by five points than former President Donald Trump has a slim victory. Carville said, “We're looking at a ...",2024-08-13
14,https://www.breitbart.com/radio/2024/08/20/exclusive-sen-marsha-blackburn-key-to-winning-in-november-is-to-compare-historic-inflation-under-kamala-harris-to-trump-tax-cuts/,Exclusive--Sen. Marsha Blackburn Lays Out the Key to Winning in ...,"Aug 20, 2024 ... Exclusive — Sen. Marsha Blackburn: Key to Winning in November Is to 'Compare' Historic Inflation Under Kamala Harris to Trump Tax Cuts.",2024-08-20
15,https://www.breitbart.com/politics/2024/08/20/byron-donalds-media-hyped-joy-and-vibes-around-harris-a-cover-up-for-disastrous-policies/,Donalds: 'Joy' Around Harris-Walz Ticket 'Cover-Up' for Disastrous ...,"Aug 20, 2024 ... “They knifed Joe Biden, he's out, and now you have a situation where they're trying to rebrand Kamala Harris because she's been one of the more unlikable ...",2024-08-20
16,https://www.breitbart.com/author/alexander-marlow/,"Alexander Marlow, Author at Breitbart","Aug 15, 2024 ... Exclusive — Donald Trump: Kamala Harris Will Not Sit with Any Real Journalists, Only 'a Soft Democrat Interview'.",2024-08-15
17,https://www.breitbart.com/asia/2024/08/19/tim-walz-praised-chinese-communism-students-everyone-is-the-same-everyone-shares/,Tim Walz Praised Chinese Communism to Students: 'Everyone Is ...,"Aug 19, 2024 ... Vice President Kamala Harris's running mate, Minnesota Gov. Tim Walz (D), promoted Chinese-style communism to his high school students in the 1990s, telling ...",2024-08-19
18,https://www.breitbart.com/politics/2024/08/13/watch-colbert-audience-laughs-when-he-calls-cnn-an-objective-news-outlet/,Watch: 'Colbert' Audience Laughs When He Calls CNN an 'Objective ...,"Aug 13, 2024 ... ... Kamala Harris on the campaign trail. “Trump has kind of been thrown on his heels by this, and he's not really sure how to go after Vice President Harris ...",2024-08-13
19,https://www.breitbart.com/entertainment/2024/08/15/nolte-blacklisting-blacklisters-at-hollywood-reporter-blacklist-veteran-film-blogger-sasha-stone/,Nolte: Blacklisting Blacklisters at Hollywood Reporter Blacklist ...,"Aug 15, 2024 ... [W]hen I saw [a] … “white men for Kamala Harris” [announcement] I could not help but note the irony and hilarity of a whites-only fundraiser…. So I made the ...",2024-08-15
20,https://www.breitbart.com/tag/trucking/,trucking Articles - Breitbart,"Aug 17, 2024 ... Small business owners in the trucking industry are “concerned about Kamala Harris' impact” regarding increased regulations and costs, a major Chicago-based ...",2024-08-17
1,https://www.breitbart.com/entertainment/2024/08/31/real-embarrassing-sopranos-actor-michael-imperioli-ripped-for-gushing-over-photo-of-young-kamala-harris/,'Real Embarrassing': 'Sopranos' Actor Michael Imperioli Ripped for ...,"Aug 31, 2024 ... Sopranos star Michael Imperioli apparently received backlash online after sharing and gushing over a photo of a young Kamala Harris.",2024-08-31
2,https://www.breitbart.com/politics/2024/08/27/left-wing-salon-attacks-maga-over-refusal-to-admit-ella-emhoff-is-cute-unapologetic-misogyny/,Salon Mag Rips MAGA 'Misogyny' for Refusal to Admit Ella Emhoff Is ...,"Aug 27, 2024 ... MAGA attacks on Kamala Harris's stepdaughter stem from “unapologetic misogyny” and “toxic masculinity”according to a left-wing Salon piece.",2024-08-27
3,https://www.breitbart.com/entertainment/2024/08/30/netflixs-kaos-star-rakie-ayola-id-vote-for-jill-stein-over-kamala-harris/,Netflix's 'Kaos' Star Rakie Ayola: I'd Vote for Jill Stein over Kamala ...,"Aug 30, 2024 ... Netflix's ""Kaos"" star Rakie Ayola said that while she hopes Vice President Kamala Harris wins the 2024 presidential election against former President Donald ...",2024-08-30
4,https://www.breitbart.com/politics/2024/08/22/source-republican-rep-lori-chavez-deremers-policy-staffer-attends-dnc-cheers-obama/,Republican Rep. Lori Chavez-DeRemer's Policy Staffer Attends ...,"Aug 22, 2024 ... ... National Convention where thousands cheered Vice President Kamala Harris in her effort to defeat Donald Trump.",2024-08-22
5,https://www.breitbart.com/economy/2024/08/27/rent-up-22-in-kamala-harriss-america/,Rent Spikes up 22% in Kamala Harris's America,"Aug 27, 2024 ... Vice President Kamala Harris has been leading the country alongside President Joe Biden for three and a half years, but while their party is attempting to ...",2024-08-27
6,https://www.breitbart.com/the-media/2024/08/24/wapos-rampell-doug-emhoff-is-sex-symbol-womens-fantasy-man-despite-cheating-scandal/,WaPo's Rampell: Doug Emhoff Is a 'Sex Symbol' and 'Fantasy Man ...,"Aug 24, 2024 ... WaPo's Rampell: Doug Emhoff Is a 'Sex Symbol' and Women's 'Fantasy Man' Despite Cheating Scandal. 1,306 Vice President Kamala Harris and Second Gentleman ...",2024-08-24
7,https://www.breitbart.com/politics/2024/08/23/trump-steals-kamala-joy-obama-hope-harris-must-be-defeated/,"Trump Steals Kamala's 'Joy,' Obama's 'Hope': Harris Must Be Defeated","Aug 23, 2024 ... Donald Trump is riding high after Democrats' failure to utilize the DNC to springboard Vice President Kamala Harris's struggling campaign.",2024-08-23
8,https://www.breitbart.com/entertainment/2024/08/24/green-day-rocker-billie-joe-armstrong-decries-maga-agenda-before-declaring-performance-not-political/,Green Day Rocker Billie Joe Armstrong Decries 'MAGA Agenda ...,"Aug 24, 2024 ... Kennedy Jr., who suspended his campaign on Friday and endorsed Trump, as well as slammed Democrats for “installing” war candidate Kamala Harris. As ...",2024-08-24
9,https://www.breitbart.com/tag/catherine-rampell/,Catherine Rampell Articles - Breitbart,"Aug 21, 2024 ... Catherine Rampell ; 25 Oct 2024, 2:51 AM PDT. Democratic presidential nominee, Vice President Kamala Harris prepares to speak at ""We The ; 5 Sep 2024, 2:12 AM PDT.",2024-08-21
10,https://www.breitbart.com/tag/interview/,Interview Articles - Breitbart,"Aug 30, 2024 ... Nick Gilbertson. 12 Aug 2024, 9:34 AM PDT. Democratic presidential nominee Vice President Kamala Harris speaks ...",2024-08-30
11,https://www.breitbart.com/politics/2024/08/27/actor-nick-offerman-declares-hes-proud-to-be-a-kamala-man-calls-trump-a-fking-dk/,Actor Nick Offerman Declares He's 'Proud to Be a Kamala Man ...,"Aug 27, 2024 ... In a new YouTube video, Nick Offerman gushes over Kamala Harris in a parody song of Lee Greenwood's “God Bless the U.S.A.,” which is sung from the point of view ...",2024-08-27
12,https://www.breitbart.com/politics/2024/08/22/trump-why-didnt-marxist-kamala-do-anything-for-what-she-was-complaining-about/,Trump: Why Didn't 'Marxist' Kamala Do Anything for What She Was ...,"Aug 22, 2024 ... Thursday, following Vice President Kamala Harris' address to the Democratic National Convention in Chicago, her opponent former President Donald Trump ...",2024-08-22
13,https://www.breitbart.com/2024-election/2024/08/27/afghanistan-gold-star-mother-to-harris-you-hold-the-same-accountability-as-president-biden/,Afghanistan Gold Star Mother to Harris: 'You Hold the Same ...,"Aug 27, 2024 ... ... Kamala Harris, “You were with the whole administration in all of this, you hold the same accountability as President Biden does, you were right beside him ...",2024-08-27
14,https://www.breitbart.com/politics/2024/08/30/illegal-ms-13-gang-member-freed-into-u-s-by-biden-harris-dhs-gets-70-years-in-prison-for-murdering-kayla-hamilton/,"Illegal MS-13 Gang Member Gets 70 Years for Raping, Killing Kayla ...","Aug 30, 2024 ... An illegal alien MS-13 gang member, who was released into the United States from the southern border by President Joe Biden and Vice President Kamala Harris's ...",2024-08-30
15,https://www.breitbart.com/tag/pro-palestinian-protesters/,pro-Palestinian protesters Articles - Breitbart,"Aug 22, 2024 ... Democratic presidential nominee Vice President Kamala Harris, right, and running mate Minn. Left Pans Kamala Harris for Angrily Scolding Anti-Israel Protesters: ...",2024-08-22
16,https://www.breitbart.com/clips/2024/08/29/begala-harris-supported-fracking-ban-in-last-presidential-run-because-she-represented-bay-area-didnt-know-about-it/,Begala: Harris Supported Fracking Ban in Last Presidential Run ...,"Aug 29, 2024 ... ... Kamala Harris changed her view on banning fracking from when she ran for president the last time because “you represent the Bay Area, there's not a lot of ...",2024-08-29
17,https://www.breitbart.com/entertainment/2024/08/27/robert-f-kennedy-jr-wife-cheryl-hines-urged-him-to-meet-with-trump/,Robert F. Kennedy Jr.: Wife Cheryl Hines Urged Him to Meet with ...,"Aug 27, 2024 ... ... Kamala Harris as its presidential nominee without any votes or media interviews. Joel B. Pollak is Senior Editor-at-Large at Breitbart News and the host of ...",2024-08-27
18,https://www.breitbart.com/politics/2024/08/28/san-diego-supervisors-support-reparations-for-slavery/,San Diego Supervisors Support Reparations for Slavery,"Aug 28, 2024 ... Vice President Kamala Harris, who is from California, has long backed reparations for slavery. When she was in the U.S. Senate, she backed legislation to ...",2024-08-28
19,https://www.breitbart.com/podcast/2024/08/28/breitbart-news-daily-podcast-ep-605-breitbarts-emma-jo-morris-on-zuckerberg-admitting-facebook-censored-her-hunter-biden-reporting/,Breitbart News Daily Podcast Ep. 605: Breitbart's Emma-Jo Morris ...,"Aug 28, 2024 ... Breitbart News Daily Podcast Ep. · The Flip-Flopping Phoniness of Kamala Harris; Guest: Breitbart Politics Editor Emma-Jo Morris The Flip-Flopping Phoniness of ...",2024-08-28
20,https://www.breitbart.com/immigration/2024/08/26/state-diverts-boston-school-buses-to-migrants-denying-service-to-local-area-kids/,State Diverts Boston School Buses to Migrants Denying Service to ...,"Aug 26, 2024 ... ... Kamala Harris's migrants. School officials told parents of about 150 kids in the Stoughton Public School system that their young ones would be without ...",2024-08-26
21,https://www.breitbart.com/politics/2024/08/21/nolte-obama-makes-penis-size-joke-while-trashing-trump-as-childish/,Nolte: Obama Makes Penis Size Joke While Trashing Trump as ...,"Aug 21, 2024 ... Hey, when you're trying to get Kamala Harris elected, someone who cannot run on policy or her record, I guess the crotch is all you have left. One can only ...",2024-08-21
22,https://www.breitbart.com/middle-east/2024/08/28/irans-ayatollah-says-no-harm-negotiating-nukes-with-enemy-america/,Iran's Ayatollah Says 'No Harm' in Negotiating Nukes with 'Enemy ...,"Aug 28, 2024 ... ... Kamala Harris. “Many people in the previous [Iranian] administration did not think they could negotiate with Trump because they saw him as unpredictable ...",2024-08-28
23,https://www.breitbart.com/politics/2024/08/21/commerce-secretary-not-familiar-with-jobs-numbers-being-revised-downward-by-over-800k/,Commerce Secretary: 'Not Familiar With' Jobs Numbers Being ...,"Aug 21, 2024 ... Kamala Harris Praises Cory Booker's Marathon Speech: 'Continue to Fight' · NFL to Use 'Hawk-Eye' Technology to Measure First Downs in 2025 · Astronauts Recount ...",2024-08-21
24,https://www.breitbart.com/news/the-new-uefa-champions-league-format-explained/,The new UEFA Champions League format explained - Breitbart,"Aug 27, 2024 ... ... Kamala Harris Surrogate Megan T Rapper Tory Lanez Stabbed in Prison While Serving Time · Tariffmageddon Canceled: U.S. Inflation Stays Cooler Than Expected ...",2024-08-27
25,https://www.breitbart.com/politics/2024/08/26/schweizer-no-question-ccp-has-been-grooming-tim-walz/,Schweizer: 'No Question' CCP Has Been Grooming Tim Walz,"Aug 26, 2024 ... On this week's broadcast of the Fox News Channel's ""Sunday Morning Futures,"" Government Accountability Institute president Peter Schweizer, ...",2024-08-26
26,https://www.breitbart.com/tag/u-s-canada-border/,U.S.-Canada border Articles - Breitbart,"Aug 25, 2024 ... Canada's Prime Minister Justin Trudeau meets with US Vice President Kamala Harris (ou · GOP House Members Blast Biden for 'Dangerous Ramifications' on the US ...",2024-08-25
27,https://www.breitbart.com/asia/2024/08/27/dozens-killed-in-pakistan-terror-attacks-allegedly-targeting-chinese-colonization/,Dozens Killed in Pakistan Terror Attacks Allegedly Targeting ...,"Aug 27, 2024 ... ... Kamala Harris Surrogate Megan T Rapper Tory Lanez Stabbed in Prison While Serving Time · House ...",2024-08-27
1,https://www.breitbart.com/entertainment/2024/11/03/claim-nbc-broke-fcc-equal-time-rule-with-kamala-harris-appearance-on-snl/,CLAIM: NBC Broke FCC 'Equal Time' Rule with Kamala Harris ...,"Nov 3, 2024 ... NBC allegedly violated the Federal Communications Commission's (FCC) ""Equal Time"" rule by inviting Vice President Kamala Harris onto SNL.",2024-11-03
2,https://www.breitbart.com/entertainment/2024/11/01/kamala-harris-surrogate-jennifer-lopez-ambushed-with-diddy-questions-while-signing-autographs/,Kamala Harris Surrogate Jennifer Lopez Ambushed with Diddy ...,"Nov 1, 2024 ... Hollywood star Jennifer Lopez, who recently endorsed Vice President Kamala Harris during a wild anti-Trump rant, was ambushed by fans who asked about ...",2024-11-01
3,https://www.breitbart.com/clips/2024/11/04/sean-hannity-kamala-harris-has-a-math-problem-going-into-election-day/,Sean Hannity: Kamala Harris Has a Math Problem Going into ...,"Nov 4, 2024 ... Fox News host Sean Hannity said Monday on ""Fox & Friends"" that Democratic presidential nominee Vice President Kamala Harris has a ""math problem"" going into ...",2024-11-04
4,https://www.breitbart.com/entertainment/2024/11/03/kamala-campaign-mocked-over-profanity-laden-glorilla-rap-performance-at-milwaukee-rally/,"Kamala Campaign Mocked over Profanity-Laden, Bleeped Out ...","Nov 3, 2024 ... The Kamala Harris campaign has received backlash on social media over rapper GloRilla's heavily censored performance at a political rally in Milwaukee.",2024-11-03
5,https://www.breitbart.com/2024-election/2024/11/04/former-obama-aide-early-voting-numbers-look-scary-kamala-harris/,WATCH -- Former Obama Aide: Early Voting Numbers Look 'Scary ...,"Nov 4, 2024 ... Early voting data has become a nail-biter for Vice President Kamala Harris (D) as she runs against former President Donald Trump (R) in the race for the White ...",2024-11-04
6,https://www.breitbart.com/2nd-amendment/2024/11/04/hawkins-kamala-harris-is-pro-gun-control-donald-trump-is-pro-second-amendment/,"Hawkins: Kamala Harris is Pro-Gun Control, Donald Trump is Pro-2A","Nov 4, 2024 ... On the eve of the November 5, 2024, presidential election it is important to remember that Democrat Kamala Harris is pro-gun control and Republican Donald ...",2024-11-04
7,https://www.breitbart.com/2024-election/2024/11/03/barack-obama-tries-debunked-very-fine-people-hoax-in-closing-message-wisconsin/,Barack Obama Tries Debunked 'Very Fine People' Hoax in Closing ...,"Nov 3, 2024 ... Former President Barack Obama resorted to the debunked “very fine people” hoax as he delivered a closing argument on behalf of Vice President Kamala Harris.",2024-11-03
8,https://www.breitbart.com/radio/2024/11/04/exclusive-tom-cotton-i-dont-see-silent-kamala-voter-there-is-likely-yet-again-silent-trump-voter/,"Exclusive -- Tom Cotton: I Don't See a Silent Kamala Voter, but ...","Nov 4, 2024 ... Sen. Tom Cotton (R-AR) said he does not believe there is a silent Kamala Harris voter, but there is likely a silent Donald Trump voter.",2024-11-04
9,https://www.breitbart.com/the-media/2024/11/02/exclusive-rasmussen-head-pollster-predicts-trump-landslide-likens-to-1980-reagan-carter-election-major-political-realignment/,Rasmussen Head Pollster Predicts Major Trump Landslide Victory,"Nov 2, 2024 ... Reflecting on public dissatisfaction with the current administration, he noted, “People don't care who Kamala Harris is.” “They care that she's part of the ...",2024-11-02
10,https://www.breitbart.com/entertainment/2024/11/04/kamalas-close-complete-list-of-hollywood-elites-telling-americans-what-america-they-should-have/,Kamala's Close: Complete List of Hollywood Elites Telling ...,"Nov 4, 2024 ... Kamala Harris has leaned on Uber wealthy Hollywood elites to tell them how to vote and who to vote for on Election Day.",2024-11-04
11,https://www.breitbart.com/entertainment/2024/11/04/nyt-subway-takes-canceled-kamala-video-after-she-insulted-muslim-host-over-bacon/,NYT: 'Subway Takes' Canceled Kamala Video After She Insulted ...,"Nov 4, 2024 ... The Muslim host of 'Subway Takes' decided not to publish an interview with Kamala Harris after she insisted that ""bacon is a spice.""",2024-11-04
12,https://www.breitbart.com/tech/2024/11/04/democrat-mega-donor-reid-hoffman-says-2024-election-is-disrupting-silicon-valley-relationships/,Democrat Mega-Donor Reid Hoffman Says 2024 Election Is ...,"Nov 4, 2024 ... Silicon Valley Billionaire Reid Hoffman, a prominent supporter of Kamala Harris's presidential campaign and past visitor to Epstein Island, has warned that ...",2024-11-04
13,https://www.breitbart.com/politics/2024/11/04/megyn-kelly-will-speak-at-trump-pennsylvania-rally-absolutely-essential-trump-wins-i-hope-women-will-listen-to-me/,Megyn Kelly Will Speak at Trump Rally in Pennsylvania: 'I Hope ...,"Nov 4, 2024 ... ... Kamala Harris into the Oval Office as our president,” she said, previewing some of the points she plans to make, although she said none of those points will ...",2024-11-04
14,https://www.breitbart.com/entertainment/2024/11/01/50-cent-wheres-jay-z-amid-diddy-scandal-beyonces-kamala-endorsement/,"50 Cent: Where's Jay-Z Amid Diddy Scandal, Beyonce's Kamala ...","Nov 1, 2024 ... ... Diddy's sex trafficking prosecution and his pop megastar wife, Beyoncé's, primetime endorsement of Kamala Harris.",2024-11-01
15,https://www.breitbart.com/politics/2024/11/04/nbc-news-nevada-take-week-count-votes/,NBC News: 'Nevada Will Take a Week to Count All Their Votes',"Nov 4, 2024 ... Todd's words come as Vice President Kamala Harris has warned that Americans may possibly see a repeat of 2020 wherein the winner of the presidential election is ...",2024-11-04
16,https://www.breitbart.com/entertainment/2024/11/02/cardi-b-endorses-kamala-after-vowing-not-to-endorse-no-fking-presidents-no-more-because-biden-really-fked-up-america/,Cardi B Endorses Kamala After Vowing Not to Endorse 'No F**king ...,"Nov 2, 2024 ... Rapper Cardi B is facing ridicule after she endorsed Kamala Harris -- not long ago, she swore she would not endorse ""no fucking presidents no more.""",2024-11-02
17,https://www.breitbart.com/clips/2024/11/01/dem-rep-kildee-troubling-jobs-report-shows-we-should-stick-with-biden-harris-cant-elect-trump-especially-now/,Dem Rep. Kildee: 'Troubling' Jobs Report Shows We Should 'Stick ...,"Nov 1, 2024 ... 2024 Election · Clips · Politics · Dan Kildee · Donald Trump · jobs report · Joe Biden · Kamala Harris ...",2024-11-01
18,https://www.breitbart.com/entertainment/2024/11/01/jennifer-lopez-smears-trump-as-biggest-adversary-america-has-internally-ever-had-at-kamala-rally/,Jennifer Lopez Smears Trump as 'Biggest Adversary America Has ...,"Nov 1, 2024 ... Jennifer Lopez — who is the former girlfriend of Sean “Diddy” Combs — appeared alongside Kamala Harris at a rally in Las Vegas, Nevada, where she played the ...",2024-11-01
19,https://www.breitbart.com/tag/bret-baier/,Bret Baier Articles - Breitbart,"Nov 4, 2024 ... ' Vice President Kamala Harris's “inferior cognitive ability must be tested at once,” former President Donald Trump said. Hannah Knudsen.",2024-11-04
20,https://www.breitbart.com/2024-election/2024/11/01/active-duty-u-s-service-members-complain-lack-absentee-ballots/,Active-Duty Service Members Complain of Lack of Absentee Ballots,"Nov 1, 2024 ... Reps. · “Joe Biden and Kamala Harris have mobilized federal manpower, resources, and tax dollars to block state-level election integrity measures, including in ...",2024-11-01
21,https://www.breitbart.com/2024-election/2024/11/02/donald-trump-hits-cbs-news-with-10-billion-lawsuit-for-deceptive-harris-interview/,Trump Hits CBS News with $10B Lawsuit for 'Deceptive' Harris ...,"Nov 2, 2024 ... Former President Donald Trump (R) is suing CBS News for $10 billion in regard to its interview with Vice President Kamala Harris (D).",2024-11-02
22,https://www.breitbart.com/sports/2024/11/02/watch-trump-brings-womens-swim-team-that-stood-up-to-trans-athlete-on-rally-stage/,WATCH: Trump Brings Women's Swim Team That Stood up to Trans ...,"Nov 2, 2024 ... “Joe Biden and Kamala Harris have advocated for and pushed for this anti-woman, sex-based discrimination to continue all over this country. And point-blank ...",2024-11-02
23,https://www.breitbart.com/entertainment/2024/11/04/lady-gaga-oprah-to-appear-at-election-eve-rally-for-harris-in-pennsylvania-traffic-nightmares-expected/,"Lady Gaga, Oprah to Appear at Election Eve Rally for Harris in ...","Nov 4, 2024 ... Pop star Lady Gaga, Oprah Winfrey, and many others will reportedly campaign for Vice President Kamala Harris at a rally in Philadelphia, Pennsylvania, on ...",2024-11-04
24,https://www.breitbart.com/tag/snapchat/,Snapchat Articles - Breitbart,"Nov 1, 2024 ... Celeb GOTV: Pop Star Usher to Speak at GA Kamala Harris Rally, DNC Creates Taylor Swift-Themed Snapchat Filter. Vice President Kamala Harris is leaning on ...",2024-11-01
25,https://www.breitbart.com/tag/jennifer-garner/,Jennifer Garner Articles - Breitbart,"Nov 5, 2024 ... The Kamala Harris campaign has deployed a bevy of Hollywood celebrities on election night to encourage swing state voters — especially college kids — to ...",2024-11-05
26,https://www.breitbart.com/2024-election/2024/11/01/wapo-show-implodes-after-hugh-hewitt-abruptly-quits-during-unfair-segment-im-done/,WaPo Show Implodes After Hewitt Abruptly Quits During 'Unfair ...,"Nov 1, 2024 ... ... Kamala Harris. A recent Gallup poll found Americans' trust in the media to report current events “fully, accurately and fairly” has plummeted to a record ...",2024-11-01
27,https://www.breitbart.com/2024-election/2024/11/05/donald-trump-wins-the-presidency-greatest-comeback-in-american-history/,Donald Trump Wins the Presidency; Greatest Comeback in ...,"Nov 5, 2024 ... Vice President Kamala Harris turned in a strong showing among female voters. But she underperformed among urban voters and young voters that she needed to ...",2024-11-05
28,https://www.breitbart.com/politics/2024/11/01/exclusive-trump-daines-alliance-between-top-bottom-ticket-gop-candidates-fueling-gop-energy-home-stretch/,"Exclusive — Trump-Daines Alliance Between Top, Bottom of Ticket ...","Nov 1, 2024 ... ... Kamala Harris became the tie-breaking vote. Democrats added a seat in the 2022 midterm elections, and the partisan breakdown—technically all the Senate ...",2024-11-01
29,https://www.breitbart.com/sports/2024/11/04/this-is-a-red-flag-ex-nascar-racer-danica-patrick-slams-harris-for-not-revealing-how-she-voted-on-california-crime-prop/,'This Is a Red Flag': Ex-NASCAR Racer Danica Patrick Slams Harris ...,"Nov 4, 2024 ... Ex-NASCAR star Danica Patrick is waving the caution flag after Kamala Harris refused to say how she voted on a California crime proposition.",2024-11-04
30,https://www.breitbart.com/2024-election/2024/11/01/harris-campaigns-far-left-adviser-linked-group-pushing-ban-gas-stoves/,Harris Campaign's Far-Left Adviser Linked to Group Pushing to Ban ...,"Nov 1, 2024 ... One of Vice President Kamala Harris's campaign advisers apparently has links to a leftist group that wants to forbid the use of gas stoves.",2024-11-01
31,https://www.breitbart.com/the-media/2024/11/05/msnbcs-maddow-dubbed-fascist-for-calling-musk-a-national-security-threat-over-trump-ties-urging-u-s-to-cut-contracts/,MSNBC's Maddow Dubbed 'Fascist' for Calling Musk a 'National ...,"Nov 5, 2024 ... Last week, she said she was “grateful” for Democratic presidential nominee Vice President Kamala Harris and her speech at the Ellipse in Washington, D.C. ...",2024-11-05
32,https://www.breitbart.com/tag/debate/,debate Articles - Breitbart,"Nov 3, 2024 ... Democratic presidential nominee Vice President Kamala Harris, center, talks with John Modl ... JD Vance: 'The Real Family Separation Policy' Is 'Kamala Harris's ...",2024-11-03
33,https://www.breitbart.com/politics/2024/11/05/jon-stewart-ends-daily-show-election-night-broadcast-with-profane-shriek-as-kamala-loss-to-trump-fck-this-is-not-the-end/,Jon Stewart Ends 'Daily Show' Election Night Broadcast with ...,"Nov 5, 2024 ... Just as former President Donald Trump was well on his way to reelection, having secured victories in Georgia and North Carolina -- two of seven pivotal ...",2024-11-05
34,https://www.breitbart.com/tag/jobs-report/,jobs report Articles - Breitbart,"Nov 1, 2024 ... Breitbart Business Digest: Kamala Harris's Economic Spin Shattered by October Jobs Bust. The economy delivered some rough justice to the campaign of Kamala ...",2024-11-01
35,https://www.breitbart.com/economy/2024/11/04/sept-factory-orders/,"Factory Orders Decline In September, Fourth Drop In Five Months","Nov 4, 2024 ... The decline undercuts claims by Kamala Harris that the Biden administration had sparked a manufacturing boom. In fact, manufacturing activity has been ...",2024-11-04
36,https://www.breitbart.com/2024-election/2024/11/05/catholic-bishops-urge-votes-against-abortion-amendments/,Catholic Bishops Urge Votes Against Abortion Amendments,"Nov 5, 2024 ... The Democratic ticket of Kamala Harris and Tim Walz celebrates abortion as a fundamental right and has made the expansion of abortion in the United States ...",2024-11-05
37,https://www.breitbart.com/politics/2024/11/05/rob-lowe-joins-nathan-hochman-to-rally-against-soros-backed-d-a-george-gascon/,Rob Lowe Joins Nathan Hochman to Rally Against Soros-backed ...,"Nov 5, 2024 ... Kamala Harris (D-CA) — and millions of dollars from left-wing billionaire George Soros to oust (ironically) Jackie Lacey, the first black woman to hold the job.",2024-11-05
38,https://www.breitbart.com/tag/rachel-maddow/,Rachel Maddow Articles - Breitbart,"Nov 5, 2024 ... ... Kamala Harris and her speech at the Ellipse in Washington, D.C. because it will “effectively reconsecrate” the ground. Pam Key. 29 Oct 2024, 4:42 PM PDT.",2024-11-05
39,https://www.breitbart.com/tag/jimmy-carter/,Jimmy Carter Articles - Breitbart,"Nov 2, 2024 ... Consumer prices have soared 20.2 percent since Vice President Kamala Harris and President Joe Biden took office 42 months ago. Amy Furr. 15 Aug 2024, 9:04 AM ...",2024-11-02
1,https://www.breitbart.com/2024-election/2024/10/06/watch-kamala-harris-melts-down-after-teleprompter-malfunctions-at-rally/,WATCH: Kamala Harris Melts Down After Teleprompter Malfunctions ...,"Oct 6, 2024 ... Kamala Harris appeared to have no idea what to say when her teleprompter seemingly stopped working during a speech in Michigan.",2024-10-06
2,https://www.breitbart.com/entertainment/2024/10/02/watch-byron-donalds-stuns-breakfast-club-hosts-when-arguing-kamala-harris-brought-inflation/,Watch: Byron Donalds Shows Proof to 'Breakfast Club' Hosts That ...,"Oct 2, 2024 ... Rep. Byron Donalds (R-FL) stunned the hosts of ""The Breakfast Club"" this week when he argued that Vice President Kamala Harris helped cause the massive rise ...",2024-10-02
3,https://www.breitbart.com/politics/2024/10/02/report-doug-emhoff-paid-80k-hush-money-was-never-prosecuted/,Report: Doug Emhoff Paid $80k 'Hush Money'; Was Never Prosecuted,"Oct 2, 2024 ... The nanny lives in New York, where Trump was prosecuted. Emhoff divorced his first wife in 2009 and married Kamala Harris in 2014; she ran for Senate in 2015- ...",2024-10-02
4,https://www.breitbart.com/tech/2024/10/08/xxx-for-kamala-porn-industry-launches-ads-supporting-harris-campaign/,XXX for Kamala: Porn Industry Launches Ads Supporting Harris ...,"Oct 8, 2024 ... ... My Porn"" campaign will run in seven swing states with the hopes of convincing young men to vote for Kamala Harris.",2024-10-08
5,https://www.breitbart.com/politics/2024/10/01/report-taylor-swift-loses-2-million-spotify-listeners-after-kamala-harris-endorsement/,Report: Taylor Swift Loses 2 Million Spotify Listeners After Kamala ...,"Oct 1, 2024 ... Taylor Swift's endorsement of Kamala Harris is shaping up to be a costly move for the pop superstar.",2024-10-01
6,https://www.breitbart.com/2nd-amendment/2024/10/09/kamala-harris-says-she-has-glock-many-glocks-are-barred-california/,"Kamala Harris Says She Has a Glock, but CA Bars Some Glocks by ...","Oct 9, 2024 ... Kamala Harris said she owns a Glock, but did not mention residents in her home state of California cannot own newer generation Glocks because of a law she ...",2024-10-09
7,https://www.breitbart.com/entertainment/2024/10/09/howard-stern-terrified-of-trump-win-asks-kamala-harris-if-she-would-leave-america/,Howard Stern Asks Kamala Harris If She Would Leave America if ...,"Oct 9, 2024 ... Radio host Howard Stern feels such creeping terror of a possible Donald Trump win this November that he asked Vice President Kamala Harris if she would flee ...",2024-10-09
8,https://www.breitbart.com/2024-election/2024/10/08/illiterate-harris-mocked-as-dumbest-candidate-after-60-minutes-train-wreck-interview/,'Illiterate' Harris Mocked as 'Dumbest Candidate' After 60 Minutes ...,"Oct 8, 2024 ... Political pundits mercilessly mocked Vice President Kamala Harris's performance during a 60 Minutes interview Monday after she delivered false, incoherent, and ...",2024-10-08
9,https://www.breitbart.com/politics/2024/10/05/poll-voters-more-confident-trump-will-win-over-harris-in-november/,Poll: Voters More Confident Trump Will Win over Harris in November,"Oct 5, 2024 ... Likely voters are slightly more confident that former President Donald Trump will emerge as the victor over Vice President Kamala Harris.",2024-10-05
10,https://www.breitbart.com/tag/media/,media Articles - Breitbart,"Oct 4, 2024 ... WASHINGTON, DC - JULY 12: U.S. Vice President Kamala Harris speaks during a meeting. JD Vance: The Media Lies to Hide Kamala Harris's Role as 'Border Czar'.",2024-10-04
11,https://www.breitbart.com/tag/presidential-debate/,Presidential Debate Articles - Breitbart,"Oct 1, 2024 ... Disney's Dana Walden Refuses to Answer if 'Extraordinary' Friendship with Kamala Harris Affected ABC News Debate.",2024-10-01
12,https://www.breitbart.com/politics/2024/10/03/trump-michigan-win-america-will-enter-golden-age-kamala-wins-enters-dark-age/,"Trump in Michigan: If I Win America Will Enter 'Golden Age,' if ...","Oct 3, 2024 ... ... Kamala Harris wins. Trump, who is slated to speak at a rally in Saginaw, Michigan, around 3 p.m., is expected to highlight the failures of the Biden-Harris ...",2024-10-03
13,https://www.breitbart.com/politics/2024/10/09/jon-voight-urges-americans-to-vote-for-trump-to-save-our-country-warns-harris-walz-will-destroy-the-american-dream/,"Jon Voight Urges to Vote Trump, Warns Harris Will 'Destroy ...","Oct 9, 2024 ... ... Kamala Harris and Tim Walz will “destroy the American dream.” In a roughly two-minute clip posted this week that has garnered over two million views, the ...",2024-10-09
14,https://www.breitbart.com/tag/ro-khanna/,Ro Khanna Articles - Breitbart,"Oct 10, 2024 ... Vice President Kamala Harris meets with Texas Democratic Legislators, Wednesday, June 16, · Democrats Join Republican Call for Secret Service Director ...",2024-10-10
15,https://www.breitbart.com/tag/jim-banks/,Jim Banks Articles - Breitbart,"Oct 1, 2024 ... US President Joe Biden, left, and Vice President Kamala Harris on the Truman Balcony. Rep. Nancy Mace Demands Kamala Harris Invoke 25th Amendment: Biden 'Cannot ...",2024-10-01
16,https://www.breitbart.com/sports/2024/10/09/mark-cuban-defends-nbas-ties-to-china-despite-human-rights-violations/,Mark Cuban Defends NBA's Ties to China Despite 'Human Rights ...,"Oct 9, 2024 ... “Cuban defending the NBA's relationship with China in response to my question tells us all we need to know about how Kamala Harris will engage with Beijing,” he ...",2024-10-09
17,https://www.breitbart.com/videos/v/aSpaenaF/?pl=K8eyQEml,Video - Breitbart,"Oct 7, 2024 ... During an interview with CBS's ""60 Minutes"" aired on Monday, 2024 Democratic presidential candidate Vice President Kamala Harris responded to a question on ...",2024-10-07
18,https://www.breitbart.com/politics/2024/10/05/exclusive-navy-lieutenant-rips-leftist-woke-military-in-retirement-speech-endorses-trump-as-first-act/,Navy Whistleblower Rips Leftist Woke Military in Retirement Speech,"Oct 5, 2024 ... 2024 Election · Politics · Radio · 2024 Presidential Election · Biden-Harris · diversity · Equity · Joe Biden · Kamala Harris · Mara Macie · U.S. military ...",2024-10-05
19,https://www.breitbart.com/politics/2024/10/02/politico-vances-beard-debate-could-viewed-conveying-aggression-walzs-wide-eyes-showed-passion/,Politico: Vance's Beard at Debate Could Be Viewed as 'Conveying ...,"Oct 2, 2024 ... Remember: Kamala Harris has been in power for the last 3.5 years,” Vance said in a post-debate post on X. “She opened the border. She cast the deciding vote ...",2024-10-02
20,https://www.breitbart.com/politics/2024/10/04/trump-israel-should-destroy-irans-nuclear-weapons-program/,Trump: Israel Should Destroy Iran's Nuclear Weapons Program,"Oct 4, 2024 ... WATCH: Kamala Harris Appears to Flub Pledge of Allegiance · Former Virginia Hospital Worker ...",2024-10-04
21,https://www.breitbart.com/entertainment/2024/10/06/madonnas-brother-christopher-ciccone-dies-at-63/,Madonna's Brother Christopher Ciccone Dies at 63,"Oct 6, 2024 ... ... Kamala Harris Surrogate Megan T Rapper Tory Lanez Stabbed in Prison While Serving Time · WATCH — Jasmine Crockett: Democrats Supporting 'Safest White Boy ...",2024-10-06
22,https://www.breitbart.com/politics/2024/10/07/pro-israel-democrat-beaten-robbed-at-pro-terror-october-7-rally-in-nyc/,"Pro-Israel Democrat Beaten, Robbed at Pro-terror October 7 Rally in ...","Oct 7, 2024 ... Many of Vice President Kamala Harris's key adviser are anti-Israel. Joel B. Pollak is Senior Editor-at-Large at Breitbart News and the host of Breitbart ...",2024-10-07
23,https://www.breitbart.com/border/2024/10/01/mexicos-new-president-was-a-member-of-terrorist-guerrilla-group-colombian-president-says/,Colombian President: Mexican President-Elect was Member of ...,"Oct 1, 2024 ... ... Kamala Harris Surrogate Megan T Rapper Tory Lanez Stabbed in Prison While Serving Time ...",2024-10-01
24,https://www.breitbart.com/border/2024/10/03/gunmen-in-jetskis-kill-victim-in-luxurious-cancun-beach-hotel/,Cartel Gunmen on Jet Skis Kill Victim In Luxurious Cancun Beach ...,"Oct 3, 2024 ... ... Kamala Harris Surrogate Megan T Rapper Tory Lanez Stabbed in Prison While Serving Time ...",2024-10-03
25,https://www.breitbart.com/tag/candace-owens/,Candace Owens Articles - Breitbart,"Oct 1, 2024 ... ... Kamala Harris (D-CA) swearing into congress in 2017 as an “Indian-American.” Alana Mastrangelo. 19 Aug 2020, 10:17 AM PDT. Candace Owens Speaking · 5 Ways ...",2024-10-01
1,https://www.breitbart.com/politics/2024/10/15/dave-portnoy-criticizes-kamala-harris-worst-candidate-to-ever-run-for-president/,Dave Portnoy Criticizes Kamala Harris: 'Worst Candidate to Ever ...,"Oct 15, 2024 ... Dave Portnoy, the founder of Barstool Sports, criticized Vice President Kamala Harris as being the “worst candidate to ever run for president.”",2024-10-15
2,https://www.breitbart.com/politics/2024/10/11/desperate-kamala-harris-risks-intense-interview-with-charlamagne-tha-god-in-detroit/,Desperate Kamala Harris Risks Intense Interview with Charlamagne ...,"Oct 11, 2024 ... Vice President Kamala Harris will risk a tougher interview in Detroit, Michigan, on Tuesday, when she sits down for a live conversation on iHeartRadio.",2024-10-11
3,https://www.breitbart.com/2024-election/2024/10/11/kamala-harris-makes-pledge-latino-voters-welcome-grant-amnesty-millions-migrants/,"Kamala Harris Makes Pledge to Latino Voters to Welcome, Grant ...","Oct 11, 2024 ... Vice President Kamala Harris is promising Latino voters that she will open the borders to a vast number of economic migrants and will grant shares of their US ...",2024-10-11
4,https://www.breitbart.com/entertainment/2024/10/15/anne-hathaway-tells-broadway-for-harris-audience-maybe-you-dont-have-a-candidate-that-you-love-vote-anyway/,Anne Hathaway Tells 'Broadway for Harris' Audience 'Maybe You ...,"Oct 15, 2024 ... Anne Hathaway endorsed Vice President Kamala Harris over Donald Trump on Monday while admitting that not everyone may ""love"" her candidacy.",2024-10-15
5,https://www.breitbart.com/politics/2024/10/15/yacht-killer-received-taxpayer-funded-transgender-surgery-prison-kamala-harris/,'Yacht Killer' Received Trans Surgery in Prison Due to Kamala Harris,"Oct 15, 2024 ... John Jacobson Jr., aka the ""Yacht Killer,"" finally received a taxpayer sex-change surgery due to policies Kamala Harris helped put in place.",2024-10-15
6,https://www.breitbart.com/2024-election/2024/10/13/were-not-voting-for-kamala-black-male-voters-slam-obamas-shame-tactics-for-not-supporting-harris/,'We're Not Voting for Kamala': Black Male Voters Slam Obama's ...,"Oct 13, 2024 ... Black conservative men have responded to former President Barack Obama's claims that they do not support Vice President Kamala Harris's campaign due to sexism.",2024-10-13
7,https://www.breitbart.com/politics/2024/10/13/speaker-johnson-kamala-harris-is-desperate-because-shes-sinking-in-the-polls/,Speaker Johnson: Kamala Harris Is 'Desperate Because She's ...,"Oct 13, 2024 ... House Speaker Mike Johnson (R-LA) said Sunday on NBC's “Meet the Press” that Democratic presidential nominee Vice President Kamala Harris was “desperate” ...",2024-10-13
8,https://www.breitbart.com/2024-election/2024/10/19/abc-debate-moderator-david-muir-s-fact-check-aimed-donald-trump-breaks-down-fbi-revises-crime-statistics/,ABC Debate Moderator David Muir's Fact Check of Donald Trump ...,"Oct 19, 2024 ... During the debate between Trump and Vice President Kamala Harris (D), Trump highlighted the fact that crime has been plaguing Americans under President Joe ...",2024-10-19
9,https://www.breitbart.com/2024-election/2024/10/15/feds-child-sex-trafficking-reports-triple-under-harris-and-biden/,Feds Admit: Child Sex Trafficking Reports Triple under Harris and ...,"Oct 15, 2024 ... Youth sex trafficking and its myriad cruelties tripled under President Joe Biden and Vice President Kamala Harris, according to a report in TheFreePress.com.",2024-10-15
10,https://www.breitbart.com/politics/2024/10/11/beta-bait-leftist-group-releases-strange-video-attempting-to-make-kamala-harris-appeal-to-male-voters/,Leftist Group's Cringey Video Tries to Make Kamala Appeal to Male ...,"Oct 11, 2024 ... The leftist group Vote Save America shared a strange video attempting to make Vice President Kamala Harris appeal to male voters.",2024-10-11
11,https://www.breitbart.com/entertainment/2024/10/19/celeb-gotv-pop-star-usher-to-speak-at-ga-kamala-harris-rally-dnc-creates-taylor-swift-themed-snapchat-filter/,Celeb GOTV: Pop Star Usher to Speak at GA Kamala Harris Rally ...,"Oct 19, 2024 ... Vice President Kamala Harris is leaning on Usher and Taylor Swift to increase support in the final stretch of her presidential campaign.",2024-10-19
12,https://www.breitbart.com/entertainment/2024/10/13/watch-actress-jennifer-garner-makes-desperate-pitch-to-pa-voters-is-there-anything-sexier-than-a-man-who-is-like-men-for-kamala/,Watch: Actress Jennifer Garner Makes Desperate Pitch to Pa. Voters ...,"Oct 13, 2024 ... Actress and Kamala Harris presidential campaign celebrity surrogate Jennifer Garner questioned if there was ""anything sexier than a man"" for Kamala during a ...",2024-10-13
13,https://www.breitbart.com/sports/2024/10/20/steelers-reveal-donald-trump-will-attend-game-against-new-york-jets-as-guest/,Steelers Reveal Donald Trump Will Attend Game Against New York ...,"Oct 20, 2024 ... The announcement from the Steelers comes after Trump responded to Vice President Kamala Harris's claims he was “exhausted,” and revealed during an interview on ...",2024-10-20
14,https://www.breitbart.com/politics/2024/10/15/racist-trump-flew-newly-released-nelson-mandela-to-the-united-states/,'Racist' Trump Flew a Newly-Released Nelson Mandela to the ...,"Oct 15, 2024 ... The story reappeared on X (formerly Twitter) in the context of repeated claims by Vice President Kamala Harris's campaign, and by the left-leaning media ...",2024-10-15
15,https://www.breitbart.com/politics/2024/10/15/geraldo-rivera-no-latinos-with-any-self-respect-could-vote-for-absolute-racist-trump/,Geraldo Rivera: No Latinos with 'Any Self Respect' Could Vote for ...,"Oct 15, 2024 ... He's on to something. I don't know how Democrats and Kamala Harris supporters think they are going to convince either Black men who are leaving Kamala Harris or ...",2024-10-15
16,https://www.breitbart.com/politics/2024/10/15/rachel-morins-family-thanks-bill-clinton-for-telling-truth-about-biden-harris-border-failures/,Rachel Morin's Family Thanks Bill Clinton for 'Telling Truth About ...,"Oct 15, 2024 ... ... Kamala Harris's watch has led to the deaths of American citizens. During a campaign event for Harris on Monday, Clinton admitted that 22-year-old Laken ...",2024-10-15
17,https://www.breitbart.com/2024-election/2024/10/16/poll-more-americans-lean-republican-than-democrat-by-7-point-margin/,Poll: More Americans Lean Republican than Democrat by 7-Point ...,"Oct 16, 2024 ... ... of error are not listed. 2024 Election · Politics · Democratic Party · Donald Trump · Gallup · Kamala Harris · polling · polls · Republican Party · voter ...",2024-10-16
18,https://www.breitbart.com/entertainment/2024/10/19/police-rosie-odonnells-daughter-chelsea-left-used-needles-under-baby-crib-arrested-twice-in-1-month/,Police: Rosie O'Donnell's Daughter Chelsea Left Used Needles ...,"Oct 19, 2024 ... • Enthusiastically embraced Vice President Kamala Harris's sudden entry into the presidential election, saying she bought “a hundred Kamala t-shirts” and would ...",2024-10-19
19,https://www.breitbart.com/politics/2024/10/15/msnbcs-joy-reid-there-is-a-fascist-groundswell-of-men-supporting-trump/,MSNBC's Joy Reid: There Is a 'Fascist Groundswell' of Men ...,"Oct 15, 2024 ... Those polls then swing the polling averages to the right making Trump look strong and Kamala Harris look stalled.” Reid added, “There is the sinister ...",2024-10-15
20,https://www.breitbart.com/politics/2024/10/20/newsom-it-is-not-an-overstatement-to-call-trump-a-fascist/,Newsom: It Is Not an Overstatement to Call Trump a Fascist,"Oct 20, 2024 ... ... Milley.” Follow Pam Key on X @pamkeyNEN · 2024 Election · Clips · Politics · 2024 Presidential Election · Donald Trump · Gavin Newsom · Kamala Harris · Mark ...",2024-10-20
21,https://www.breitbart.com/entertainment/2024/10/17/nolte-desperate-producers-of-flop-apprentice-movie-manufacture-fox-news-controversy/,Nolte: Desperate Producers of Flop 'Apprentice' Movie Manufacture ...,"Oct 17, 2024 ... ... Kamala Harris. The interview ended up being an even bigger disaster for Harris than the opening weekend was for The Apprentice. Fox said no to the 15-second ...",2024-10-17
22,https://www.breitbart.com/politics/2024/10/18/trump-campaigns-in-michigan-with-arab-american-mayor-who-endorsed-him/,Trump Campaigns in MI with Arab American Mayor Who Endorsed ...,"Oct 18, 2024 ... ... Vice President Kamala Harris received 42 percent of support, according to the Hill. Politics · 2024 Presidential Election · Donald Trump · Michigan · Muslim ...",2024-10-18
23,https://www.breitbart.com/tag/mara-gay/,Mara Gay Articles - Breitbart,"Oct 11, 2024 ... ... Kamala Harris has become a “pro-democracy movement that seems to have spread like wildfire.” Gay said, “We're going to see, I believe,. Pam Key. 8 Aug 2024, 4 ...",2024-10-11
1,https://www.breitbart.com/politics/2024/10/29/democrat-kamala-harris-surrenders-north-carolina-withdraws-nearly-2-million-planned-ad-spend-state/,"Kamala Harris Surrenders in NC, Withdraws Nearly $2M Ad Spend","Oct 29, 2024 ... Vice President Kamala Harris is waving the white flag in North Carolina, surrendering the state to former President Donald Trump as her campaign withdraws ...",2024-10-29
2,https://www.breitbart.com/politics/2024/10/29/george-w-bushs-daughter-barbara-hits-campaign-trail-for-kamala-harris/,George W. Bush's Daughter Barbara Hits Campaign Trail for Kamala ...,"Oct 29, 2024 ... Bush, spent time over the past weekend in Pennsylvania on the campaign trail for Vice President Kamala Harris as the 2024 election hits the final week before ...",2024-10-29
3,https://www.breitbart.com/politics/2024/10/23/bill-gates-reportedly-donates-50-million-in-support-of-kamala-harris/,Bill Gates Reportedly Donates $50 Million in Support of Kamala Harris,"Oct 23, 2024 ... Billionaire and Microsoft co-founder Bill Gates reportedly gave $50 million to a nonprofit organization supporting Vice President Kamala Harris.",2024-10-23
4,https://www.breitbart.com/politics/2024/10/29/poll-donald-trump-leading-kamala-harris-by-three-points-nationally/,Poll: Donald Trump Leading Kamala Harris by Three Points Nationally,"Oct 29, 2024 ... Former President Donald Trump is leading Vice President Kamala Harris by three-points nationally, according to a recent poll.",2024-10-29
5,https://www.breitbart.com/clips/2024/10/24/axelrod-harris-gives-a-kind-of-word-salad-when-she-doesnt-want-to-answer-a-question-like-on-israel/,Axelrod: Harris Gives a 'Kind of' 'Word Salad' 'When She Doesn't ...,"Oct 24, 2024 ... David Axelrod stated that when 2024 Democratic presidential candidate Vice President Kamala Harris “doesn't want to answer a question, her habit is to kind of ...",2024-10-24
6,https://www.breitbart.com/politics/2024/10/22/exclusive-price-sukhia-how-kamala-harris-allowed-a-suspected-chinese-spy-to-interfere-in-a-key-california-election/,Exclusive—Price Sukhia: How Kamala Harris Allowed a Suspected ...,"Oct 22, 2024 ... But when it mattered most, Kamala Harris punted on investigating damning evidence of voter fraud and election engineering by a suspected Chinese spy and ...",2024-10-22
7,https://www.breitbart.com/politics/2024/10/30/bill-clinton-in-michigan-economy-was-better-under-donald-trump-but-you-should-still-vote-for-kamala-harris/,"Bill Clinton in MI: 'Economy Was Better' Under Trump, But Vote Harris","Oct 30, 2024 ... Former President Bill Clinton said the “economy was better” under former President Donald Trump during a rally for Vice President Kamala Harris.",2024-10-30
8,https://www.breitbart.com/entertainment/2024/10/30/hollywood-elite-actor-jon-cryer-nice-try-douche-bags-biden-misspoke-when-he-called-trump-voters-garbage/,"Hollywood Elite Actor Jon Cryer: 'Nice Try Douche Bags,' Biden ...","Oct 30, 2024 ... Jon Cryer is attempting to spin for the Kamala Harris campaign and help contain the fallout from President Joe Biden's latest insult to Trump supporters.",2024-10-30
9,https://www.breitbart.com/clips/2024/10/24/van-jones-harris-had-needless-evasions-during-cnn-town-hall-word-salad-stuff-is-annoying/,Van Jones: Harris Had Needless 'Evasions' During CNN Town Hall ...,"Oct 24, 2024 ... Van Jones said 2024 Democratic presidential candidate Vice President Kamala Harris unnecessarily dodged some questions during her town hall with the network ...",2024-10-24
10,https://www.breitbart.com/2024-election/2024/10/28/word-salads-harris-rambles-being-able-see-what-is/,Word Salads: Kamala Harris Rambles About 'Being Able to See ...,"Oct 28, 2024 ... Vice President Kamala Harris, who seemed to try to appear inspirational, rambled to Shannon Sharpe on the Club Shay Shay show on Monday.",2024-10-28
11,https://www.breitbart.com/entertainment/2024/10/28/george-lopez-jokes-about-mexicans-stealing-at-tim-walz-rally/,Watch: George Lopez Jokes About Mexicans Stealing at Tim Walz ...,"Oct 28, 2024 ... Comedian George Lopez recently appeared at a rally attended by Kamala Harris running mate Tim Walz where he made a few off-color jokes, including one about ...",2024-10-28
12,https://www.breitbart.com/politics/2024/10/27/jews-flock-to-trump-event-at-madison-square-garden-dems-nazi-rally/,Jews Flock to Trump Event at Madison Square Garden; Dems: 'Nazi ...,"Oct 27, 2024 ... Jews and other New Yorkers flocked to a rally for Trump at Madison Square Garden, which the Kamala Harris campaign claimed is a ""Nazi rally.""",2024-10-27
13,https://www.breitbart.com/politics/2024/10/31/report-underwhelmed-democrats-start-blame-game-over-lackluster-harris-showing/,Report: Underwhelmed Democrats Start Blame Game over ...,"Oct 31, 2024 ... Underwhelmed Democrats are reportedly asking each other this simple question six days out from the election as Vice President Kamala Harris continues to ...",2024-10-31
14,https://www.breitbart.com/politics/2024/10/25/washington-post-editor-robert-kagan-resigns-after-newspapers-non-endorsement-of-harris/,Washington Post Editor Resigns After Paper's Non-Endorsement of ...,"Oct 25, 2024 ... ... Kamala Harris in the upcoming presidential election. Max Tani, a media editor with Semafor, wrote in a post on X that Kagan had confirmed to him that he had ...",2024-10-25
15,https://www.breitbart.com/clips/2024/10/23/harris-dodges-on-how-gouging-plan-that-only-applies-in-emergencies-helps-with-inflation-admits-most-dont-gouge/,Harris Dodges on How 'Gouging' Plan that Only Applies in ...,"Oct 23, 2024 ... During a town hall on CNN on Wednesday, 2024 Democratic presidential candidate Vice President Kamala Harris responded to a question on how her plan to ...",2024-10-23
16,https://www.breitbart.com/clips/2024/10/22/harris-on-voters-saying-biden-policies-hurt-them-im-not-a-continuation-of-biden-most-of-difference-is-on-prices/,Harris on Voters Saying Biden Policies Hurt Them: I'm Not 'a ...,"Oct 22, 2024 ... During an interview with NBC News on Tuesday, 2024 Democratic presidential candidate Vice President Kamala Harris responded to a question on voters saying ...",2024-10-22
17,https://www.breitbart.com/politics/2024/10/29/biden-trashes-voters-in-closing-argument-calls-trump-supporters-garbage/,Watch — Biden Trashes Trump Voters: 'The Only Garbage I See ...,"Oct 29, 2024 ... “This is disgusting. Kamala Harris and her boss Joe Biden are attacking half of the country. There's no excuse for this. I hope Americans reject it,” said JD ...",2024-10-29
18,https://www.breitbart.com/clips/2024/10/28/nbcs-mitchell-biden-harris-lebanon-stance-quite-a-mixed-message/,NBC's Mitchell: Biden-Harris Lebanon Stance 'Quite a Mixed Message',"Oct 28, 2024 ... ... Kamala Harris; with Joel Pollak. While speaking with NBC News Chief International Analyst and former NATO Supreme Allied Commander Adm. James Stavridis (Ret ...",2024-10-28
19,https://www.breitbart.com/entertainment/2024/10/23/eminem-endorses-kamala-harris-says-she-will-protect-freedom-of-speech/,"Eminem Endorses Kamala Harris, Says She Will Protect Freedom of ...","Oct 23, 2024 ... Detroit native and world-famous rapper Eminem stood up for Kamala Harris during a Michigan rally on Tuesday.",2024-10-23
20,https://www.breitbart.com/entertainment/2024/10/30/arnold-schwarzenegger-mocked-for-harris-endorsement-go-screw-another-nanny-like-kamalas-husband-did/,Arnold Schwarzenegger Mocked for Harris Endorsement: 'Go Screw ...,"Oct 30, 2024 ... While endorsing Kamala Harris, Arnold Schwarzenegger said that while he doesn't ""like either party right now,"" and ""hate[s] politics more than ever,"" he is ...",2024-10-30
21,https://www.breitbart.com/2nd-amendment/2024/10/28/fact-check-kamala-harris-claims-without-evidence-that-trump-will-take-away-black-mens-2nd-amendment-rights/,Kamala Harris Claims Trump Will Take Black Men's Guns Away,"Oct 28, 2024 ... During an appearance on ""Club Shay Shay,"" Kamala Harris claimed that Donald Trump will take away black men's Second Amendment rights.",2024-10-28
22,https://www.breitbart.com/entertainment/2024/10/31/wet-ass-psy-rapper-cardi-b-to-endorse-kamala-at-wisconsin-rally-after-saying-biden-really-fked-up-the-country/,'Wet Ass P**sy' Rapper Cardi B to Endorse Kamala at Wisconsin ...,"Oct 31, 2024 ... ""Wet Ass Pu**y"" rapper Cardi B is set to endorse Kamala Harris at an upcoming rally in the battleground state of Wisconsin one year after the star publicly ...",2024-10-31
23,https://www.breitbart.com/economy/2024/10/21/leading-economic-index-declines-driven-by-manufacturing-and-housing-weakness/,"Leading Economic Index Declines, Driven By Manufacturing and ...","Oct 21, 2024 ... The timing is problematic for Vice President Kamala Harris, whose campaign has highlighted manufacturing growth as a key achievement of the Biden-Harris ...",2024-10-21
24,https://www.breitbart.com/politics/2024/10/31/exclusive-jd-vance-response-to-mark-cuban-insulting-to-my-wife-melania-trump-lara-trump-and-all-women-supporting-trump/,"Vance to Cuban: 'Insulting to My Wife,' All Women Trump Supporters","Oct 31, 2024 ... Whether it's Mark Cuban or Kamala Harris or Joe Biden, why are these ... And the only opportunity really that we get to reject this, to tell Kamala Harris ...",2024-10-31
25,https://www.breitbart.com/crime/2024/10/25/kamala-harris-repeatedly-refuses-take-stance-california-proposition-toughen-crime-penalties/,Kamala Harris Refuses to Take Stance on CA Proposition to ...,"Oct 25, 2024 ... Vice President Kamala Harris continues to avoid taking a stance on a California proposition that would toughen crime penalties.",2024-10-25
26,https://www.breitbart.com/faith/2024/10/28/nazi-rally-fail-hasidic-jews-endorse-trump-after-msg-event-harris-a-threat-to-the-jewish-people/,'Nazi Rally' Fail: Hasidic Jews Endorse Trump After MSG Event ...,"Oct 28, 2024 ... The decision follows a set of discussions by the Satmar leadership, due to concerns that US Vice President Kamala Harris may pose a threat to the “Jewish people ...",2024-10-28
27,https://www.breitbart.com/entertainment/2024/10/26/meet-the-kamala-harris-celebrity-whisperer-who-organizes-hollywood-stars-for-political-deployment/,Meet the 'Kamala Harris Celebrity Whisperer' Who Organizes ...,"Oct 26, 2024 ... It turns out there is nothing organic or spontaneous about all those Hollywood celebrities lining up to endorse Kamala Harris in recent weeks.",2024-10-26
28,https://www.breitbart.com/politics/2024/10/23/report-at-least-600-venezuelan-gang-members-now-living-in-u-s-after-nearly-4-years-of-biden-harris-border-policy/,Report: At Least 600 Venezuelan Gang Members Now Living in U.S.,"Oct 23, 2024 ... ... Kamala Harris's policy at the border that has welcomed millions of migrants to American communities. DHS data, obtained and published by NBC News, shows ...",2024-10-23
29,https://www.breitbart.com/entertainment/2024/10/25/triggered-celebs-cancel-washington-post-and-los-angeles-times-subscriptions-after-neither-endorse-kamala/,Triggered Celebs Cancel Washington Post and Los Angeles Times ...,"Oct 25, 2024 ... On Tuesday the Los Angeles Times declined to endorse Vice President Kamala Harris for president. On Friday, the Washington Post said the same.",2024-10-25
30,https://www.breitbart.com/politics/2024/10/30/watch-donald-trump-rides-garbage-truck-to-wisconsin-rally-250-million-people-are-not-garbage/,Watch—Trump Rides Garbage Truck to WI Rally: '250 Million People ...,"Oct 30, 2024 ... “Kamala Harris is not fit to be president of the United States. She doesn't have the intellect, the stamina, or that special quality that real leaders must ...",2024-10-30
31,https://www.breitbart.com/clips/2024/10/23/harris-spox-on-hispanic-voters-giving-low-marks-to-economy-people-want-change-and-trump-is-stasis/,Harris Spox on Hispanic Voters Giving Low Marks to Economy ...,"Oct 23, 2024 ... ... Kamala Harris is improving in her numbers on economic issues and that while he doesn't completely agree with the assessment that Harris has to try to break ...",2024-10-23
32,https://www.breitbart.com/politics/2024/10/28/exclusive-georgia-father-who-lost-son-fentanyl-biden-harris-administration-has-done-nothing-crisis/,Exclusive – Georgia Father Who Lost Son to Fentanyl: 'Biden-Harris ...,"Oct 28, 2024 ... Follow him on X/Twitter at @BradleyAJaye. 2024 Election · Health · Politics · Donald Trump · Exclusive 2024 Elections · fentanyl · Joe Biden · Kamala Harris ...",2024-10-28
33,https://www.breitbart.com/the-media/2024/10/23/nolte-atlantics-hitler-hoax-one-more-media-plea-assassinate-trump/,Nolte: Atlantic's Hitler Hoax Is One More Media Plea to Assassinate ...,"Oct 23, 2024 ... Keep in mind that under the ownership of Laurene Powell Jobs, who just so happens to be one of Vice President Kamala Harris's largest donors, the Atlantic ...",2024-10-23
34,https://www.breitbart.com/tag/mcdonalds/,McDonald's Articles - Breitbart,"Oct 22, 2024 ... Nolte: Kamala Harris Continues to Claim, Without Evidence, She Worked at McDonald's.",2024-10-22
35,https://www.breitbart.com/2024-election/2024/10/23/harris-campaign-allies-hide-her-support-for-mass-migration/,"Harris's Campaign, Allies Hide Her Support for Mass Economic ...","Oct 23, 2024 ... Progressives want Kamala Harris to champion migration, but she's downplaying her support for the unpopular policy of mass migration.",2024-10-23
36,https://www.breitbart.com/2024-election/2024/10/28/exclusive-ex-dem-fundraiser-reveals-how-out-of-touch-donors-took-over-party-coronated-kamala-abandoned-working-class/,Exclusive: Ex-Dem Operative Reveals 'Out of Touch' Donors Took ...,"Oct 28, 2024 ... ... Kamala Harris at the behest of elite donors. In an exclusive interview with Breitbart News, Barker described how her lifelong loyalty to the Democratic ...",2024-10-28
37,https://www.breitbart.com/clips/2024/10/24/harris-co-chair-on-if-she-supports-wall-she-doesnt-say-my-way-or-the-highway/,Harris Co-Chair on if She Supports Wall: She Doesn't Say 'My Way ...,"Oct 24, 2024 ... Harris-Walz Campaign Co-Chair Mitch Landrieu responded to a question on if 2024 Democratic presidential candidate Vice President Kamala Harris supports a ...",2024-10-24
38,https://www.breitbart.com/tag/usa-today/,USA Today Articles - Breitbart,"Oct 28, 2024 ... Elizabeth Weibel. 28 Oct 2024, 10:44 PM PDT. Kamala Harris ...",2024-10-28
39,https://www.breitbart.com/politics/2024/10/25/nolte-donald-trump-surges-to-national-lead-in-new-york-times-poll/,Nolte: Donald Trump Surges to National Lead in New York Times Poll,"Oct 25, 2024 ... In a national poll from NY Times/Sienna released Friday, Donald Trump has surged to a one-point lead over Kamala Harris, 47 to 46 percent.",2024-10-25
40,https://www.breitbart.com/tag/twitch/,Twitch Articles - Breitbart,"Oct 29, 2024 ... Democratic presidential nominee Vice President Kamala Harris speaks, Thursday, Oct. 10, 20. 'This Guy Was a Coach?!': Tim Walz Mocked for Lack of Football ...",2024-10-29
41,https://www.breitbart.com/tag/trump-campaign/,Trump Campaign Articles - Breitbart,"Oct 29, 2024 ... Elizabeth Weibel. 6 Nov 2024, 1:16 PM PDT. Democratic presidential nominee Vice President Kamala Harris participates ...",2024-10-29
42,https://www.breitbart.com/politics/2024/10/25/joe-rogan-trump-roast-kamala-abandoning-her-left-wing-policies-and-stealing-trumps-im-gonna-send-her-a-maga-cap/,"Joe Rogan, Trump Roast Kamala Abandoning Her Left-Wing ...","Oct 25, 2024 ... Joe Rogan and former President Donald Trump roasted Vice President Kamala Harris for abandoning her left-wing policies and stealing Trump's.",2024-10-25
43,https://www.breitbart.com/politics/2024/10/30/meghan-mccain-rips-biden-for-garbage-smear-honestly-breaks-my-heart/,Meghan McCain Rips Biden for 'Garbage' Smear -- 'Honestly Breaks ...,"Oct 30, 2024 ... Biden's comments came in the final week of a tense campaign in which Vice President Kamala Harris has slowly but steadily fallen in the polls – and ...",2024-10-30
44,https://www.breitbart.com/entertainment/2024/10/23/ben-stiller-re-teams-with-doug-emhoff-for-zoolander-riff-following-pro-abortion-video/,Ben Stiller Re-Teams with Doug Emhoff for 'Zoolander' Riff ...,"Oct 23, 2024 ... Hollywood star Ben Stiller and Second Husband Doug Emhoff, the spouse of Kamala Harris, are fast becoming buddies and can't seem to get enough of each other ...",2024-10-23
45,https://www.breitbart.com/tech/2024/10/28/tim-walz-and-aoc-stream-video-games-on-twitch-in-desperate-attempt-to-reach-young-men/,Tim Walz and AOC Stream Video Games on Twitch in Desperate ...,"Oct 28, 2024 ... ... issues of free speech and online censorship. 2024 Election · Politics · Tech · Alexandria Ocasio-Cortez (AOC) · Kamala Harris · Tim Walz · Twitch · video games ...",2024-10-28
46,https://www.breitbart.com/immigration/2024/10/31/jd-vance-to-joe-rogan-amnesty-will-end-democracy/,JD Vance to Joe Rogan: Amnesty Will End Democracy,"Oct 31, 2024 ... And that means, fundamentally, the end of American democracy, because you're talking about 25 million [illegal migrant] people here. If Kamala Harris gives 10 ...",2024-10-31
47,https://www.breitbart.com/2024-election/2024/10/27/watch-casting-ballot-donald-trump-22-year-old-former-dnc-delegate-switches-republican-party/,WATCH: 22-Year-Old Former DNC Delegate Switches to ...,"Oct 27, 2024 ... ' And for the rulers of the Democratic Party elite to install Kamala Harris as the presidential nominee via stripping the vote of 14 million Americans ...",2024-10-27
48,https://www.breitbart.com/2024-election/2024/10/24/doug-emhoffs-ex-who-claims-he-slapped-her-says-shes-disgusted-fake-perfect-spouse-persona/,"Ex Who Says Doug Emhoff Slapped Her Speaks Out, Is 'Disgusted ...","Oct 24, 2024 ... A former girlfriend of Doug Emhoff, Vice President Kamala Harris's husband, reportedly is ""disgusted by his fake 'perfect spouse' persona.""",2024-10-24
49,https://www.breitbart.com/politics/2024/10/30/marine-corps-veteran-murdered-cartels-one-presidential-candidate-reached-out/,Marine Vet Is Murdered by Mexican Cartel; Only One Presidential ...,"Oct 30, 2024 ... ... Kamala Harris. Instead, nothing. “I was shocked by this,” Doug said. “This is an American killed on the other side of the border … you'd think this would be ...",2024-10-30
50,https://www.breitbart.com/tag/newspapers/,Newspapers Articles - Breitbart,"Oct 28, 2024 ... Newspapers ; USA Today Becomes Latest Publication to Snub Kamala Harris with Non-Endorsement · Elizabeth Weibel. 28 Oct 2024, 5:46 PM PDT ; Online News Overtakes ...",2024-10-28
51,https://www.breitbart.com/entertainment/2024/10/22/stephen-spielberg-spike-lee-queen-latifah-among-bidens-u-s-arts-and-humanities-recipients/,"Stephen Spielberg, Spike Lee, Queen Latifah Among Biden's U.S. ...","Oct 22, 2024 ... Biden took a brief detour in his remarks to give a shout-out to Vice President Kamala Harris' run for the White House. “I know the power of the women in ...",2024-10-22
52,https://www.breitbart.com/radio/2024/10/29/exclusive-karoline-leavitt-democrat-party-has-turned-into-the-anti-trump-party/,Karoline Leavitt: Democrat Party Has Turned into the 'Anti-Trump Party',"Oct 29, 2024 ... ... Kamala Harris delivering her final campaign message on the D.C. Ellipse. “It's the closing argument. I think it makes it very simple for voters, right? You ...",2024-10-29
53,https://www.breitbart.com/videos/v/EdTAk2aY/?pl=Ij6NDOji,Video - Breitbart,"Oct 24, 2024 ... On Wednesday, CNN Political Commentator and former Obama Adviser Van Jones said 2024 Democratic presidential candidate Vice President Kamala Harris ...",2024-10-24
54,https://www.breitbart.com/tag/war-room/,War Room Articles - Breitbart,"Oct 29, 2024 ... Gold Star Families: Kamala Harris Never Called Us, Shows She Views Service Members as 'Disposable'. Vice President Kamala Harris's decision to ignore Gold ...",2024-10-29
55,https://www.breitbart.com/crime/2024/10/27/watch-jocelyn-nungarays-grieving-mom-joins-trump-at-texas-rally/,Watch: Jocelyn Nungaray's Grieving Mom Joins Trump at Texas Rally,"Oct 27, 2024 ... Vice President Kamala Harris was widely criticized for her lackluster acknowledgment of Jocelyn's death when questioned on it by Fox News's Bret Baier in an ...",2024-10-27
56,https://www.breitbart.com/videos/v/6CvSBRdZ/?pl=K8eyQEml,Video - Breitbart,"Oct 28, 2024 ... Kamala Asking for a Medic Gets Drowned Out by ""I Can't Breathe"" Chants. Kamala Harris struggled to get the audience's attention, attempting to get a medic over ...",2024-10-28
57,https://www.breitbart.com/2024-election/2024/10/25/left-wing-groups-using-downright-dystopian-tactics-boost-voter-turnout/,Left-Wing Groups Using 'Downright Dystopian' Tactics to Boost Voter ...,"Oct 25, 2024 ... ... Kamala Harris.” According to the report, the initiatives are run by a “vast, shadow” network of partisan groups operating under nonpartisan banners. Largely ...",2024-10-25
58,https://www.breitbart.com/politics/2024/10/26/exclusive-dave-mccormick-swing-state-dems-cozying-up-to-trump-are-in-a-state-of-panic/,Dave McCormick: Dems Cozying Up to Trump Are 'In a State of Panic',"Oct 26, 2024 ... “When the bullets start flying, he ducks. And, he's voted 98 percent of the time for this radical, liberal agenda of Kamala Harris and Joe Biden. So, he's a ...",2024-10-26
59,https://www.breitbart.com/entertainment/2024/10/31/nolte-kimmel-spreads-disinformation-voters-his-show-meme-guy-sentenced-prison-for-same/,Nolte: Kimmel Spreads Disinformation to Voters on His Show ...,"Oct 31, 2024 ... Nevertheless, here's what Kimmel told Kamala Harris supporters Wednesday night: “Vote early, vote early. If you can't vote early, vote on time.” And here's ...",2024-10-31
60,https://www.breitbart.com/politics/2024/10/24/latest-trump-accuser-is-another-democrat-activist/,Latest Donald Trump Accuser Is Another Democrat Activist,"Oct 24, 2024 ... ... surprise.” “It's obvious this fake story was contrived by the Harris campaign,” Leavitt added. 2024 Election · Politics · Donald Trump · Kamala Harris ...",2024-10-24
61,https://www.breitbart.com/clips/2024/10/25/mark-cuban-trumps-tariffs-will-kill-christmas/,Mark Cuban: Trump Tariffs Will Kill Christmas,"Oct 25, 2024 ... ... anything that's happened before.” Follow Pam Key on X @pamkeyNEN · Clips · Politics · 2024 Presidential Election · Donald Trump · Kamala Harris · Mark Cuban ...",2024-10-25
62,https://www.breitbart.com/2024-election/2024/10/28/trump-america-needs-religion-glue-holds-together/,Trump: America 'Needs Religion. It's Like the Glue That Holds It ...,"Oct 28, 2024 ... ... Ibrahim [Abraham].” 2024 Election · Faith · Politics · Catholic Church · Catholics · Christianity · Donald Trump · Judeo-Christian Values · Kamala Harris ...",2024-10-28
63,https://www.breitbart.com/middle-east/2024/10/23/israel-approaches-hebrew-anniversary-of-october-7-strength-and-pain/,"Israel Approaches Hebrew Anniversary of October 7: Strength, and ...","Oct 23, 2024 ... ... Kamala Harris Surrogate Megan T Rapper Tory Lanez Stabbed in Prison While Serving Time · Rand Paul ...",2024-10-23
1,https://www.breitbart.com/politics/2024/09/10/21-kamala-harris-false-claims-hoaxes-that-debate-moderators-did-not-fact-check/,21 False Claims & Hoaxes by Kamala Harris that ABC's Debate ...,"Sep 10, 2024 ... Vice President Kamala Harris issued a slew of false claims and hoaxes that ABC debate moderators did not fact check during Tuesday's debate against former ...",2024-09-10
2,https://www.breitbart.com/politics/2024/09/10/embarrassing-kamala-harris-plagiarized-joe-bidens-campaign-policies-for-website/,'Embarrassing': Kamala Harris Plagiarized Joe Biden's Campaign ...,"Sep 10, 2024 ... Vice President Kamala Harris's campaign plagiarized policies from President Joe Biden's campaign website, copying and pasting onto its “issues” page Sunday.",2024-09-10
3,https://www.breitbart.com/politics/2024/09/06/exclusive-photo-essay-kamala-harriss-middle-class-upbringing-in-westmount-canada/,Exclusive: Photo Essay — Kamala Harris's 'Middle-Class ...,"Sep 6, 2024 ... Running for president in a political moment when victimhood is currency, Kamala Harris paints herself as being brought up on the ""streets.""",2024-09-06
4,https://www.breitbart.com/2024-election/2024/09/10/fact-check-kamala-harris-claims-she-was-raised-in-the-middle-class/,Fact Check: Kamala Harris Claims She Was Raised in the Middle ...,"Sep 10, 2024 ... Vice President Kamala Harris claimed during Tuesday night's presidential debate that she had a middle-class upbringing. VERDICT: Mostly false.",2024-09-10
5,https://www.breitbart.com/the-media/2024/09/10/fact-check-abc-moderators-fail-to-correct-kamala-harris-alluding-to-suckers-and-losers-hoax/,Fact Check: ABC Moderators Fail to Correct Kamala Harris Alluding ...,"Sep 10, 2024 ... CLAIM: Kamala Harris claimed that Donald Trump had disparaged the military, including the fallen. VERDICT: FALSE. This is a familiar hoax started by the left- ...",2024-09-10
6,https://www.breitbart.com/sports/2024/09/05/professing-christian-steph-curry-endorsing-kamala-harris-protect-abortion-rights-despite-nearly-being-aborted-himself/,Professing 'Christian' Steph Curry Endorsing Kamala Harris to ...,"Sep 5, 2024 ... NBA star Steph Curry insisted that endorsing Kamala Harris was not a ""tough"" decision because Harris supports abortion.",2024-09-05
7,https://www.breitbart.com/entertainment/2024/09/10/bette-midler-hopes-trump-will-poop-his-pants-during-debate-with-kamala-harris/,Bette Midler Hopes Trump Will 'Poop' His Pants During Debate with ...,"Sep 10, 2024 ... Bette Midler Hopes Trump Will 'Poop' His Pants During Debate with Kamala Harris. 89 hocusmidler Disney. David Ng. 10 Sep 2024. 1:29. Disney's Hocus Pocus 2 star ...",2024-09-10
8,https://www.breitbart.com/politics/2024/09/08/fact-check-walz-claims-being-gay-in-nebraska-is-still-technically-illegal/,Fact Check: Walz Claims 'Being Gay' in Nebraska is 'Technically ...,"Sep 8, 2024 ... While speaking at the 2024 annual gala for the Human Rights Campaign Walz spoke about how if elected president, Vice President Kamala Harris would “fight ...",2024-09-08
9,https://www.breitbart.com/politics/2024/09/05/biden-admits-inflation-reduction-act-was-wrongly-named-we-shouldve-named-it-what-it-was/,Biden Admits Inflation Reduction Act Was Wrongly Named,"Sep 5, 2024 ... The legislation narrowly escaped the Senate via a 51-50 party-line vote, with Vice President Kamala Harris serving as the tiebreaker. The Democrat ...",2024-09-05
10,https://www.breitbart.com/tag/willie-brown/,Willie Brown Articles - Breitbart,"Sep 10, 2024 ... California Governor Gavin Newsom could appoint himself U.S. Senator to replace Sen. Kamala Harris (D-CA) if she and Joe Biden are certified as the winners ...",2024-09-10
11,https://www.breitbart.com/the-media/2024/09/10/fact-check-abcs-linsey-davis-tries-to-correct-trump-on-abortion/,Fact Check: ABC's Linsey Davis Tries to Correct Trump on Abortion,"Sep 10, 2024 ... ABC News' Linsey Davis decided to side openly with Vice President Kamala Harris in the presidential debate on Tuesday night, repeating the mistake CNN's ...",2024-09-10
12,https://www.breitbart.com/podcast/2024/09/10/breitbart-news-daily-podcast-ep-613-breitbart-politics-editor-emma-jo-morris-on-tonights-debate/,Breitbart News Daily Podcast Ep. 613: Breitbart Politics Editor Emma ...,"Sep 10, 2024 ... ... Mike Slater to preview tonight's big debate between former President Donald Trump and Vice President Kamala Harris.",2024-09-10
13,https://www.breitbart.com/tech/2024/09/07/lawfare-brought-me-off-the-sidelines-silicon-valley-titan-naval-ravikant-endorses-donald-trump/,Lawfare 'Brought Me Off the Sidelines:' Silicon Valley Titan Naval ...,"Sep 7, 2024 ... If you want the case against Kamala Harris, it's the fact that she was DA in San Francisco and San Francisco's a mess. And, in fact, afterwards she ...",2024-09-07
14,https://www.breitbart.com/middle-east/2024/09/08/emily-austin-jews-have-a-duty-to-speak-out-elect-trump/,"Emily Austin: Jews Have a Duty to Speak Out, Elect Trump","Sep 8, 2024 ... ... Kamala Harris and Gov. Tim Walz of Minnesota would “pour gasoline on the fire of Jew-hatred in the United States.” She accused President Joe Biden of ...",2024-09-08
15,https://www.breitbart.com/politics/2024/09/04/chicago-sun-times-columnist-id-pick-hamas-over-netanyahu/,Chicago Sun-Times Columnist: I'd Pick Hamas over Netanyahu,"Sep 4, 2024 ... Democrats have struggled to deal with the anti-Israel (and, in some cases, antisemitic) wing of their party. Vice President Kamala Harris has said she would not ...",2024-09-04
16,https://www.breitbart.com/news/alabama-congressional-district-redrawn-to-better-represent-black-voters-sparks-competitive-race/,Alabama congressional district redrawn to better represent Black ...,"Sep 7, 2024 ... The switch to Vice President Kamala Harris at the top of the Democratic ticket should benefit Figures, said Democratic pollster Zac McCrary. “Black voters ...",2024-09-07
1,https://www.breitbart.com/sports/2024/09/19/nfl-hall-of-fame-coach-tony-dungy-calls-out-kamala-harris-faith-based-abortion-post/,NFL Hall of Fame Coach Tony Dungy Calls Out Kamala Harris' 'Faith ...,"Sep 19, 2024 ... Legendary coach Tony Dungy recently called out Vice President Kamala Harris for a faith-based post in favor of abortion.",2024-09-19
2,https://www.breitbart.com/entertainment/2024/09/11/megyn-kelly-dana-walden-close-friend-of-kamala-harris-runs-disney-owned-abc-news-the-moderators-did-her-bidding-theyre-trying-to-steal-this-election/,"Megyn Kelly: Dana Walden, Close Friend of Kamala Harris, Runs ...","Sep 11, 2024 ... Megyn Kelly: Dana Walden, Close Friend of Kamala Harris, Runs Disney-Owned ABC News. The Moderators Did Her Bidding: 'They're Trying to Steal This Election ...",2024-09-11
3,https://www.breitbart.com/the-media/2024/09/15/abc-moderator-linsey-davis-admits-fact-checking-was-only-planned-for-trump/,ABC Moderator Linsey Davis Admits: 'Fact-checking' Was Only ...,"Sep 15, 2024 ... ... Kamala Harris. As Breitbart News noted, Davis and co-moderator David Muir fact-checked Trump seven times — often incorrectly — while never fact-checking ...",2024-09-15
4,https://www.breitbart.com/2024-election/2024/09/20/kamala-harris-gives-90-word-rambling-response-plan-lower-costs/,Kamala Harris Gives 90-Word Rambling Response About Plan to ...,"Sep 20, 2024 ... Vice President Kamala Harris delivered another word salad when asked on Thursday to detail her plan to lower soaring costs.",2024-09-20
5,https://www.breitbart.com/entertainment/2024/09/17/disneys-dana-walden-refuses-to-answer-if-extraordinary-friendship-with-kamala-harris-affected-abc-news-debate/,Disney's Dana Walden Refuses to Answer if 'Extraordinary ...,"Sep 17, 2024 ... A top Walt Disney Company executive is refusing to answer if her close friendship with Kamala Harris affected last week's ABC News presidential debate.",2024-09-17
6,https://www.breitbart.com/clips/2024/09/20/harris-walz-adviser-harris-was-joking-about-shooting-an-intruder/,Harris-Walz Adviser: Harris 'Was Joking' About Shooting an Intruder,"Sep 20, 2024 ... ... Kamala Harris was just joking when she talked about shooting someone who broke into her house, “but I think it's important that people know that the Vice ...",2024-09-20
7,https://www.breitbart.com/politics/2024/09/15/media-bury-kamala-harris-disastrous-first-solo-interview/,Media Bury Kamala Harris's Disastrous First Solo Interview,"Sep 15, 2024 ... The mainstream media have buried Vice President Kamala Harris's first solo interview in the eight weeks since she joined the presidential race, ...",2024-09-15
8,https://www.breitbart.com/immigration/2024/09/13/trump-kamala-harris-is-the-godmother-of-sanctuary-cities/,Trump: Kamala Harris Is the 'Godmother of Sanctuary Cities',"Sep 13, 2024 ... Trump called Kamala Harris the ""Godmother of sanctuary cities"" as he noted her record of lenience toward violent criminals in San Francisco.",2024-09-13
9,https://www.breitbart.com/2024-election/2024/09/12/kamala-harriss-jewish-support-sinks-lowest-level-democrat-since-michael-dukakis-1988/,Pew Poll: Harris's Jewish Support Sinks to Lowest Level Since 1988,"Sep 12, 2024 ... Kamala Harris's support among Jewish voters is at its lowest level for a Democrat since Michael Dukakis lost to George H. W. Bush.",2024-09-12
10,https://www.breitbart.com/entertainment/2024/09/11/taylor-swift-endorses-kamala-harris-two-days-after-variety-says-no-endorsement-would-be-regrettable/,Taylor Swift Endorses Kamala Harris Two Days After Variety Says ...,"Sep 11, 2024 ... Was it a coincidence? Taylor Swift's endorsement of Kamala Harris comes just two days after Hollywood trade publication Variety shamed the pop diva for her ...",2024-09-11
11,https://www.breitbart.com/entertainment/2024/09/11/taylor-swift-endorses-kamala-harris-two-days-after-variety-says-no-endorsement-would-be-regrettable/,Taylor Swift Endorses Kamala Harris Two Days After Variety Says ...,"Sep 11, 2024 ... Was it a coincidence? Taylor Swift's endorsement of Kamala Harris comes just two days after Hollywood trade publication Variety shamed the pop diva for her ...",2024-09-11
12,https://www.breitbart.com/politics/2024/09/12/trump-pledges-to-end-taxes-on-overtime-hardest-working-citizens-in-our-country/,Trump Pledges to End Taxes on Overtime: 'Hardest-Working Citizens',"Sep 12, 2024 ... His opponent, Vice President Kamala Harris, has made a similar pledge. “It is my promise to everyone here when I am president we will continue to fight for ...",2024-09-12
13,https://www.breitbart.com/tag/philadelphia/,Philadelphia Articles - Breitbart,"Sep 19, 2024 ... WATCH — Awkward: Kamala Harris Makes Odd Facial Expressions While Debating Donald Trump ... Philadelphia Mayor May Have Prematurely Leaked Kamala Harris's ...",2024-09-19
14,https://www.breitbart.com/2024-election/2024/09/15/report-white-house-officials-upset-harris-did-not-stand-up-for-biden/,Report: White House Officials Upset Harris 'Did Not Stand Up for ...,"Sep 15, 2024 ... White House officials are upset with Vice President Kamala Harris for not defending the Biden-Harris administration's record and President Joe Biden's service.",2024-09-15
15,https://www.breitbart.com/politics/2024/09/14/new-york-times-removes-nazi-language-from-headline-on-column-criticizing-jd-vance/,NYT Removes Nazi Language from Headline of Criticism of JD Vance,"Sep 14, 2024 ... Follow him on X/Twitter at @BradleyAJaye. 2024 Election · Media · Politics · America First · Donald Trump · JD Vance · Kamala Harris · Nazi · New York Times ...",2024-09-14
16,https://www.breitbart.com/entertainment/2024/09/17/mega-producer-pharrell-tells-hollywood-celebrities-to-stop-lecturing-people-on-how-to-vote-shut-up-nobody-asked-you/,Mega Producer Pharrell Tells Hollywood Celebrities to Stop ...,"Sep 17, 2024 ... As Breitbart News reported, two recent polls are showing that Taylor Swift's endorsement of Kamala Harris isn't energizing voters as much as Democrats had hoped ...",2024-09-17
17,https://www.breitbart.com/tag/late-term-abortion/,late-term abortion Articles - Breitbart,"Sep 12, 2024 ... Katherine Hamilton. 6 Nov 2024, 5:12 PM PDT. Vice President Kamala Harris speaks about Florida's new ...",2024-09-12
18,https://www.breitbart.com/politics/2024/09/12/chelsea-clinton-trump-is-scared-of-kamala/,Chelsea Clinton: Trump Is 'Scared' of Kamala,"Sep 12, 2024 ... Guest host Chelsea Clinton said Thursday on ABC's ""The View"" that former President Donald Trump was ""scared"" of Vice President Kamala Harris after their ...",2024-09-12
19,https://www.breitbart.com/clips/2024/09/18/harris-campaign-tough-to-define-price-gouging-she-wants-to-ban/,Harris Campaign: 'Tough to Define' 'Price Gouging' She Wants to Ban,"Sep 18, 2024 ... Lindy Li acknowledged that the “price gouging” that 2024 Democratic presidential candidate Vice President Kamala Harris wants to ban is difficult to actually ...",2024-09-18
20,https://www.breitbart.com/podcast/2024/09/20/breitbart-news-daily-podcast-ep-621-bill-oreilly-on-confronting-the-presidents/,Breitbart News Daily Podcast Ep. 621: Bill O'Reilly on 'Confronting ...,"Sep 20, 2024 ... Kamala Harris' Role In CA's Prop 57 Is Getting ZERO Media Coverage! And Bill O'Reilly Has A New Book Out! Kamala Harris' Role In CA's Prop 57 Is Getting ...",2024-09-20
21,https://www.breitbart.com/politics/2024/09/12/media-admit-babies-are-aborted-weeks-before-birth-because-they-are-unwanted/,Media Admit Babies Are Aborted Weeks Before Birth Because They ...,"Sep 12, 2024 ... On Tuesday — the same day former President Donald Trump cornered Vice President Kamala Harris on whether she supports abortions in the seventh, eighth, and ...",2024-09-12
22,https://www.breitbart.com/tag/ben-jerrys/,Ben & Jerry's Articles - Breitbart,"Sep 15, 2024 ... Tim Walz Claims Kamala Harris Picked Him as Running Mate Because He Could ...",2024-09-15
23,https://www.breitbart.com/politics/2024/09/14/exclusive-cbp-one-app-migrants-released-into-u-s-no-asylum-questions-asked/,EXCLUSIVE: CBP One App Migrants Released into U.S. -- No ...,"Sep 14, 2024 ... Poll: Kamala Harris Leads Democrat 2028 Presidential Field · Paul Skenes ... Trump Revokes Security Clearances for Joe Biden, Kamala Harris, and Others ...",2024-09-14
24,https://www.breitbart.com/2024-election/2024/09/16/biden-appointee-jose-andres-posed-for-photo-with-would-be-trump-assassin/,Biden Appointee José Andrés Posed for Photo with Would-Be ...,"Sep 16, 2024 ... ... Kamala Harris Surrogate Megan T Rapper Tory Lanez Stabbed in Prison While Serving Time; Rand Paul ...",2024-09-16
25,https://www.breitbart.com/tag/cbp-one/,CBP One Articles - Breitbart,"Sep 11, 2024 ... ... Kamala Harris's mobile app for migrants at the southern border has “been on the books since 1990.” John Binder. 1 Oct 2024, 8:32 PM PDT. NEW YORK - OCTOBER 01 ...",2024-09-11
26,https://www.breitbart.com/2024-election/2024/09/16/report-would-be-trump-assassins-book-encouraged-iran-kill-trump/,Report: Alleged Trump Assassin's Book Encouraged Iran to Kill Trump,"Sep 16, 2024 ... “Not one media outlet examined its own rhetoric or that of Kamala Harris and the Democrats against Trump,” Breitbart News's Joel Pollak reported. Wendell ...",2024-09-16
27,https://www.breitbart.com/tag/shoplifting/,shoplifting Articles - Breitbart,"Sep 19, 2024 ... Tim Walz Claims Kamala Harris Picked Him as Running Mate Because He Could 'Code- Walz: Harris Picked Me Because I Could 'Code-Talk to White Guys' · Biden ...",2024-09-19
28,https://www.breitbart.com/politics/2024/09/17/black-voters-slam-chicago-mayor-destroying-black-community-migrant-flood/,Black Voters Slam Chicago Mayor for 'Destroying Black Community ...,"Sep 17, 2024 ... A recent poll noted that Barack Obama enjoyed 95 percent support from black voters during his two runs for the White House. But today, Kamala Harris is only ...",2024-09-17
29,https://www.breitbart.com/tag/maggie-haberman/,Maggie Haberman Articles - Breitbart,"Sep 20, 2024 ... ... Kamala Harris. Haberman said, “She is a. Pam Key. 13 Aug 2024, 8:19 PM PDT. Maggie Haberman · Haberman: Trump 'Made a Pretty Specific Stare' After Report he ...",2024-09-20
1,https://www.breitbart.com/politics/2024/09/24/trump-campaign-kamala-harris-blood-hands-migrant-crime/,Trump Campaign: Kamala Harris Has 'Blood on Her Hands' from ...,"Sep 24, 2024 ... Vice President Kamala Harris has “blood on her hands” caused by the increase in migrant crime in the United States, according to the Trump campaign.",2024-09-24
2,https://www.breitbart.com/politics/2024/09/28/poll-trump-leading-kamala-harris-in-five-key-swing-states/,Poll: Trump Leading Kamala Harris in Five Key Swing States,"Sep 28, 2024 ... Former President Donald Trump is leading Vice President Kamala Harris in five key swing states, according to a recent poll.",2024-09-28
3,https://www.breitbart.com/2nd-amendment/2024/09/27/kamala-harris-invokes-survivors-and-survivors-we-have-lost-in-gun-control-push/,Kamala Harris Pushes Gun Control for All The 'Survivors We Have ...,"Sep 27, 2024 ... Kamala Harris Invokes 'Survivors' and 'Survivors We Have Lost' in Gun Control Push. 1,567 WASHINGTON, DC - SEPTEMBER 26: Democratic presidential nominee, U.S. ...",2024-09-27
4,https://www.breitbart.com/entertainment/2024/09/30/netflix-cancelations-spiked-after-ceo-reed-hastings-pledged-millions-to-kamala-harris/,Netflix Cancelations Spiked After CEO Reed Hastings Pledged ...,"Sep 30, 2024 ... Netflix cancelations have reportedly spiked after the streaming platform's CEO Reed Hastings announced he'd donate millions to Vice President Kamala Harris's",2024-09-30
5,https://www.breitbart.com/entertainment/2024/09/23/janet-jackson-apologizes-for-saying-kamala-harris-not-black-father-was-white/,Janet Jackson Says Kamala Harris Is 'Not Black': 'That's What I ...,"Sep 23, 2024 ... Janet Jackson Says Kamala Harris Is 'Not Black': 'That's What I Heard. That She's Indian'. 1,484 LAS VEGAS, NV - May 15: 2022 BILLBOARD MUSIC AWARDS ...",2024-09-23
6,https://www.breitbart.com/entertainment/2024/09/29/sopranos-star-drea-de-matteo-calls-pro-kamala-harris-celebrities-meaningless-hollywood-is-dead-the-music-industry-is-dead/,'Sopranos' Star Drea de Matteo Calls Pro-Kamala Harris Celebrities ...,"Sep 29, 2024 ... The music industry is dead,” and questioned the “integrity” of celebrities publicly claiming they support Vice President Kamala Harris in the 2024 election. “I' ...",2024-09-29
7,https://www.breitbart.com/economy/2024/09/26/breitbart-business-digest-kamala-harris-attempts-to-lie-her-way-into-the-presidency/,Breitbart Business Digest: Kamala Harris Attempts to Lie Her Way ...,"Sep 26, 2024 ... President Joe Biden and Vice President Kamala Harris took control of the White House by campaigning on lies about the state of the economy under Donald Trump.",2024-09-26
8,https://www.breitbart.com/2024-election/2024/09/27/angel-moms-not-heard-kamala-harris-dont-matter/,Angel Moms Have Not Heard from Kamala Harris: 'It Seems Like We ...,"Sep 27, 2024 ... Angel Moms on Friday said they have never heard from Vice President Kamala Harris after their children were murdered by illegal aliens or poisoned by fentanyl.",2024-09-27
9,https://www.breitbart.com/2024-election/2024/09/23/trump-harris-will-prevent-fracking-pennsylvania-destroying-energy-jobs/,Donald Trump: Kamala Harris Will Prevent Fracking in Pennsylvania ...,"Sep 23, 2024 ... Trump emphasized that if Vice President Kamala Harris is elected president, then energy jobs in the state will be destroyed. “Thank you very much, Nick. That's ...",2024-09-23
10,https://www.breitbart.com/entertainment/2024/09/23/jane-fonda-campaigns-for-kamala-harris-on-goal-of-slashing-fossil-fuels-by-half/,Jane Fonda Campaigns for Kamala Harris on Goal of Slashing ...,"Sep 23, 2024 ... Hollywood star Jane Fonda is hitting the campaign trail for Kamala Harris on the belief that the Harris-Walz ticket will slash fossil fuels by half in order ...",2024-09-23
11,https://www.breitbart.com/politics/2024/09/28/exclusive-sen-ted-budd-harris-democrats-want-problems-to-get-worse-so-government-can-increase-power/,"Sen. Ted Budd: Harris, Democrats 'Want Problems to Get Worse'","Sep 28, 2024 ... Donald Trump is campaigning hard in North Carolina and will win the state again, despite Vice President Kamala Harris's gaslighting and the Biden-Harris ...",2024-09-28
12,https://www.breitbart.com/europe/2024/09/23/ukraines-zelensky-to-present-victory-plan-to-biden-harris-and-trump/,"Ukraine's Zelensky to Present 'Victory Plan' to Biden, Harris, and ...","Sep 23, 2024 ... Zelensky will present his proposals for ""victory"" to President Joe Biden, as well as presidential hopefuls Kamala Harris and Donald Trump.",2024-09-23
13,https://www.breitbart.com/entertainment/2024/09/28/nbc-news-kamala-harriss-celebrity-heavy-campaign-creates-troubling-criticism-democrats-cater-to-hollywood-not-average-americans/,NBC News: Kamala Harris's Celeb-Heavy Campaign Could Hurt ...,"Sep 28, 2024 ... Hollywood celebrities are lining up to endorse Kamala Harris in the final stretch of the election cycle, providing her campaign with an abundance of free ...",2024-09-28
14,https://www.breitbart.com/entertainment/2024/09/29/snl-jokes-about-deadly-trump-assassination-attempt-disgusting/,'SNL' Jokes About Deadly Trump Assassination Attempt: 'Disgusting',"Sep 29, 2024 ... “Saturday Night Live” began its 50th season with a parade of former co-stars, including Maya Rudolph as Vice President Kamala Harris, Andy Samberg as her ...",2024-09-29
15,https://www.breitbart.com/2024-election/2024/09/29/donald-trump-joe-biden-became-mentally-impaired-kamala-born-that-way/,"Trump: 'Biden Became Mentally Impaired, Kamala Was Born that Way'","Sep 29, 2024 ... Vice President Kamala Harris was born “mentally impaired,” former President Donald Trump said Saturday in Wisconsin, mocking his political opponent.",2024-09-29
16,https://www.breitbart.com/2024-election/2024/09/26/house-oversight-committee-investigates-zelenskys-taxpayer-funded-trip-pennsylvania/,House Oversight Committee Probes into Zelensky's 'Taxpayer ...,"Sep 26, 2024 ... ... Kamala Harris to win.' The Committee seeks to determine whether the Biden-Harris Administration attempted to use a foreign leader to benefit Vice President ...",2024-09-26
17,https://www.breitbart.com/tag/douglas-emhoff/,Douglas Emhoff Articles - Breitbart,"Sep 26, 2024 ... Doug Emhoff, husband of Vice President Kamala Harris, speaks at Union Station in Raleigh, Jewish Groups Blast Biden's Anitsemitism Strategy.",2024-09-26
18,https://www.breitbart.com/politics/2024/09/28/tim-walz-booed-outside-of-michigan-minnnesota-football-game/,Tim Walz Booed Outside of Michigan-Minnnesota Football Game,"Sep 28, 2024 ... In a video posted to TikTok, University of Michigan fans could be heard loudly booing at Walz, the vice presidential candidate and runningmate of Kamala Harris.",2024-09-28
19,https://www.breitbart.com/clips/2024/09/24/cnns-phillip-harris-is-trying-to-float-above-the-immigration-arguments-and-some-details-on-immigration/,CNN's Phillip: Harris Is Trying 'To Float Above the Immigration ...,"Sep 24, 2024 ... On Monday's broadcast of ""CNN NewsNight,"" host Abby Phillip said that the campaign of 2024 Democratic presidential candidate Vice President Kamala Harris ...",2024-09-24
20,https://www.breitbart.com/politics/2024/09/30/walzs-alleged-ties-chinese-communist-party-deepen-eve-debate-with-vance/,Walz's Alleged Ties to Chinese Communist Party Deepen Before ...,"Sep 30, 2024 ... ... Kamala Harris. “In particular, if a state governor and major political party's nominee for Vice President of the United States has been a witting or ...",2024-09-30
21,https://www.breitbart.com/tag/prescription-drugs/,prescription drugs Articles - Breitbart,"Sep 27, 2024 ... President Joe Biden and Vice President Kamala Harris walk along the West Colonnade of the. Exclusive–Former Trump Admin Official: Biden-Harris Drug Price ...",2024-09-27
22,https://www.breitbart.com/clips/2024/09/28/msnbcs-hayes-harris-revived-path-to-citizenship-push-that-has-been-annihilated/,MSNBC's Hayes: Harris Revived Path to Citizenship Push That 'Has ...,"Sep 28, 2024 ... Host Chris Hayes stated that 2024 Democratic presidential candidate Vice President Kamala Harris' speech at the border revived the push for a pathway to ...",2024-09-28
23,https://www.breitbart.com/tag/robert-davi/,Robert Davi Articles - Breitbart,"Sep 22, 2024 ... INDIANAPOLIS, INDIANA - JULY 24: Vice President Kamala Harris speaks to the Zeta Phi · Exclusive – Robert Davi Plays Strong, Defiant Jewish Leader in ...",2024-09-22
24,https://www.breitbart.com/tag/chelsea-clinton/,Chelsea Clinton Articles - Breitbart,"Sep 24, 2024 ... Guest host Chelsea Clinton said Thursday on ABC's “The View” that former President Donald Trump was “scared” of Vice President Kamala Harris after their debate.",2024-09-24
25,https://www.breitbart.com/tag/xavier-becerra/,Xavier Becerra Articles - Breitbart,"Sep 26, 2024 ... Kamala Harris Claims Most People Need Coronavirus Shot 'Once a Year,' Contradicting Public Health Officials. Vice President Kamala Harris is seemingly ...",2024-09-26
26,https://www.breitbart.com/tag/gender-politics/,gender politics Articles - Breitbart,"Sep 26, 2024 ... AP-NORC Poll: Democrats More Likely to See Kamala Harris's Gender as a Liability than They Were with Clinton ... Kamala Harris · Labour Party Plans to ...",2024-09-26
27,https://www.breitbart.com/politics/2024/09/24/harris-co-chair-people-misremember-how-strong-our-recovery-has-been/,Harris Co-Chair: People 'Misremember' How 'Strong' Our Recovery ...,"Sep 24, 2024 ... On Tuesday's broadcast of CNBC's ""Squawk Box,"" Harris-Walz Co-Chair Sen. Chris Coons (D-DE) stated that if you ask people if they're better off than they ...",2024-09-24
28,https://www.breitbart.com/politics/2024/09/27/exclusive-deloitte-consultant-behind-ethically-questionable-leak-of-jd-vance-communications-to-washington-post/,Exclusive — Deloitte Consultant Behind Ethically Questionable ...,"Sep 27, 2024 ... ... order to boost the failing Kamala Harris campaign.” 2024 Election · Politics · Deloitte · Exclusive 2024 Elections · JD Vance · Media Bias · On the Hill ...",2024-09-27
29,https://www.breitbart.com/europe/2024/09/25/ukraine-tells-u-n-russia-must-be-forced-into-peace/,Zelensky Tells U.N. Russia Must be 'Forced Into Peace',"Sep 25, 2024 ... As well as the U.S. President, Zelensky also visited a U.S. munitions factory making shells for the war and is due to speak with Kamala Harris and Donald Trump, ...",2024-09-25
